2026-05-15T17:35:16.990-0600 [INFO]  Terraform version: 1.14.8
2026-05-15T17:35:16.990-0600 [DEBUG] using github.com/hashicorp/go-tfe v1.94.0
2026-05-15T17:35:16.990-0600 [DEBUG] using github.com/hashicorp/hcl/v2 v2.24.0
2026-05-15T17:35:16.990-0600 [DEBUG] using github.com/hashicorp/terraform-svchost v0.1.1
2026-05-15T17:35:16.990-0600 [DEBUG] using github.com/zclconf/go-cty v1.16.3
2026-05-15T17:35:16.990-0600 [INFO]  Go runtime version: go1.25.8
2026-05-15T17:35:16.990-0600 [INFO]  CLI args: []string{"terraform", "apply", "-auto-approve"}
2026-05-15T17:35:16.990-0600 [DEBUG] Attempting to open CLI config file: /home/julianrgx/.terraformrc
2026-05-15T17:35:16.990-0600 [DEBUG] File doesn't exist, but doesn't need to. Ignoring.
2026-05-15T17:35:16.990-0600 [DEBUG] ignoring non-existing provider search directory terraform.d/plugins
2026-05-15T17:35:16.990-0600 [DEBUG] ignoring non-existing provider search directory /home/julianrgx/.terraform.d/plugins
2026-05-15T17:35:16.990-0600 [DEBUG] ignoring non-existing provider search directory /home/julianrgx/.local/share/terraform/plugins
2026-05-15T17:35:16.990-0600 [DEBUG] ignoring non-existing provider search directory /usr/share/ubuntu/terraform/plugins
2026-05-15T17:35:16.990-0600 [DEBUG] ignoring non-existing provider search directory /usr/share/gnome/terraform/plugins
2026-05-15T17:35:16.990-0600 [DEBUG] ignoring non-existing provider search directory /home/julianrgx/.local/share/flatpak/exports/share/terraform/plugins
2026-05-15T17:35:16.990-0600 [DEBUG] ignoring non-existing provider search directory /var/lib/flatpak/exports/share/terraform/plugins
2026-05-15T17:35:16.990-0600 [DEBUG] ignoring non-existing provider search directory /usr/local/share/terraform/plugins
2026-05-15T17:35:16.990-0600 [DEBUG] ignoring non-existing provider search directory /usr/share/terraform/plugins
2026-05-15T17:35:16.990-0600 [DEBUG] ignoring non-existing provider search directory /var/lib/snapd/desktop/terraform/plugins
2026-05-15T17:35:16.991-0600 [INFO]  CLI command args: []string{"apply", "-auto-approve"}
2026-05-15T17:35:17.422-0600 [DEBUG] checking for provisioner in "."
2026-05-15T17:35:17.422-0600 [DEBUG] checking for provisioner in "/home/linuxbrew/.linuxbrew/Cellar/terraform/1.14.8/bin"
2026-05-15T17:35:17.423-0600 [INFO]  backend/local: starting Apply operation
2026-05-15T17:35:17.424-0600 [DEBUG] created provider logger: level=debug
2026-05-15T17:35:17.424-0600 [INFO]  provider: configuring client automatic mTLS
2026-05-15T17:35:17.435-0600 [DEBUG] provider: starting plugin: path=.terraform/providers/registry.terraform.io/hashicorp/aws/5.100.0/linux_amd64/terraform-provider-aws_v5.100.0_x5 args=[".terraform/providers/registry.terraform.io/hashicorp/aws/5.100.0/linux_amd64/terraform-provider-aws_v5.100.0_x5"]
2026-05-15T17:35:17.435-0600 [DEBUG] provider: plugin started: path=.terraform/providers/registry.terraform.io/hashicorp/aws/5.100.0/linux_amd64/terraform-provider-aws_v5.100.0_x5 pid=12091
2026-05-15T17:35:17.435-0600 [DEBUG] provider: waiting for RPC address: plugin=.terraform/providers/registry.terraform.io/hashicorp/aws/5.100.0/linux_amd64/terraform-provider-aws_v5.100.0_x5
2026-05-15T17:35:17.523-0600 [DEBUG] provider.terraform-provider-aws_v5.100.0_x5: Starting github.com/hashicorp/terraform-provider-aws@5.100.0 (go1.23.10)...
2026-05-15T17:35:17.523-0600 [DEBUG] provider.terraform-provider-aws_v5.100.0_x5: Initializing Terraform AWS Provider...
2026-05-15T17:35:17.556-0600 [INFO]  provider.terraform-provider-aws_v5.100.0_x5: configuring server automatic mTLS: timestamp=2026-05-15T17:35:17.556-0600
2026-05-15T17:35:17.568-0600 [DEBUG] provider: using plugin: version=5
2026-05-15T17:35:17.568-0600 [DEBUG] provider.terraform-provider-aws_v5.100.0_x5: plugin address: address=/tmp/plugin658771089 network=unix timestamp=2026-05-15T17:35:17.568-0600
2026-05-15T17:35:18.432-0600 [DEBUG] provider.stdio: received EOF, stopping recv loop: err="rpc error: code = Unavailable desc = error reading from server: EOF"
2026-05-15T17:35:18.447-0600 [INFO]  provider: plugin process exited: plugin=.terraform/providers/registry.terraform.io/hashicorp/aws/5.100.0/linux_amd64/terraform-provider-aws_v5.100.0_x5 id=12091
2026-05-15T17:35:18.448-0600 [DEBUG] provider: plugin exited
2026-05-15T17:35:18.448-0600 [DEBUG] Building and walking validate graph
2026-05-15T17:35:18.449-0600 [DEBUG] ProviderTransformer: "aws_iam_role_policy.eventbridge_policy" (*terraform.NodeValidatableResource) needs provider["registry.terraform.io/hashicorp/aws"]
2026-05-15T17:35:18.449-0600 [DEBUG] ProviderTransformer: "aws_cloudwatch_event_target.step_functions" (*terraform.NodeValidatableResource) needs provider["registry.terraform.io/hashicorp/aws"]
2026-05-15T17:35:18.449-0600 [DEBUG] ProviderTransformer: "aws_iam_role.eventbridge_role" (*terraform.NodeValidatableResource) needs provider["registry.terraform.io/hashicorp/aws"]
2026-05-15T17:35:18.449-0600 [DEBUG] ProviderTransformer: "aws_s3_bucket_notification.raw_bucket_notifications" (*terraform.NodeValidatableResource) needs provider["registry.terraform.io/hashicorp/aws"]
2026-05-15T17:35:18.449-0600 [DEBUG] ProviderTransformer: "module.storage.aws_s3_bucket.code" (*terraform.NodeValidatableResource) needs provider["registry.terraform.io/hashicorp/aws"]
2026-05-15T17:35:18.449-0600 [DEBUG] ProviderTransformer: "aws_cloudwatch_event_rule.s3_raw_upload" (*terraform.NodeValidatableResource) needs provider["registry.terraform.io/hashicorp/aws"]
2026-05-15T17:35:18.449-0600 [DEBUG] ProviderTransformer: "module.data_eng.aws_iam_role_policy.glue_job_policy" (*terraform.NodeValidatableResource) needs provider["registry.terraform.io/hashicorp/aws"]
2026-05-15T17:35:18.449-0600 [DEBUG] ProviderTransformer: "module.data_eng.aws_iam_role_policy.glue_crawler_policy" (*terraform.NodeValidatableResource) needs provider["registry.terraform.io/hashicorp/aws"]
2026-05-15T17:35:18.449-0600 [DEBUG] ProviderTransformer: "module.data_eng.aws_iam_role.glue_crawler_role" (*terraform.NodeValidatableResource) needs provider["registry.terraform.io/hashicorp/aws"]
2026-05-15T17:35:18.449-0600 [DEBUG] ProviderTransformer: "module.data_eng.aws_glue_catalog_database.main" (*terraform.NodeValidatableResource) needs provider["registry.terraform.io/hashicorp/aws"]
2026-05-15T17:35:18.449-0600 [DEBUG] ProviderTransformer: "aws_sfn_state_machine.etl_orchestration" (*terraform.NodeValidatableResource) needs provider["registry.terraform.io/hashicorp/aws"]
2026-05-15T17:35:18.449-0600 [DEBUG] ProviderTransformer: "aws_iam_role.step_functions_role" (*terraform.NodeValidatableResource) needs provider["registry.terraform.io/hashicorp/aws"]
2026-05-15T17:35:18.449-0600 [DEBUG] ProviderTransformer: "aws_cloudwatch_log_group.step_functions" (*terraform.NodeValidatableResource) needs provider["registry.terraform.io/hashicorp/aws"]
2026-05-15T17:35:18.449-0600 [DEBUG] ProviderTransformer: "module.data_eng.aws_glue_crawler.raw_crawler" (*terraform.NodeValidatableResource) needs provider["registry.terraform.io/hashicorp/aws"]
2026-05-15T17:35:18.449-0600 [DEBUG] ProviderTransformer: "aws_iam_role_policy.step_functions_policy" (*terraform.NodeValidatableResource) needs provider["registry.terraform.io/hashicorp/aws"]
2026-05-15T17:35:18.449-0600 [DEBUG] ProviderTransformer: "module.storage.aws_s3_bucket.raw" (*terraform.NodeValidatableResource) needs provider["registry.terraform.io/hashicorp/aws"]
2026-05-15T17:35:18.449-0600 [DEBUG] ProviderTransformer: "module.storage.aws_s3_bucket.processed" (*terraform.NodeValidatableResource) needs provider["registry.terraform.io/hashicorp/aws"]
2026-05-15T17:35:18.449-0600 [DEBUG] ProviderTransformer: "module.data_eng.aws_iam_role.glue_job_role" (*terraform.NodeValidatableResource) needs provider["registry.terraform.io/hashicorp/aws"]
2026-05-15T17:35:18.449-0600 [DEBUG] ProviderTransformer: "module.data_eng.aws_glue_job.image_resize" (*terraform.NodeValidatableResource) needs provider["registry.terraform.io/hashicorp/aws"]
2026-05-15T17:35:18.449-0600 [DEBUG] ReferenceTransformer: "module.data_eng.aws_glue_catalog_database.main" references: [module.data_eng.var.project_name (expand) module.data_eng.var.environment (expand)]
2026-05-15T17:35:18.449-0600 [DEBUG] ReferenceTransformer: "module.data_eng (expand)" references: []
2026-05-15T17:35:18.449-0600 [DEBUG] ReferenceTransformer: "var.use_localstack" references: []
2026-05-15T17:35:18.449-0600 [DEBUG] ReferenceTransformer: "var.common_tags" references: []
2026-05-15T17:35:18.449-0600 [DEBUG] ReferenceTransformer: "var.project_name" references: []
2026-05-15T17:35:18.449-0600 [DEBUG] ReferenceTransformer: "module.data_eng.var.environment (expand)" references: [var.environment]
2026-05-15T17:35:18.449-0600 [DEBUG] ReferenceTransformer: "aws_cloudwatch_log_group.step_functions" references: [local.log_group (expand)]
2026-05-15T17:35:18.449-0600 [DEBUG] ReferenceTransformer: "module.data_eng.aws_glue_job.image_resize" references: [module.data_eng.var.project_name (expand) module.data_eng.var.environment (expand) module.data_eng.var.code_bucket_name (expand) module.data_eng.var.raw_bucket_name (expand) module.data_eng.var.processed_bucket_name (expand) module.data_eng.aws_iam_role.glue_job_role module.data_eng.var.code_bucket_name (expand)]
2026-05-15T17:35:18.449-0600 [DEBUG] ReferenceTransformer: "module.data_eng.aws_glue_crawler.raw_crawler" references: [module.data_eng.aws_iam_role.glue_crawler_role module.data_eng.aws_glue_catalog_database.main module.data_eng.var.project_name (expand) module.data_eng.var.environment (expand) module.data_eng.var.raw_bucket_name (expand)]
2026-05-15T17:35:18.449-0600 [DEBUG] ReferenceTransformer: "module.data_eng.var.processed_bucket_name (expand)" references: [var.project_name var.environment]
2026-05-15T17:35:18.449-0600 [DEBUG] ReferenceTransformer: "aws_sfn_state_machine.etl_orchestration" references: [aws_iam_role.step_functions_role local.crawler_name (expand) local.crawler_name (expand) local.job_name (expand) local.job_name (expand) var.project_name var.environment aws_cloudwatch_log_group.step_functions]
2026-05-15T17:35:18.450-0600 [DEBUG] ReferenceTransformer: "aws_s3_bucket_notification.raw_bucket_notifications" references: []
2026-05-15T17:35:18.450-0600 [DEBUG] ReferenceTransformer: "module.storage.aws_s3_bucket.raw" references: [module.storage.var.project_name (expand) module.storage.var.environment (expand)]
2026-05-15T17:35:18.450-0600 [DEBUG] ReferenceTransformer: "module.storage.aws_s3_bucket.code" references: [module.storage.var.project_name (expand) module.storage.var.environment (expand)]
2026-05-15T17:35:18.450-0600 [DEBUG] ReferenceTransformer: "var.environment" references: []
2026-05-15T17:35:18.450-0600 [DEBUG] ReferenceTransformer: "module.data_eng.var.raw_bucket_name (expand)" references: [var.project_name var.environment]
2026-05-15T17:35:18.450-0600 [DEBUG] ReferenceTransformer: "module.storage.var.environment (expand)" references: [var.environment]
2026-05-15T17:35:18.450-0600 [DEBUG] ReferenceTransformer: "local.job_name (expand)" references: [var.project_name var.environment]
2026-05-15T17:35:18.450-0600 [DEBUG] ReferenceTransformer: "aws_cloudwatch_event_rule.s3_raw_upload" references: [var.project_name var.environment]
2026-05-15T17:35:18.450-0600 [DEBUG] ReferenceTransformer: "module.storage.aws_s3_bucket.processed" references: [module.storage.var.project_name (expand) module.storage.var.environment (expand)]
2026-05-15T17:35:18.450-0600 [DEBUG] ReferenceTransformer: "module.storage (close)" references: []
2026-05-15T17:35:18.450-0600 [DEBUG] ReferenceTransformer: "module.data_eng.aws_iam_role.glue_job_role" references: [module.data_eng.var.project_name (expand) module.data_eng.var.environment (expand)]
2026-05-15T17:35:18.450-0600 [DEBUG] ReferenceTransformer: "module.data_eng.aws_iam_role_policy.glue_job_policy" references: [module.data_eng.var.project_name (expand) module.data_eng.var.environment (expand) module.data_eng.var.raw_bucket_name (expand) module.data_eng.var.raw_bucket_name (expand) module.data_eng.var.processed_bucket_name (expand) module.data_eng.var.processed_bucket_name (expand) module.data_eng.var.code_bucket_name (expand) module.data_eng.var.code_bucket_name (expand) module.data_eng.aws_iam_role.glue_job_role]
2026-05-15T17:35:18.450-0600 [DEBUG] ReferenceTransformer: "module.data_eng.aws_iam_role_policy.glue_crawler_policy" references: [module.data_eng.aws_iam_role.glue_crawler_role module.data_eng.var.project_name (expand) module.data_eng.var.environment (expand) module.data_eng.var.raw_bucket_name (expand) module.data_eng.var.raw_bucket_name (expand)]
2026-05-15T17:35:18.450-0600 [DEBUG] ReferenceTransformer: "module.storage.var.project_name (expand)" references: [var.project_name]
2026-05-15T17:35:18.450-0600 [DEBUG] ReferenceTransformer: "local.crawler_name (expand)" references: [var.project_name var.environment]
2026-05-15T17:35:18.450-0600 [DEBUG] ReferenceTransformer: "aws_iam_role.step_functions_role" references: [var.project_name var.environment]
2026-05-15T17:35:18.450-0600 [DEBUG] ReferenceTransformer: "module.data_eng.var.project_name (expand)" references: [var.project_name]
2026-05-15T17:35:18.450-0600 [DEBUG] ReferenceTransformer: "provider[\"registry.terraform.io/hashicorp/aws\"]" references: [var.aws_region var.use_localstack var.use_localstack var.use_localstack var.use_localstack var.use_localstack var.use_localstack var.use_localstack]
2026-05-15T17:35:18.450-0600 [DEBUG] ReferenceTransformer: "module.data_eng (close)" references: []
2026-05-15T17:35:18.450-0600 [DEBUG] ReferenceTransformer: "module.storage (expand)" references: []
2026-05-15T17:35:18.450-0600 [DEBUG] ReferenceTransformer: "aws_iam_role_policy.eventbridge_policy" references: [aws_iam_role.eventbridge_role var.project_name var.environment aws_sfn_state_machine.etl_orchestration]
2026-05-15T17:35:18.450-0600 [DEBUG] ReferenceTransformer: "var.aws_region" references: []
2026-05-15T17:35:18.450-0600 [DEBUG] ReferenceTransformer: "module.data_eng.var.code_bucket_name (expand)" references: [var.project_name var.environment]
2026-05-15T17:35:18.450-0600 [DEBUG] ReferenceTransformer: "local.log_group (expand)" references: [var.project_name var.environment]
2026-05-15T17:35:18.450-0600 [DEBUG] ReferenceTransformer: "aws_iam_role.eventbridge_role" references: [var.project_name var.environment]
2026-05-15T17:35:18.450-0600 [DEBUG] ReferenceTransformer: "aws_iam_role_policy.step_functions_policy" references: [var.project_name var.environment local.crawler_name (expand) local.job_name (expand) aws_iam_role.step_functions_role]
2026-05-15T17:35:18.450-0600 [DEBUG] ReferenceTransformer: "aws_cloudwatch_event_target.step_functions" references: [aws_sfn_state_machine.etl_orchestration aws_cloudwatch_event_rule.s3_raw_upload aws_iam_role.eventbridge_role]
2026-05-15T17:35:18.450-0600 [DEBUG] ReferenceTransformer: "module.data_eng.aws_iam_role.glue_crawler_role" references: [module.data_eng.var.project_name (expand) module.data_eng.var.environment (expand)]
2026-05-15T17:35:18.451-0600 [DEBUG] Starting graph walk: walkValidate
2026-05-15T17:35:18.451-0600 [DEBUG] created provider logger: level=debug
2026-05-15T17:35:18.451-0600 [INFO]  provider: configuring client automatic mTLS
2026-05-15T17:35:18.455-0600 [DEBUG] provider: starting plugin: path=.terraform/providers/registry.terraform.io/hashicorp/aws/5.100.0/linux_amd64/terraform-provider-aws_v5.100.0_x5 args=[".terraform/providers/registry.terraform.io/hashicorp/aws/5.100.0/linux_amd64/terraform-provider-aws_v5.100.0_x5"]
2026-05-15T17:35:18.455-0600 [DEBUG] provider: plugin started: path=.terraform/providers/registry.terraform.io/hashicorp/aws/5.100.0/linux_amd64/terraform-provider-aws_v5.100.0_x5 pid=12126
2026-05-15T17:35:18.455-0600 [DEBUG] provider: waiting for RPC address: plugin=.terraform/providers/registry.terraform.io/hashicorp/aws/5.100.0/linux_amd64/terraform-provider-aws_v5.100.0_x5
2026-05-15T17:35:18.536-0600 [DEBUG] provider.terraform-provider-aws_v5.100.0_x5: Starting github.com/hashicorp/terraform-provider-aws@5.100.0 (go1.23.10)...
2026-05-15T17:35:18.536-0600 [DEBUG] provider.terraform-provider-aws_v5.100.0_x5: Initializing Terraform AWS Provider...
2026-05-15T17:35:18.586-0600 [INFO]  provider.terraform-provider-aws_v5.100.0_x5: configuring server automatic mTLS: timestamp=2026-05-15T17:35:18.585-0600
2026-05-15T17:35:18.602-0600 [DEBUG] provider.terraform-provider-aws_v5.100.0_x5: plugin address: address=/tmp/plugin1473035204 network=unix timestamp=2026-05-15T17:35:18.602-0600
2026-05-15T17:35:18.602-0600 [DEBUG] provider: using plugin: version=5
2026-05-15T17:35:18.712-0600 [DEBUG] provider.stdio: received EOF, stopping recv loop: err="rpc error: code = Unavailable desc = error reading from server: EOF"
2026-05-15T17:35:18.721-0600 [INFO]  provider: plugin process exited: plugin=.terraform/providers/registry.terraform.io/hashicorp/aws/5.100.0/linux_amd64/terraform-provider-aws_v5.100.0_x5 id=12126
2026-05-15T17:35:18.723-0600 [DEBUG] provider: plugin exited
2026-05-15T17:35:18.723-0600 [INFO]  backend/local: apply calling Plan
2026-05-15T17:35:18.723-0600 [DEBUG] Building and walking plan graph for NormalMode
2026-05-15T17:35:18.723-0600 [DEBUG] ProviderTransformer: "aws_cloudwatch_log_group.step_functions (expand)" (*terraform.nodeExpandPlannableResource) needs provider["registry.terraform.io/hashicorp/aws"]
2026-05-15T17:35:18.724-0600 [DEBUG] ProviderTransformer: "module.data_eng.aws_iam_role_policy.glue_crawler_policy (expand)" (*terraform.nodeExpandPlannableResource) needs provider["registry.terraform.io/hashicorp/aws"]
2026-05-15T17:35:18.724-0600 [DEBUG] ProviderTransformer: "aws_iam_role.step_functions_role (expand)" (*terraform.nodeExpandPlannableResource) needs provider["registry.terraform.io/hashicorp/aws"]
2026-05-15T17:35:18.724-0600 [DEBUG] ProviderTransformer: "module.storage.aws_s3_bucket.processed (expand)" (*terraform.nodeExpandPlannableResource) needs provider["registry.terraform.io/hashicorp/aws"]
2026-05-15T17:35:18.724-0600 [DEBUG] ProviderTransformer: "module.data_eng.aws_glue_crawler.raw_crawler (expand)" (*terraform.nodeExpandPlannableResource) needs provider["registry.terraform.io/hashicorp/aws"]
2026-05-15T17:35:18.724-0600 [DEBUG] ProviderTransformer: "module.data_eng.aws_iam_role.glue_job_role (expand)" (*terraform.nodeExpandPlannableResource) needs provider["registry.terraform.io/hashicorp/aws"]
2026-05-15T17:35:18.724-0600 [DEBUG] ProviderTransformer: "module.data_eng.aws_glue_catalog_database.main (expand)" (*terraform.nodeExpandPlannableResource) needs provider["registry.terraform.io/hashicorp/aws"]
2026-05-15T17:35:18.724-0600 [DEBUG] ProviderTransformer: "aws_sfn_state_machine.etl_orchestration (expand)" (*terraform.nodeExpandPlannableResource) needs provider["registry.terraform.io/hashicorp/aws"]
2026-05-15T17:35:18.724-0600 [DEBUG] ProviderTransformer: "module.storage.aws_s3_bucket.code (expand)" (*terraform.nodeExpandPlannableResource) needs provider["registry.terraform.io/hashicorp/aws"]
2026-05-15T17:35:18.724-0600 [DEBUG] ProviderTransformer: "aws_iam_role_policy.eventbridge_policy (expand)" (*terraform.nodeExpandPlannableResource) needs provider["registry.terraform.io/hashicorp/aws"]
2026-05-15T17:35:18.724-0600 [DEBUG] ProviderTransformer: "aws_cloudwatch_event_rule.s3_raw_upload (expand)" (*terraform.nodeExpandPlannableResource) needs provider["registry.terraform.io/hashicorp/aws"]
2026-05-15T17:35:18.724-0600 [DEBUG] ProviderTransformer: "module.data_eng.aws_glue_job.image_resize (expand)" (*terraform.nodeExpandPlannableResource) needs provider["registry.terraform.io/hashicorp/aws"]
2026-05-15T17:35:18.724-0600 [DEBUG] ProviderTransformer: "aws_iam_role.eventbridge_role (expand)" (*terraform.nodeExpandPlannableResource) needs provider["registry.terraform.io/hashicorp/aws"]
2026-05-15T17:35:18.724-0600 [DEBUG] ProviderTransformer: "aws_s3_bucket_notification.raw_bucket_notifications (expand)" (*terraform.nodeExpandPlannableResource) needs provider["registry.terraform.io/hashicorp/aws"]
2026-05-15T17:35:18.724-0600 [DEBUG] ProviderTransformer: "aws_iam_role_policy.step_functions_policy (expand)" (*terraform.nodeExpandPlannableResource) needs provider["registry.terraform.io/hashicorp/aws"]
2026-05-15T17:35:18.724-0600 [DEBUG] ProviderTransformer: "module.storage.aws_s3_bucket.raw (expand)" (*terraform.nodeExpandPlannableResource) needs provider["registry.terraform.io/hashicorp/aws"]
2026-05-15T17:35:18.724-0600 [DEBUG] ProviderTransformer: "aws_cloudwatch_event_target.step_functions (expand)" (*terraform.nodeExpandPlannableResource) needs provider["registry.terraform.io/hashicorp/aws"]
2026-05-15T17:35:18.724-0600 [DEBUG] ProviderTransformer: "module.data_eng.aws_iam_role_policy.glue_job_policy (expand)" (*terraform.nodeExpandPlannableResource) needs provider["registry.terraform.io/hashicorp/aws"]
2026-05-15T17:35:18.724-0600 [DEBUG] ProviderTransformer: "module.data_eng.aws_iam_role.glue_crawler_role (expand)" (*terraform.nodeExpandPlannableResource) needs provider["registry.terraform.io/hashicorp/aws"]
2026-05-15T17:35:18.724-0600 [DEBUG] ReferenceTransformer: "aws_cloudwatch_log_group.step_functions (expand)" references: [local.log_group (expand)]
2026-05-15T17:35:18.724-0600 [DEBUG] ReferenceTransformer: "module.storage.var.project_name (expand)" references: [var.project_name]
2026-05-15T17:35:18.724-0600 [DEBUG] ReferenceTransformer: "provider[\"registry.terraform.io/hashicorp/aws\"]" references: [var.use_localstack var.use_localstack var.use_localstack var.use_localstack var.use_localstack var.use_localstack var.aws_region var.use_localstack]
2026-05-15T17:35:18.724-0600 [DEBUG] ReferenceTransformer: "module.data_eng.var.raw_bucket_name (expand)" references: [var.project_name var.environment]
2026-05-15T17:35:18.724-0600 [DEBUG] ReferenceTransformer: "aws_iam_role.eventbridge_role (expand)" references: [var.project_name var.environment]
2026-05-15T17:35:18.724-0600 [DEBUG] ReferenceTransformer: "aws_s3_bucket_notification.raw_bucket_notifications (expand)" references: []
2026-05-15T17:35:18.724-0600 [DEBUG] ReferenceTransformer: "aws_iam_role_policy.step_functions_policy (expand)" references: [var.project_name var.environment local.crawler_name (expand) local.job_name (expand) aws_iam_role.step_functions_role (expand)]
2026-05-15T17:35:18.725-0600 [DEBUG] ReferenceTransformer: "module.storage.aws_s3_bucket.code (expand)" references: [module.storage.var.project_name (expand) module.storage.var.environment (expand)]
2026-05-15T17:35:18.725-0600 [DEBUG] ReferenceTransformer: "module.storage.aws_s3_bucket.raw (expand)" references: [module.storage.var.project_name (expand) module.storage.var.environment (expand)]
2026-05-15T17:35:18.725-0600 [DEBUG] ReferenceTransformer: "aws_cloudwatch_event_target.step_functions (expand)" references: [aws_cloudwatch_event_rule.s3_raw_upload (expand) aws_iam_role.eventbridge_role (expand) aws_sfn_state_machine.etl_orchestration (expand)]
2026-05-15T17:35:18.725-0600 [DEBUG] ReferenceTransformer: "module.data_eng.aws_iam_role.glue_job_role (expand)" references: [module.data_eng.var.project_name (expand) module.data_eng.var.environment (expand)]
2026-05-15T17:35:18.725-0600 [DEBUG] ReferenceTransformer: "module.data_eng.aws_iam_role_policy.glue_crawler_policy (expand)" references: [module.data_eng.aws_iam_role.glue_crawler_role (expand) module.data_eng.var.project_name (expand) module.data_eng.var.environment (expand) module.data_eng.var.raw_bucket_name (expand) module.data_eng.var.raw_bucket_name (expand)]
2026-05-15T17:35:18.725-0600 [DEBUG] ReferenceTransformer: "module.data_eng.aws_glue_catalog_database.main (expand)" references: [module.data_eng.var.project_name (expand) module.data_eng.var.environment (expand)]
2026-05-15T17:35:18.725-0600 [DEBUG] ReferenceTransformer: "var.aws_region" references: []
2026-05-15T17:35:18.725-0600 [DEBUG] ReferenceTransformer: "var.project_name" references: []
2026-05-15T17:35:18.725-0600 [DEBUG] ReferenceTransformer: "local.log_group (expand)" references: [var.project_name var.environment]
2026-05-15T17:35:18.725-0600 [DEBUG] ReferenceTransformer: "module.data_eng (expand)" references: []
2026-05-15T17:35:18.725-0600 [DEBUG] ReferenceTransformer: "module.data_eng (close)" references: []
2026-05-15T17:35:18.725-0600 [DEBUG] ReferenceTransformer: "aws_sfn_state_machine.etl_orchestration (expand)" references: [aws_iam_role.step_functions_role (expand) local.crawler_name (expand) local.crawler_name (expand) local.job_name (expand) local.job_name (expand) var.project_name var.environment aws_cloudwatch_log_group.step_functions (expand)]
2026-05-15T17:35:18.725-0600 [DEBUG] ReferenceTransformer: "aws_iam_role_policy.eventbridge_policy (expand)" references: [var.project_name var.environment aws_sfn_state_machine.etl_orchestration (expand) aws_iam_role.eventbridge_role (expand)]
2026-05-15T17:35:18.725-0600 [DEBUG] ReferenceTransformer: "module.data_eng.aws_glue_job.image_resize (expand)" references: [module.data_eng.var.project_name (expand) module.data_eng.var.environment (expand) module.data_eng.var.code_bucket_name (expand) module.data_eng.var.raw_bucket_name (expand) module.data_eng.var.processed_bucket_name (expand) module.data_eng.aws_iam_role.glue_job_role (expand) module.data_eng.var.code_bucket_name (expand)]
2026-05-15T17:35:18.725-0600 [DEBUG] ReferenceTransformer: "module.data_eng.var.environment (expand)" references: [var.environment]
2026-05-15T17:35:18.725-0600 [DEBUG] ReferenceTransformer: "module.storage.var.environment (expand)" references: [var.environment]
2026-05-15T17:35:18.725-0600 [DEBUG] ReferenceTransformer: "var.use_localstack" references: []
2026-05-15T17:35:18.725-0600 [DEBUG] ReferenceTransformer: "var.common_tags" references: []
2026-05-15T17:35:18.725-0600 [DEBUG] ReferenceTransformer: "module.data_eng.var.project_name (expand)" references: [var.project_name]
2026-05-15T17:35:18.725-0600 [DEBUG] ReferenceTransformer: "aws_iam_role.step_functions_role (expand)" references: [var.project_name var.environment]
2026-05-15T17:35:18.725-0600 [DEBUG] ReferenceTransformer: "module.data_eng.aws_iam_role_policy.glue_job_policy (expand)" references: [module.data_eng.var.project_name (expand) module.data_eng.var.environment (expand) module.data_eng.var.raw_bucket_name (expand) module.data_eng.var.raw_bucket_name (expand) module.data_eng.var.processed_bucket_name (expand) module.data_eng.var.processed_bucket_name (expand) module.data_eng.var.code_bucket_name (expand) module.data_eng.var.code_bucket_name (expand) module.data_eng.aws_iam_role.glue_job_role (expand)]
2026-05-15T17:35:18.725-0600 [DEBUG] ReferenceTransformer: "module.storage.aws_s3_bucket.processed (expand)" references: [module.storage.var.project_name (expand) module.storage.var.environment (expand)]
2026-05-15T17:35:18.725-0600 [DEBUG] ReferenceTransformer: "local.job_name (expand)" references: [var.project_name var.environment]
2026-05-15T17:35:18.725-0600 [DEBUG] ReferenceTransformer: "aws_cloudwatch_event_rule.s3_raw_upload (expand)" references: [var.project_name var.environment]
2026-05-15T17:35:18.725-0600 [DEBUG] ReferenceTransformer: "module.data_eng.aws_glue_crawler.raw_crawler (expand)" references: [module.data_eng.aws_glue_catalog_database.main (expand) module.data_eng.var.project_name (expand) module.data_eng.var.environment (expand) module.data_eng.aws_iam_role.glue_crawler_role (expand) module.data_eng.var.raw_bucket_name (expand)]
2026-05-15T17:35:18.725-0600 [DEBUG] ReferenceTransformer: "module.data_eng.aws_iam_role.glue_crawler_role (expand)" references: [module.data_eng.var.project_name (expand) module.data_eng.var.environment (expand)]
2026-05-15T17:35:18.725-0600 [DEBUG] ReferenceTransformer: "var.environment" references: []
2026-05-15T17:35:18.725-0600 [DEBUG] ReferenceTransformer: "module.data_eng.var.processed_bucket_name (expand)" references: [var.project_name var.environment]
2026-05-15T17:35:18.725-0600 [DEBUG] ReferenceTransformer: "module.data_eng.var.code_bucket_name (expand)" references: [var.project_name var.environment]
2026-05-15T17:35:18.725-0600 [DEBUG] ReferenceTransformer: "local.crawler_name (expand)" references: [var.project_name var.environment]
2026-05-15T17:35:18.725-0600 [DEBUG] ReferenceTransformer: "module.storage (expand)" references: []
2026-05-15T17:35:18.725-0600 [DEBUG] ReferenceTransformer: "module.storage (close)" references: []
2026-05-15T17:35:18.726-0600 [DEBUG] Starting graph walk: walkPlan
2026-05-15T17:35:18.726-0600 [DEBUG] created provider logger: level=debug
2026-05-15T17:35:18.726-0600 [INFO]  provider: configuring client automatic mTLS
2026-05-15T17:35:18.731-0600 [DEBUG] provider: starting plugin: path=.terraform/providers/registry.terraform.io/hashicorp/aws/5.100.0/linux_amd64/terraform-provider-aws_v5.100.0_x5 args=[".terraform/providers/registry.terraform.io/hashicorp/aws/5.100.0/linux_amd64/terraform-provider-aws_v5.100.0_x5"]
2026-05-15T17:35:18.731-0600 [DEBUG] provider: plugin started: path=.terraform/providers/registry.terraform.io/hashicorp/aws/5.100.0/linux_amd64/terraform-provider-aws_v5.100.0_x5 pid=12144
2026-05-15T17:35:18.731-0600 [DEBUG] provider: waiting for RPC address: plugin=.terraform/providers/registry.terraform.io/hashicorp/aws/5.100.0/linux_amd64/terraform-provider-aws_v5.100.0_x5
2026-05-15T17:35:18.813-0600 [DEBUG] provider.terraform-provider-aws_v5.100.0_x5: Starting github.com/hashicorp/terraform-provider-aws@5.100.0 (go1.23.10)...
2026-05-15T17:35:18.813-0600 [DEBUG] provider.terraform-provider-aws_v5.100.0_x5: Initializing Terraform AWS Provider...
2026-05-15T17:35:18.843-0600 [INFO]  provider.terraform-provider-aws_v5.100.0_x5: configuring server automatic mTLS: timestamp=2026-05-15T17:35:18.843-0600
2026-05-15T17:35:18.855-0600 [DEBUG] provider: using plugin: version=5
2026-05-15T17:35:18.855-0600 [DEBUG] provider.terraform-provider-aws_v5.100.0_x5: plugin address: address=/tmp/plugin3551268435 network=unix timestamp=2026-05-15T17:35:18.855-0600
2026-05-15T17:35:18.945-0600 [DEBUG] provider.terraform-provider-aws_v5.100.0_x5: Configuring Terraform AWS Provider: tf_mux_provider="*schema.GRPCProviderServer" tf_req_id=26c31722-1631-94c0-191a-edfac55bef0e @caller=github.com/hashicorp/terraform-provider-aws/internal/conns/config.go:144 tf_provider_addr=registry.terraform.io/hashicorp/aws tf_rpc=ConfigureProvider @module=aws timestamp=2026-05-15T17:35:18.945-0600
2026-05-15T17:35:18.945-0600 [DEBUG] provider.terraform-provider-aws_v5.100.0_x5: Resolving credentials provider: tf_provider_addr=registry.terraform.io/hashicorp/aws tf_req_id=26c31722-1631-94c0-191a-edfac55bef0e tf_rpc=ConfigureProvider tf_mux_provider="*schema.GRPCProviderServer" @caller=github.com/hashicorp/aws-sdk-go-base/v2@v2.0.0-beta.65/logging/tf_logger.go:47 @module=aws.aws-base timestamp=2026-05-15T17:35:18.945-0600
2026-05-15T17:35:18.945-0600 [DEBUG] provider.terraform-provider-aws_v5.100.0_x5: Loading configuration: @module=aws.aws-base tf_mux_provider="*schema.GRPCProviderServer" tf_provider_addr=registry.terraform.io/hashicorp/aws @caller=github.com/hashicorp/aws-sdk-go-base/v2@v2.0.0-beta.65/logging/tf_logger.go:47 tf_req_id=26c31722-1631-94c0-191a-edfac55bef0e tf_rpc=ConfigureProvider timestamp=2026-05-15T17:35:18.945-0600
2026-05-15T17:35:18.946-0600 [DEBUG] provider.terraform-provider-aws_v5.100.0_x5: Retrieving credentials: @module=aws.aws-base tf_mux_provider="*schema.GRPCProviderServer" tf_provider_addr=registry.terraform.io/hashicorp/aws tf_req_id=26c31722-1631-94c0-191a-edfac55bef0e tf_rpc=ConfigureProvider @caller=github.com/hashicorp/aws-sdk-go-base/v2@v2.0.0-beta.65/logging/tf_logger.go:47 timestamp=2026-05-15T17:35:18.946-0600
2026-05-15T17:35:18.946-0600 [INFO]  provider.terraform-provider-aws_v5.100.0_x5: Retrieved credentials: @module=aws.aws-base tf_mux_provider="*schema.GRPCProviderServer" tf_provider_addr=registry.terraform.io/hashicorp/aws tf_req_id=26c31722-1631-94c0-191a-edfac55bef0e @caller=github.com/hashicorp/aws-sdk-go-base/v2@v2.0.0-beta.65/logging/tf_logger.go:39 tf_aws.credentials_source=EnvConfigCredentials tf_rpc=ConfigureProvider timestamp=2026-05-15T17:35:18.946-0600
2026-05-15T17:35:18.946-0600 [DEBUG] provider.terraform-provider-aws_v5.100.0_x5: Loading configuration: @module=aws.aws-base tf_mux_provider="*schema.GRPCProviderServer" tf_req_id=26c31722-1631-94c0-191a-edfac55bef0e tf_rpc=ConfigureProvider @caller=github.com/hashicorp/aws-sdk-go-base/v2@v2.0.0-beta.65/logging/tf_logger.go:47 tf_provider_addr=registry.terraform.io/hashicorp/aws timestamp=2026-05-15T17:35:18.946-0600
2026-05-15T17:35:18.946-0600 [DEBUG] provider.terraform-provider-aws_v5.100.0_x5: Creating AWS SDK v1 session: tf_rpc=ConfigureProvider @caller=github.com/hashicorp/terraform-provider-aws/internal/conns/config.go:168 @module=aws tf_mux_provider="*schema.GRPCProviderServer" tf_provider_addr=registry.terraform.io/hashicorp/aws tf_req_id=26c31722-1631-94c0-191a-edfac55bef0e timestamp=2026-05-15T17:35:18.946-0600
2026-05-15T17:35:18.946-0600 [DEBUG] provider.terraform-provider-aws_v5.100.0_x5: Retrieving AWS account details: tf_provider_addr=registry.terraform.io/hashicorp/aws tf_rpc=ConfigureProvider @caller=github.com/hashicorp/terraform-provider-aws/internal/conns/config.go:183 @module=aws tf_mux_provider="*schema.GRPCProviderServer" tf_req_id=26c31722-1631-94c0-191a-edfac55bef0e timestamp=2026-05-15T17:35:18.946-0600
2026-05-15T17:35:18.946-0600 [DEBUG] provider.terraform-provider-aws_v5.100.0_x5: Retrieving caller identity from STS: tf_mux_provider="*schema.GRPCProviderServer" tf_rpc=ConfigureProvider @module=aws.aws-base tf_provider_addr=registry.terraform.io/hashicorp/aws tf_req_id=26c31722-1631-94c0-191a-edfac55bef0e @caller=github.com/hashicorp/aws-sdk-go-base/v2@v2.0.0-beta.65/logging/tf_logger.go:47 timestamp=2026-05-15T17:35:18.946-0600
2026-05-15T17:35:18.947-0600 [DEBUG] provider.terraform-provider-aws_v5.100.0_x5: HTTP Request Sent: @caller=github.com/hashicorp/aws-sdk-go-base/v2@v2.0.0-beta.65/logging/tf_logger.go:47 http.request.header.amz_sdk_invocation_id=47970006-79ec-4434-b844-0d76a3db700c http.request.header.content_type=application/x-www-form-urlencoded tf_aws.signing_region="" tf_req_id=26c31722-1631-94c0-191a-edfac55bef0e tf_rpc=ConfigureProvider @module=aws.aws-base aws.region=us-east-1 http.request.header.x_amz_date=20260515T233518Z http.url=https://sts.us-east-1.amazonaws.com/ http.user_agent="APN/1.0 HashiCorp/1.0 Terraform/1.14.8 (+https://www.terraform.io) terraform-provider-aws/5.100.0 (+https://registry.terraform.io/providers/hashicorp/aws) aws-sdk-go-v2/1.36.3 ua/2.1 os/linux lang/go#1.23.10 md/GOOS#linux md/GOARCH#amd64 api/sts#1.33.20 m/g" net.peer.name=sts.us-east-1.amazonaws.com rpc.method=GetCallerIdentity http.method=POST http.request.header.amz_sdk_request="attempt=1; max=25" http.request.header.x_amz_security_token="*****" http.request_content_length=43 rpc.service=STS rpc.system=aws-api
  http.request.body=
  | Action=GetCallerIdentity&Version=2011-06-15
   http.request.header.authorization="AWS4-HMAC-SHA256 Credential=ASIA************3UTS/20260515/us-east-1/sts/aws4_request, SignedHeaders=amz-sdk-invocation-id;amz-sdk-request;content-length;content-type;host;x-amz-date;x-amz-security-token, Signature=*****" tf_aws.sdk=aws-sdk-go-v2 tf_mux_provider="*schema.GRPCProviderServer" tf_provider_addr=registry.terraform.io/hashicorp/aws timestamp=2026-05-15T17:35:18.947-0600
2026-05-15T17:35:19.413-0600 [DEBUG] provider.terraform-provider-aws_v5.100.0_x5: HTTP Response Received: http.duration=465
  http.response.body=
  | <GetCallerIdentityResponse xmlns="https://sts.amazonaws.com/doc/2011-06-15/">
  |   <GetCallerIdentityResult>
  |     <Arn>arn:aws:sts::979054355848:assumed-role/AWSReservedSSO_AdministratorAccess_f4e51615a0cc84f7/JulianRodriguez</Arn>
  |     <UserId>AROA*************2WWW:JulianRodriguez</UserId>
  |     <Account>979054355848</Account>
  |   </GetCallerIdentityResult>
  |   <ResponseMetadata>
  |     <RequestId>b5fed437-46e4-4c1f-8071-b769d9880100</RequestId>
  |   </ResponseMetadata>
  | </GetCallerIdentityResponse>
   http.response.header.x_amzn_requestid=b5fed437-46e4-4c1f-8071-b769d9880100 rpc.method=GetCallerIdentity rpc.service=STS tf_provider_addr=registry.terraform.io/hashicorp/aws http.status_code=200 @module=aws.aws-base aws.region=us-east-1 rpc.system=aws-api tf_req_id=26c31722-1631-94c0-191a-edfac55bef0e http.response.header.content_type=text/xml http.response_content_length=488 tf_mux_provider="*schema.GRPCProviderServer" tf_rpc=ConfigureProvider @caller=github.com/hashicorp/aws-sdk-go-base/v2@v2.0.0-beta.65/logging/tf_logger.go:47 http.response.header.date="Fri, 15 May 2026 23:35:19 GMT" http.response.header.x_amz_sts_extended_request_id=MTp1cy1lYXN0LTE6UzoxNzc4ODg4MTE5Mjg5OlI6R1oxMkU2Y1Q= tf_aws.sdk=aws-sdk-go-v2 tf_aws.signing_region="" timestamp=2026-05-15T17:35:19.413-0600
2026-05-15T17:35:19.413-0600 [INFO]  provider.terraform-provider-aws_v5.100.0_x5: Retrieved caller identity from STS: @module=aws.aws-base tf_provider_addr=registry.terraform.io/hashicorp/aws tf_req_id=26c31722-1631-94c0-191a-edfac55bef0e tf_mux_provider="*schema.GRPCProviderServer" tf_rpc=ConfigureProvider @caller=github.com/hashicorp/aws-sdk-go-base/v2@v2.0.0-beta.65/logging/tf_logger.go:39 timestamp=2026-05-15T17:35:19.413-0600
2026-05-15T17:35:19.414-0600 [DEBUG] Resource instance state not found for node "aws_iam_role.step_functions_role", instance aws_iam_role.step_functions_role
2026-05-15T17:35:19.414-0600 [DEBUG] ReferenceTransformer: "aws_iam_role.step_functions_role" references: []
2026-05-15T17:35:19.414-0600 [DEBUG] Resource instance state not found for node "aws_iam_role.eventbridge_role", instance aws_iam_role.eventbridge_role
2026-05-15T17:35:19.414-0600 [DEBUG] ReferenceTransformer: "aws_iam_role.eventbridge_role" references: []
2026-05-15T17:35:19.414-0600 [DEBUG] Resource instance state not found for node "module.storage.aws_s3_bucket.raw", instance module.storage.aws_s3_bucket.raw
2026-05-15T17:35:19.414-0600 [DEBUG] ReferenceTransformer: "module.storage.aws_s3_bucket.raw" references: []
2026-05-15T17:35:19.414-0600 [DEBUG] refresh: aws_iam_role.eventbridge_role: no state, so not refreshing
2026-05-15T17:35:19.414-0600 [DEBUG] Resource instance state not found for node "module.data_eng.aws_iam_role.glue_job_role", instance module.data_eng.aws_iam_role.glue_job_role
2026-05-15T17:35:19.415-0600 [DEBUG] ReferenceTransformer: "module.data_eng.aws_iam_role.glue_job_role" references: []
2026-05-15T17:35:19.415-0600 [DEBUG] Resource instance state not found for node "aws_s3_bucket_notification.raw_bucket_notifications", instance aws_s3_bucket_notification.raw_bucket_notifications
2026-05-15T17:35:19.415-0600 [DEBUG] refresh: aws_iam_role.step_functions_role: no state, so not refreshing
2026-05-15T17:35:19.415-0600 [DEBUG] ReferenceTransformer: "aws_s3_bucket_notification.raw_bucket_notifications" references: []
2026-05-15T17:35:19.415-0600 [DEBUG] refresh: module.storage.aws_s3_bucket.raw: no state, so not refreshing
2026-05-15T17:35:19.415-0600 [DEBUG] refresh: module.data_eng.aws_iam_role.glue_job_role: no state, so not refreshing
2026-05-15T17:35:19.415-0600 [DEBUG] Resource instance state not found for node "module.data_eng.aws_iam_role.glue_crawler_role", instance module.data_eng.aws_iam_role.glue_crawler_role
2026-05-15T17:35:19.415-0600 [DEBUG] ReferenceTransformer: "module.data_eng.aws_iam_role.glue_crawler_role" references: []
2026-05-15T17:35:19.415-0600 [DEBUG] Resource instance state not found for node "module.storage.aws_s3_bucket.processed", instance module.storage.aws_s3_bucket.processed
2026-05-15T17:35:19.415-0600 [DEBUG] ReferenceTransformer: "module.storage.aws_s3_bucket.processed" references: []
2026-05-15T17:35:19.415-0600 [DEBUG] refresh: module.data_eng.aws_iam_role.glue_crawler_role: no state, so not refreshing
2026-05-15T17:35:19.415-0600 [DEBUG] refresh: aws_s3_bucket_notification.raw_bucket_notifications: no state, so not refreshing
2026-05-15T17:35:19.415-0600 [DEBUG] refresh: module.storage.aws_s3_bucket.processed: no state, so not refreshing
2026-05-15T17:35:19.416-0600 [DEBUG] Resource instance state not found for node "aws_cloudwatch_log_group.step_functions", instance aws_cloudwatch_log_group.step_functions
2026-05-15T17:35:19.416-0600 [DEBUG] ReferenceTransformer: "aws_cloudwatch_log_group.step_functions" references: []
2026-05-15T17:35:19.416-0600 [DEBUG] Resource instance state not found for node "module.storage.aws_s3_bucket.code", instance module.storage.aws_s3_bucket.code
2026-05-15T17:35:19.416-0600 [DEBUG] ReferenceTransformer: "module.storage.aws_s3_bucket.code" references: []
2026-05-15T17:35:19.416-0600 [DEBUG] refresh: aws_cloudwatch_log_group.step_functions: no state, so not refreshing
2026-05-15T17:35:19.416-0600 [DEBUG] Resource instance state not found for node "aws_cloudwatch_event_rule.s3_raw_upload", instance aws_cloudwatch_event_rule.s3_raw_upload
2026-05-15T17:35:19.416-0600 [DEBUG] ReferenceTransformer: "aws_cloudwatch_event_rule.s3_raw_upload" references: []
2026-05-15T17:35:19.416-0600 [DEBUG] refresh: module.storage.aws_s3_bucket.code: no state, so not refreshing
2026-05-15T17:35:19.416-0600 [DEBUG] Resource instance state not found for node "module.data_eng.aws_glue_catalog_database.main", instance module.data_eng.aws_glue_catalog_database.main
2026-05-15T17:35:19.416-0600 [DEBUG] ReferenceTransformer: "module.data_eng.aws_glue_catalog_database.main" references: []
2026-05-15T17:35:19.416-0600 [DEBUG] refresh: aws_cloudwatch_event_rule.s3_raw_upload: no state, so not refreshing
2026-05-15T17:35:19.425-0600 [DEBUG] refresh: module.data_eng.aws_glue_catalog_database.main: no state, so not refreshing
2026-05-15T17:35:19.426-0600 [WARN]  Provider "registry.terraform.io/hashicorp/aws" produced an invalid plan for aws_cloudwatch_event_rule.s3_raw_upload, but we are tolerating it because it is using the legacy plugin SDK.
    The following problems may be the cause of any confusing errors from downstream operations:
      - .force_destroy: planned value cty.False for a non-computed attribute
      - .event_bus_name: planned value cty.StringVal("default") for a non-computed attribute
2026-05-15T17:35:19.426-0600 [WARN]  Provider "registry.terraform.io/hashicorp/aws" produced an invalid plan for module.data_eng.aws_iam_role.glue_crawler_role, but we are tolerating it because it is using the legacy plugin SDK.
    The following problems may be the cause of any confusing errors from downstream operations:
      - .force_detach_policies: planned value cty.False for a non-computed attribute
      - .max_session_duration: planned value cty.NumberIntVal(3600) for a non-computed attribute
      - .path: planned value cty.StringVal("/") for a non-computed attribute
      - .inline_policy: attribute representing nested block must not be unknown itself; set nested attribute values to unknown instead
2026-05-15T17:35:19.426-0600 [WARN]  Provider "registry.terraform.io/hashicorp/aws" produced an invalid plan for aws_cloudwatch_log_group.step_functions, but we are tolerating it because it is using the legacy plugin SDK.
    The following problems may be the cause of any confusing errors from downstream operations:
      - .skip_destroy: planned value cty.False for a non-computed attribute
2026-05-15T17:35:19.426-0600 [WARN]  Provider "registry.terraform.io/hashicorp/aws" produced an invalid plan for module.data_eng.aws_iam_role.glue_job_role, but we are tolerating it because it is using the legacy plugin SDK.
    The following problems may be the cause of any confusing errors from downstream operations:
      - .force_detach_policies: planned value cty.False for a non-computed attribute
      - .max_session_duration: planned value cty.NumberIntVal(3600) for a non-computed attribute
      - .path: planned value cty.StringVal("/") for a non-computed attribute
      - .inline_policy: attribute representing nested block must not be unknown itself; set nested attribute values to unknown instead
2026-05-15T17:35:19.426-0600 [WARN]  Provider "registry.terraform.io/hashicorp/aws" produced an invalid plan for aws_iam_role.step_functions_role, but we are tolerating it because it is using the legacy plugin SDK.
    The following problems may be the cause of any confusing errors from downstream operations:
      - .force_detach_policies: planned value cty.False for a non-computed attribute
      - .max_session_duration: planned value cty.NumberIntVal(3600) for a non-computed attribute
      - .path: planned value cty.StringVal("/") for a non-computed attribute
      - .inline_policy: attribute representing nested block must not be unknown itself; set nested attribute values to unknown instead
2026-05-15T17:35:19.426-0600 [DEBUG] Resource instance state not found for node "module.data_eng.aws_glue_job.image_resize", instance module.data_eng.aws_glue_job.image_resize
2026-05-15T17:35:19.426-0600 [DEBUG] ReferenceTransformer: "module.data_eng.aws_glue_job.image_resize" references: []
2026-05-15T17:35:19.426-0600 [WARN]  Provider "registry.terraform.io/hashicorp/aws" produced an invalid plan for aws_iam_role.eventbridge_role, but we are tolerating it because it is using the legacy plugin SDK.
    The following problems may be the cause of any confusing errors from downstream operations:
      - .force_detach_policies: planned value cty.False for a non-computed attribute
      - .max_session_duration: planned value cty.NumberIntVal(3600) for a non-computed attribute
      - .path: planned value cty.StringVal("/") for a non-computed attribute
      - .inline_policy: attribute representing nested block must not be unknown itself; set nested attribute values to unknown instead
2026-05-15T17:35:19.426-0600 [DEBUG] Resource instance state not found for node "module.data_eng.aws_iam_role_policy.glue_job_policy", instance module.data_eng.aws_iam_role_policy.glue_job_policy
2026-05-15T17:35:19.427-0600 [DEBUG] ReferenceTransformer: "module.data_eng.aws_iam_role_policy.glue_job_policy" references: []
2026-05-15T17:35:19.427-0600 [DEBUG] refresh: module.data_eng.aws_glue_job.image_resize: no state, so not refreshing
2026-05-15T17:35:19.427-0600 [DEBUG] Resource instance state not found for node "module.data_eng.aws_iam_role_policy.glue_crawler_policy", instance module.data_eng.aws_iam_role_policy.glue_crawler_policy
2026-05-15T17:35:19.427-0600 [DEBUG] ReferenceTransformer: "module.data_eng.aws_iam_role_policy.glue_crawler_policy" references: []
2026-05-15T17:35:19.427-0600 [DEBUG] refresh: module.data_eng.aws_iam_role_policy.glue_job_policy: no state, so not refreshing
2026-05-15T17:35:19.427-0600 [DEBUG] Resource instance state not found for node "aws_sfn_state_machine.etl_orchestration", instance aws_sfn_state_machine.etl_orchestration
2026-05-15T17:35:19.427-0600 [DEBUG] ReferenceTransformer: "aws_sfn_state_machine.etl_orchestration" references: []
2026-05-15T17:35:19.427-0600 [DEBUG] refresh: module.data_eng.aws_iam_role_policy.glue_crawler_policy: no state, so not refreshing
2026-05-15T17:35:19.427-0600 [DEBUG] Resource instance state not found for node "aws_iam_role_policy.step_functions_policy", instance aws_iam_role_policy.step_functions_policy
2026-05-15T17:35:19.427-0600 [DEBUG] ReferenceTransformer: "aws_iam_role_policy.step_functions_policy" references: []
2026-05-15T17:35:19.427-0600 [DEBUG] refresh: aws_sfn_state_machine.etl_orchestration: no state, so not refreshing
2026-05-15T17:35:19.427-0600 [WARN]  Provider "registry.terraform.io/hashicorp/aws" produced an invalid plan for module.data_eng.aws_glue_catalog_database.main, but we are tolerating it because it is using the legacy plugin SDK.
    The following problems may be the cause of any confusing errors from downstream operations:
      - .create_table_default_permission: attribute representing nested block must not be unknown itself; set nested attribute values to unknown instead
2026-05-15T17:35:19.427-0600 [DEBUG] Resource instance state not found for node "module.data_eng.aws_glue_crawler.raw_crawler", instance module.data_eng.aws_glue_crawler.raw_crawler
2026-05-15T17:35:19.428-0600 [DEBUG] ReferenceTransformer: "module.data_eng.aws_glue_crawler.raw_crawler" references: []
2026-05-15T17:35:19.428-0600 [DEBUG] refresh: aws_iam_role_policy.step_functions_policy: no state, so not refreshing
2026-05-15T17:35:19.428-0600 [DEBUG] refresh: module.data_eng.aws_glue_crawler.raw_crawler: no state, so not refreshing
2026-05-15T17:35:19.428-0600 [WARN]  Provider "registry.terraform.io/hashicorp/aws" produced an invalid plan for module.data_eng.aws_iam_role_policy.glue_job_policy, but we are tolerating it because it is using the legacy plugin SDK.
    The following problems may be the cause of any confusing errors from downstream operations:
      - .policy: planned value cty.StringVal("{\"Version\":\"2012-10-17\",\"Statement\":[{\"Action\":[\"logs:CreateLogGroup\",\"logs:CreateLogStream\",\"logs:PutLogEvents\"],\"Effect\":\"Allow\",\"Resource\":\"arn:aws:logs:*:*:*\"},{\"Action\":[\"s3:GetObject\",\"s3:PutObject\",\"s3:ListBucket\"],\"Effect\":\"Allow\",\"Resource\":[\"arn:aws:s3:::waste-classifier-dev-raw-v3\",\"arn:aws:s3:::waste-classifier-dev-raw-v3/*\",\"arn:aws:s3:::waste-classifier-dev-processed-v3\",\"arn:aws:s3:::waste-classifier-dev-processed-v3/*\",\"arn:aws:s3:::waste-classifier-dev-code-v3\",\"arn:aws:s3:::waste-classifier-dev-code-v3/*\"]}]}") does not match config value cty.StringVal("{\"Statement\":[{\"Action\":[\"logs:CreateLogGroup\",\"logs:CreateLogStream\",\"logs:PutLogEvents\"],\"Effect\":\"Allow\",\"Resource\":\"arn:aws:logs:*:*:*\"},{\"Action\":[\"s3:GetObject\",\"s3:PutObject\",\"s3:ListBucket\"],\"Effect\":\"Allow\",\"Resource\":[\"arn:aws:s3:::waste-classifier-dev-raw-v3\",\"arn:aws:s3:::waste-classifier-dev-raw-v3/*\",\"arn:aws:s3:::waste-classifier-dev-processed-v3\",\"arn:aws:s3:::waste-classifier-dev-processed-v3/*\",\"arn:aws:s3:::waste-classifier-dev-code-v3\",\"arn:aws:s3:::waste-classifier-dev-code-v3/*\"]}],\"Version\":\"2012-10-17\"}")
2026-05-15T17:35:19.428-0600 [WARN]  Provider "registry.terraform.io/hashicorp/aws" produced an invalid plan for module.data_eng.aws_iam_role_policy.glue_crawler_policy, but we are tolerating it because it is using the legacy plugin SDK.
    The following problems may be the cause of any confusing errors from downstream operations:
      - .policy: planned value cty.StringVal("{\"Version\":\"2012-10-17\",\"Statement\":[{\"Action\":[\"s3:GetObject\",\"s3:ListBucket\"],\"Effect\":\"Allow\",\"Resource\":[\"arn:aws:s3:::waste-classifier-dev-raw-v3\",\"arn:aws:s3:::waste-classifier-dev-raw-v3/*\"]},{\"Action\":[\"glue:GetDatabase\",\"glue:GetDatabases\",\"glue:CreateTable\",\"glue:GetTable\",\"glue:GetTables\",\"glue:UpdateTable\",\"glue:DeleteTable\",\"glue:BatchCreatePartition\",\"glue:CreatePartition\",\"glue:UpdatePartition\",\"glue:DeletePartition\",\"glue:GetPartition\",\"glue:GetPartitions\"],\"Effect\":\"Allow\",\"Resource\":\"*\"},{\"Action\":[\"logs:CreateLogGroup\",\"logs:CreateLogStream\",\"logs:PutLogEvents\"],\"Effect\":\"Allow\",\"Resource\":\"arn:aws:logs:*:*:*\"}]}") does not match config value cty.StringVal("{\"Statement\":[{\"Action\":[\"s3:GetObject\",\"s3:ListBucket\"],\"Effect\":\"Allow\",\"Resource\":[\"arn:aws:s3:::waste-classifier-dev-raw-v3\",\"arn:aws:s3:::waste-classifier-dev-raw-v3/*\"]},{\"Action\":[\"glue:GetDatabase\",\"glue:GetDatabases\",\"glue:CreateTable\",\"glue:GetTable\",\"glue:GetTables\",\"glue:UpdateTable\",\"glue:DeleteTable\",\"glue:BatchCreatePartition\",\"glue:CreatePartition\",\"glue:UpdatePartition\",\"glue:DeletePartition\",\"glue:GetPartition\",\"glue:GetPartitions\"],\"Effect\":\"Allow\",\"Resource\":\"*\"},{\"Action\":[\"logs:CreateLogGroup\",\"logs:CreateLogStream\",\"logs:PutLogEvents\"],\"Effect\":\"Allow\",\"Resource\":\"arn:aws:logs:*:*:*\"}],\"Version\":\"2012-10-17\"}")
2026-05-15T17:35:19.429-0600 [WARN]  Provider "registry.terraform.io/hashicorp/aws" produced an invalid plan for aws_iam_role_policy.step_functions_policy, but we are tolerating it because it is using the legacy plugin SDK.
    The following problems may be the cause of any confusing errors from downstream operations:
      - .policy: planned value cty.StringVal("{\"Version\":\"2012-10-17\",\"Statement\":[{\"Action\":[\"glue:StartCrawler\",\"glue:GetCrawler\",\"glue:StartJobRun\",\"glue:GetJobRun\"],\"Effect\":\"Allow\",\"Resource\":[\"arn:aws:glue:*:*:crawler/waste-classifier-dev-raw-crawler\",\"arn:aws:glue:*:*:job/waste-classifier-dev-image-resize\"]},{\"Action\":[\"logs:CreateLogDelivery\",\"logs:GetLogDelivery\",\"logs:UpdateLogDelivery\",\"logs:DeleteLogDelivery\",\"logs:ListLogDeliveries\",\"logs:PutResourcePolicy\",\"logs:DescribeResourcePolicies\",\"logs:DescribeLogGroups\"],\"Effect\":\"Allow\",\"Resource\":\"*\"}]}") does not match config value cty.StringVal("{\"Statement\":[{\"Action\":[\"glue:StartCrawler\",\"glue:GetCrawler\",\"glue:StartJobRun\",\"glue:GetJobRun\"],\"Effect\":\"Allow\",\"Resource\":[\"arn:aws:glue:*:*:crawler/waste-classifier-dev-raw-crawler\",\"arn:aws:glue:*:*:job/waste-classifier-dev-image-resize\"]},{\"Action\":[\"logs:CreateLogDelivery\",\"logs:GetLogDelivery\",\"logs:UpdateLogDelivery\",\"logs:DeleteLogDelivery\",\"logs:ListLogDeliveries\",\"logs:PutResourcePolicy\",\"logs:DescribeResourcePolicies\",\"logs:DescribeLogGroups\"],\"Effect\":\"Allow\",\"Resource\":\"*\"}],\"Version\":\"2012-10-17\"}")
2026-05-15T17:35:19.429-0600 [WARN]  Provider "registry.terraform.io/hashicorp/aws" produced an invalid plan for module.storage.aws_s3_bucket.code, but we are tolerating it because it is using the legacy plugin SDK.
    The following problems may be the cause of any confusing errors from downstream operations:
      - .website: attribute representing nested block must not be unknown itself; set nested attribute values to unknown instead
      - .logging: attribute representing nested block must not be unknown itself; set nested attribute values to unknown instead
      - .server_side_encryption_configuration: attribute representing nested block must not be unknown itself; set nested attribute values to unknown instead
      - .versioning: attribute representing nested block must not be unknown itself; set nested attribute values to unknown instead
      - .cors_rule: attribute representing nested block must not be unknown itself; set nested attribute values to unknown instead
      - .grant: attribute representing nested block must not be unknown itself; set nested attribute values to unknown instead
      - .lifecycle_rule: attribute representing nested block must not be unknown itself; set nested attribute values to unknown instead
      - .object_lock_configuration: attribute representing nested block must not be unknown itself; set nested attribute values to unknown instead
      - .replication_configuration: attribute representing nested block must not be unknown itself; set nested attribute values to unknown instead
2026-05-15T17:35:19.429-0600 [WARN]  Provider "registry.terraform.io/hashicorp/aws" produced an invalid plan for module.storage.aws_s3_bucket.processed, but we are tolerating it because it is using the legacy plugin SDK.
    The following problems may be the cause of any confusing errors from downstream operations:
      - .logging: attribute representing nested block must not be unknown itself; set nested attribute values to unknown instead
      - .server_side_encryption_configuration: attribute representing nested block must not be unknown itself; set nested attribute values to unknown instead
      - .versioning: attribute representing nested block must not be unknown itself; set nested attribute values to unknown instead
      - .cors_rule: attribute representing nested block must not be unknown itself; set nested attribute values to unknown instead
      - .grant: attribute representing nested block must not be unknown itself; set nested attribute values to unknown instead
      - .lifecycle_rule: attribute representing nested block must not be unknown itself; set nested attribute values to unknown instead
      - .object_lock_configuration: attribute representing nested block must not be unknown itself; set nested attribute values to unknown instead
      - .replication_configuration: attribute representing nested block must not be unknown itself; set nested attribute values to unknown instead
      - .website: attribute representing nested block must not be unknown itself; set nested attribute values to unknown instead
2026-05-15T17:35:19.430-0600 [WARN]  Provider "registry.terraform.io/hashicorp/aws" produced an invalid plan for module.storage.aws_s3_bucket.raw, but we are tolerating it because it is using the legacy plugin SDK.
    The following problems may be the cause of any confusing errors from downstream operations:
      - .logging: attribute representing nested block must not be unknown itself; set nested attribute values to unknown instead
      - .server_side_encryption_configuration: attribute representing nested block must not be unknown itself; set nested attribute values to unknown instead
      - .versioning: attribute representing nested block must not be unknown itself; set nested attribute values to unknown instead
      - .cors_rule: attribute representing nested block must not be unknown itself; set nested attribute values to unknown instead
      - .grant: attribute representing nested block must not be unknown itself; set nested attribute values to unknown instead
      - .lifecycle_rule: attribute representing nested block must not be unknown itself; set nested attribute values to unknown instead
      - .object_lock_configuration: attribute representing nested block must not be unknown itself; set nested attribute values to unknown instead
      - .replication_configuration: attribute representing nested block must not be unknown itself; set nested attribute values to unknown instead
      - .website: attribute representing nested block must not be unknown itself; set nested attribute values to unknown instead
2026-05-15T17:35:19.430-0600 [WARN]  Provider "registry.terraform.io/hashicorp/aws" produced an invalid plan for module.data_eng.aws_glue_job.image_resize, but we are tolerating it because it is using the legacy plugin SDK.
    The following problems may be the cause of any confusing errors from downstream operations:
      - .notification_property: attribute representing nested block must not be unknown itself; set nested attribute values to unknown instead
      - .execution_property: attribute representing nested block must not be unknown itself; set nested attribute values to unknown instead
2026-05-15T17:35:19.430-0600 [DEBUG] provider.terraform-provider-aws_v5.100.0_x5: HTTP Request Sent: http.request.header.x_amz_date=20260515T233519Z tf_req_id=92461b9d-efee-66ff-b839-f64f16aeaadb @module=aws http.request.header.amz_sdk_request="attempt=1; max=25" http.request.header.x_amz_security_token="*****" rpc.method=ValidateStateMachineDefinition tf_aws.sdk=aws-sdk-go-v2
  http.request.body=
  | {"definition":"{\"Comment\":\"Run Glue crawler, wait for catalog refresh, then run the Glue job\",\"StartAt\":\"StartCrawler\",\"States\":{\"CrawlerFailed\":{\"Cause\":\"Glue crawler did not succeed\",\"Error\":\"CrawlerFailed\",\"Type\":\"Fail\"},\"CrawlerFinished\":{\"Choices\":[{\"Next\":\"StartGlueJob\",\"StringEquals\":\"READY\",\"Variable\":\"$.CrawlerStatus.Crawler.State\"}],\"Default\":\"CrawlerFailed\",\"Type\":\"Choice\"},\"CrawlerRunning\":{\"Choices\":[{\"Next\":\"WaitForCrawler\",\"StringEquals\":\"RUNNING\",\"Variable\":\"$.CrawlerStatus.Crawler.State\"},{\"Next\":\"WaitForCrawler\",\"StringEquals\":\"STOPPING\",\"Variable\":\"$.CrawlerStatus.Crawler.State\"}],\"Default\":\"CrawlerFinished\",\"Type\":\"Choice\"},\"GetCrawlerStatus\":{\"Next\":\"CrawlerRunning\",\"Parameters\":{\"Name\":\"waste-classifier-dev-raw-crawler\"},\"Resource\":\"arn:aws:states:::aws-sdk:glue:getCrawler\",\"ResultPath\":\"$.CrawlerStatus\",\"Type\":\"Task\"},\"GetJobStatus\":{\"Next\":\"JobRunning\",\"Parameters\":{\"JobName\":\"waste-classifier-dev-image-resize\",\"PredecessorsIncluded\":false,\"RunId.$\":\"$.JobStart.JobRunId\"},\"Resource\":\"arn:aws:states:::aws-sdk:glue:getJobRun\",\"ResultPath\":\"$.JobStatus\",\"Type\":\"Task\"},\"JobFailed\":{\"Cause\":\"Glue job did not succeed\",\"Error\":\"JobFailed\",\"Type\":\"Fail\"},\"JobRunning\":{\"Choices\":[{\"Next\":\"WaitForJob\",\"StringEquals\":\"RUNNING\",\"Variable\":\"$.JobStatus.JobRun.JobRunState\"},{\"Next\":\"WaitForJob\",\"StringEquals\":\"STARTING\",\"Variable\":\"$.JobStatus.JobRun.JobRunState\"}],\"Default\":\"JobSucceeded\",\"Type\":\"Choice\"},\"JobSucceeded\":{\"Choices\":[{\"Next\":\"PipelineSucceeded\",\"StringEquals\":\"SUCCEEDED\",\"Variable\":\"$.JobStatus.JobRun.JobRunState\"}],\"Default\":\"JobFailed\",\"Type\":\"Choice\"},\"PipelineSucceeded\":{\"Type\":\"Succeed\"},\"StartCrawler\":{\"Next\":\"WaitForCrawler\",\"Parameters\":{\"Name\":\"waste-classifier-dev-raw-crawler\"},\"Resource\":\"arn:aws:states:::aws-sdk:glue:startCrawler\",\"ResultPath\":\"$.CrawlerStart\",\"Type\":\"Task\"},\"StartGlueJob\":{\"Next\":\"WaitForJob\",\"Parameters\":{\"JobName\":\"waste-classifier-dev-image-resize\"},\"Resource\":\"arn:aws:states:::aws-sdk:glue:startJobRun\",\"ResultPath\":\"$.JobStart\",\"Type\":\"Task\"},\"WaitForCrawler\":{\"Next\":\"GetCrawlerStatus\",\"Seconds\":30,\"Type\":\"Wait\"},\"WaitForJob\":{\"Next\":\"GetJobStatus\",\"Seconds\":60,\"Type\":\"Wait\"}}}","type":"STANDARD"}
  | [truncated...]
   http.request.header.x_amz_target=AWSStepFunctions.ValidateStateMachineDefinition tf_aws.signing_region="" tf_mux_provider="*schema.GRPCProviderServer" tf_provider_addr=registry.terraform.io/hashicorp/aws @caller=github.com/hashicorp/aws-sdk-go-base/v2@v2.0.0-beta.65/logging/tf_logger.go:45 http.request.header.amz_sdk_invocation_id=b153209e-f66b-4de4-b3a3-a6a98cbd6aa4 http.request.header.content_type=application/x-amz-json-1.0 rpc.service=SFN tf_resource_type=aws_sfn_state_machine http.url=https://states.us-east-1.amazonaws.com/ http.user_agent="APN/1.0 HashiCorp/1.0 Terraform/1.14.8 (+https://www.terraform.io) terraform-provider-aws/5.100.0 (+https://registry.terraform.io/providers/hashicorp/aws) aws-sdk-go-v2/1.36.3 ua/2.1 os/linux lang/go#1.23.10 md/GOOS#linux md/GOARCH#amd64 api/sfn#1.35.5 m/g" tf_rpc=PlanResourceChange aws.region=us-east-1 http.method=POST rpc.system=aws-api http.request.header.authorization="AWS4-HMAC-SHA256 Credential=ASIA************3UTS/20260515/us-east-1/states/aws4_request, SignedHeaders=amz-sdk-invocation-id;amz-sdk-request;content-length;content-type;host;x-amz-date;x-amz-security-token;x-amz-target, Signature=*****" http.request_content_length=2484 net.peer.name=states.us-east-1.amazonaws.com timestamp=2026-05-15T17:35:19.430-0600
2026-05-15T17:35:29.934-0600 [DEBUG] provider.terraform-provider-aws_v5.100.0_x5: HTTP Response Received:
  http.response.body=
  | {"diagnostics":[],"result":"OK","truncated":false}
   http.response.header.content_type=application/x-amz-json-1.0 tf_aws.sdk=aws-sdk-go-v2 tf_mux_provider="*schema.GRPCProviderServer" http.response.header.x_amzn_requestid=7cf952c7-3175-4073-a8ec-978a84b7bf19 tf_aws.signing_region="" tf_req_id=92461b9d-efee-66ff-b839-f64f16aeaadb tf_resource_type=aws_sfn_state_machine http.response.header.date="Fri, 15 May 2026 23:35:29 GMT" http.response_content_length=50 http.status_code=200 @module=aws http.response.header.connection=keep-alive rpc.method=ValidateStateMachineDefinition rpc.system=aws-api tf_rpc=PlanResourceChange @caller=github.com/hashicorp/aws-sdk-go-base/v2@v2.0.0-beta.65/logging/tf_logger.go:45 rpc.service=SFN tf_provider_addr=registry.terraform.io/hashicorp/aws aws.region=us-east-1 http.duration=10503 timestamp=2026-05-15T17:35:29.934-0600
2026-05-15T17:35:29.935-0600 [WARN]  Provider "registry.terraform.io/hashicorp/aws" produced an invalid plan for aws_sfn_state_machine.etl_orchestration, but we are tolerating it because it is using the legacy plugin SDK.
    The following problems may be the cause of any confusing errors from downstream operations:
      - .type: planned value cty.StringVal("STANDARD") for a non-computed attribute
      - .publish: planned value cty.False for a non-computed attribute
      - .tracing_configuration: attribute representing nested block must not be unknown itself; set nested attribute values to unknown instead
      - .encryption_configuration: attribute representing nested block must not be unknown itself; set nested attribute values to unknown instead
2026-05-15T17:35:29.935-0600 [DEBUG] Resource instance state not found for node "aws_iam_role_policy.eventbridge_policy", instance aws_iam_role_policy.eventbridge_policy
2026-05-15T17:35:29.935-0600 [DEBUG] ReferenceTransformer: "aws_iam_role_policy.eventbridge_policy" references: []
2026-05-15T17:35:29.936-0600 [DEBUG] Resource instance state not found for node "aws_cloudwatch_event_target.step_functions", instance aws_cloudwatch_event_target.step_functions
2026-05-15T17:35:29.936-0600 [DEBUG] ReferenceTransformer: "aws_cloudwatch_event_target.step_functions" references: []
2026-05-15T17:35:29.936-0600 [DEBUG] refresh: aws_iam_role_policy.eventbridge_policy: no state, so not refreshing
2026-05-15T17:35:29.936-0600 [DEBUG] refresh: aws_cloudwatch_event_target.step_functions: no state, so not refreshing
2026-05-15T17:35:29.938-0600 [WARN]  Provider "registry.terraform.io/hashicorp/aws" produced an invalid plan for aws_cloudwatch_event_target.step_functions, but we are tolerating it because it is using the legacy plugin SDK.
    The following problems may be the cause of any confusing errors from downstream operations:
      - .event_bus_name: planned value cty.StringVal("default") for a non-computed attribute
      - .force_destroy: planned value cty.False for a non-computed attribute
2026-05-15T17:35:29.938-0600 [DEBUG] provider.stdio: received EOF, stopping recv loop: err="rpc error: code = Unavailable desc = error reading from server: EOF"
2026-05-15T17:35:29.948-0600 [INFO]  provider: plugin process exited: plugin=.terraform/providers/registry.terraform.io/hashicorp/aws/5.100.0/linux_amd64/terraform-provider-aws_v5.100.0_x5 id=12144
2026-05-15T17:35:29.949-0600 [DEBUG] provider: plugin exited
2026-05-15T17:35:29.951-0600 [DEBUG] building apply graph to check for errors
2026-05-15T17:35:29.951-0600 [DEBUG] Resource state not found for node "module.data_eng.aws_iam_role_policy.glue_job_policy", instance module.data_eng.aws_iam_role_policy.glue_job_policy
2026-05-15T17:35:29.951-0600 [DEBUG] Resource state not found for node "module.data_eng.aws_glue_crawler.raw_crawler", instance module.data_eng.aws_glue_crawler.raw_crawler
2026-05-15T17:35:29.951-0600 [DEBUG] Resource state not found for node "aws_cloudwatch_event_rule.s3_raw_upload", instance aws_cloudwatch_event_rule.s3_raw_upload
2026-05-15T17:35:29.951-0600 [DEBUG] Resource state not found for node "aws_cloudwatch_log_group.step_functions", instance aws_cloudwatch_log_group.step_functions
2026-05-15T17:35:29.951-0600 [DEBUG] Resource state not found for node "aws_iam_role.eventbridge_role", instance aws_iam_role.eventbridge_role
2026-05-15T17:35:29.951-0600 [DEBUG] Resource state not found for node "module.storage.aws_s3_bucket.code", instance module.storage.aws_s3_bucket.code
2026-05-15T17:35:29.951-0600 [DEBUG] Resource state not found for node "module.data_eng.aws_glue_job.image_resize", instance module.data_eng.aws_glue_job.image_resize
2026-05-15T17:35:29.951-0600 [DEBUG] Resource state not found for node "aws_sfn_state_machine.etl_orchestration", instance aws_sfn_state_machine.etl_orchestration
2026-05-15T17:35:29.951-0600 [DEBUG] Resource state not found for node "aws_s3_bucket_notification.raw_bucket_notifications", instance aws_s3_bucket_notification.raw_bucket_notifications
2026-05-15T17:35:29.951-0600 [DEBUG] Resource state not found for node "module.data_eng.aws_iam_role.glue_crawler_role", instance module.data_eng.aws_iam_role.glue_crawler_role
2026-05-15T17:35:29.951-0600 [DEBUG] Resource state not found for node "module.data_eng.aws_iam_role_policy.glue_crawler_policy", instance module.data_eng.aws_iam_role_policy.glue_crawler_policy
2026-05-15T17:35:29.951-0600 [DEBUG] Resource state not found for node "aws_iam_role.step_functions_role", instance aws_iam_role.step_functions_role
2026-05-15T17:35:29.951-0600 [DEBUG] Resource state not found for node "module.data_eng.aws_iam_role.glue_job_role", instance module.data_eng.aws_iam_role.glue_job_role
2026-05-15T17:35:29.951-0600 [DEBUG] Resource state not found for node "module.data_eng.aws_glue_catalog_database.main", instance module.data_eng.aws_glue_catalog_database.main
2026-05-15T17:35:29.951-0600 [DEBUG] Resource state not found for node "aws_iam_role_policy.step_functions_policy", instance aws_iam_role_policy.step_functions_policy
2026-05-15T17:35:29.951-0600 [DEBUG] Resource state not found for node "module.storage.aws_s3_bucket.processed", instance module.storage.aws_s3_bucket.processed
2026-05-15T17:35:29.951-0600 [DEBUG] Resource state not found for node "module.storage.aws_s3_bucket.raw", instance module.storage.aws_s3_bucket.raw
2026-05-15T17:35:29.951-0600 [DEBUG] Resource state not found for node "aws_iam_role_policy.eventbridge_policy", instance aws_iam_role_policy.eventbridge_policy
2026-05-15T17:35:29.951-0600 [DEBUG] Resource state not found for node "aws_cloudwatch_event_target.step_functions", instance aws_cloudwatch_event_target.step_functions
2026-05-15T17:35:29.952-0600 [DEBUG] ProviderTransformer: "module.data_eng.aws_glue_crawler.raw_crawler (expand)" (*terraform.nodeExpandApplyableResource) needs provider["registry.terraform.io/hashicorp/aws"]
2026-05-15T17:35:29.952-0600 [DEBUG] ProviderTransformer: "aws_cloudwatch_event_target.step_functions" (*terraform.NodeApplyableResourceInstance) needs provider["registry.terraform.io/hashicorp/aws"]
2026-05-15T17:35:29.952-0600 [DEBUG] ProviderTransformer: "module.storage.aws_s3_bucket.code" (*terraform.NodeApplyableResourceInstance) needs provider["registry.terraform.io/hashicorp/aws"]
2026-05-15T17:35:29.952-0600 [DEBUG] ProviderTransformer: "aws_iam_role_policy.eventbridge_policy" (*terraform.NodeApplyableResourceInstance) needs provider["registry.terraform.io/hashicorp/aws"]
2026-05-15T17:35:29.952-0600 [DEBUG] ProviderTransformer: "module.data_eng.aws_iam_role_policy.glue_job_policy" (*terraform.NodeApplyableResourceInstance) needs provider["registry.terraform.io/hashicorp/aws"]
2026-05-15T17:35:29.952-0600 [DEBUG] ProviderTransformer: "aws_iam_role_policy.eventbridge_policy (expand)" (*terraform.nodeExpandApplyableResource) needs provider["registry.terraform.io/hashicorp/aws"]
2026-05-15T17:35:29.952-0600 [DEBUG] ProviderTransformer: "module.data_eng.aws_iam_role_policy.glue_job_policy (expand)" (*terraform.nodeExpandApplyableResource) needs provider["registry.terraform.io/hashicorp/aws"]
2026-05-15T17:35:29.952-0600 [DEBUG] ProviderTransformer: "module.data_eng.aws_glue_job.image_resize" (*terraform.NodeApplyableResourceInstance) needs provider["registry.terraform.io/hashicorp/aws"]
2026-05-15T17:35:29.952-0600 [DEBUG] ProviderTransformer: "aws_sfn_state_machine.etl_orchestration" (*terraform.NodeApplyableResourceInstance) needs provider["registry.terraform.io/hashicorp/aws"]
2026-05-15T17:35:29.952-0600 [DEBUG] ProviderTransformer: "module.data_eng.aws_iam_role.glue_job_role" (*terraform.NodeApplyableResourceInstance) needs provider["registry.terraform.io/hashicorp/aws"]
2026-05-15T17:35:29.952-0600 [DEBUG] ProviderTransformer: "aws_s3_bucket_notification.raw_bucket_notifications (expand)" (*terraform.nodeExpandApplyableResource) needs provider["registry.terraform.io/hashicorp/aws"]
2026-05-15T17:35:29.952-0600 [DEBUG] ProviderTransformer: "aws_iam_role.step_functions_role (expand)" (*terraform.nodeExpandApplyableResource) needs provider["registry.terraform.io/hashicorp/aws"]
2026-05-15T17:35:29.952-0600 [DEBUG] ProviderTransformer: "module.data_eng.aws_glue_catalog_database.main" (*terraform.NodeApplyableResourceInstance) needs provider["registry.terraform.io/hashicorp/aws"]
2026-05-15T17:35:29.952-0600 [DEBUG] ProviderTransformer: "module.storage.aws_s3_bucket.raw" (*terraform.NodeApplyableResourceInstance) needs provider["registry.terraform.io/hashicorp/aws"]
2026-05-15T17:35:29.952-0600 [DEBUG] ProviderTransformer: "module.data_eng.aws_glue_job.image_resize (expand)" (*terraform.nodeExpandApplyableResource) needs provider["registry.terraform.io/hashicorp/aws"]
2026-05-15T17:35:29.952-0600 [DEBUG] ProviderTransformer: "aws_cloudwatch_log_group.step_functions" (*terraform.NodeApplyableResourceInstance) needs provider["registry.terraform.io/hashicorp/aws"]
2026-05-15T17:35:29.952-0600 [DEBUG] ProviderTransformer: "aws_cloudwatch_log_group.step_functions (expand)" (*terraform.nodeExpandApplyableResource) needs provider["registry.terraform.io/hashicorp/aws"]
2026-05-15T17:35:29.952-0600 [DEBUG] ProviderTransformer: "module.storage.aws_s3_bucket.code (expand)" (*terraform.nodeExpandApplyableResource) needs provider["registry.terraform.io/hashicorp/aws"]
2026-05-15T17:35:29.952-0600 [DEBUG] ProviderTransformer: "module.storage.aws_s3_bucket.raw (expand)" (*terraform.nodeExpandApplyableResource) needs provider["registry.terraform.io/hashicorp/aws"]
2026-05-15T17:35:29.952-0600 [DEBUG] ProviderTransformer: "module.data_eng.aws_iam_role.glue_job_role (expand)" (*terraform.nodeExpandApplyableResource) needs provider["registry.terraform.io/hashicorp/aws"]
2026-05-15T17:35:29.952-0600 [DEBUG] ProviderTransformer: "module.data_eng.aws_glue_catalog_database.main (expand)" (*terraform.nodeExpandApplyableResource) needs provider["registry.terraform.io/hashicorp/aws"]
2026-05-15T17:35:29.952-0600 [DEBUG] ProviderTransformer: "aws_iam_role.step_functions_role" (*terraform.NodeApplyableResourceInstance) needs provider["registry.terraform.io/hashicorp/aws"]
2026-05-15T17:35:29.952-0600 [DEBUG] ProviderTransformer: "module.storage.aws_s3_bucket.processed" (*terraform.NodeApplyableResourceInstance) needs provider["registry.terraform.io/hashicorp/aws"]
2026-05-15T17:35:29.952-0600 [DEBUG] ProviderTransformer: "aws_cloudwatch_event_target.step_functions (expand)" (*terraform.nodeExpandApplyableResource) needs provider["registry.terraform.io/hashicorp/aws"]
2026-05-15T17:35:29.952-0600 [DEBUG] ProviderTransformer: "aws_sfn_state_machine.etl_orchestration (expand)" (*terraform.nodeExpandApplyableResource) needs provider["registry.terraform.io/hashicorp/aws"]
2026-05-15T17:35:29.952-0600 [DEBUG] ProviderTransformer: "module.storage.aws_s3_bucket.processed (expand)" (*terraform.nodeExpandApplyableResource) needs provider["registry.terraform.io/hashicorp/aws"]
2026-05-15T17:35:29.952-0600 [DEBUG] ProviderTransformer: "aws_s3_bucket_notification.raw_bucket_notifications" (*terraform.NodeApplyableResourceInstance) needs provider["registry.terraform.io/hashicorp/aws"]
2026-05-15T17:35:29.952-0600 [DEBUG] ProviderTransformer: "aws_iam_role_policy.step_functions_policy (expand)" (*terraform.nodeExpandApplyableResource) needs provider["registry.terraform.io/hashicorp/aws"]
2026-05-15T17:35:29.952-0600 [DEBUG] ProviderTransformer: "module.data_eng.aws_glue_crawler.raw_crawler" (*terraform.NodeApplyableResourceInstance) needs provider["registry.terraform.io/hashicorp/aws"]
2026-05-15T17:35:29.952-0600 [DEBUG] ProviderTransformer: "aws_cloudwatch_event_rule.s3_raw_upload (expand)" (*terraform.nodeExpandApplyableResource) needs provider["registry.terraform.io/hashicorp/aws"]
2026-05-15T17:35:29.952-0600 [DEBUG] ProviderTransformer: "module.data_eng.aws_iam_role_policy.glue_crawler_policy (expand)" (*terraform.nodeExpandApplyableResource) needs provider["registry.terraform.io/hashicorp/aws"]
2026-05-15T17:35:29.952-0600 [DEBUG] ProviderTransformer: "aws_cloudwatch_event_rule.s3_raw_upload" (*terraform.NodeApplyableResourceInstance) needs provider["registry.terraform.io/hashicorp/aws"]
2026-05-15T17:35:29.952-0600 [DEBUG] ProviderTransformer: "aws_iam_role.eventbridge_role" (*terraform.NodeApplyableResourceInstance) needs provider["registry.terraform.io/hashicorp/aws"]
2026-05-15T17:35:29.952-0600 [DEBUG] ProviderTransformer: "aws_iam_role.eventbridge_role (expand)" (*terraform.nodeExpandApplyableResource) needs provider["registry.terraform.io/hashicorp/aws"]
2026-05-15T17:35:29.952-0600 [DEBUG] ProviderTransformer: "module.data_eng.aws_iam_role.glue_crawler_role" (*terraform.NodeApplyableResourceInstance) needs provider["registry.terraform.io/hashicorp/aws"]
2026-05-15T17:35:29.952-0600 [DEBUG] ProviderTransformer: "module.data_eng.aws_iam_role_policy.glue_crawler_policy" (*terraform.NodeApplyableResourceInstance) needs provider["registry.terraform.io/hashicorp/aws"]
2026-05-15T17:35:29.952-0600 [DEBUG] ProviderTransformer: "module.data_eng.aws_iam_role.glue_crawler_role (expand)" (*terraform.nodeExpandApplyableResource) needs provider["registry.terraform.io/hashicorp/aws"]
2026-05-15T17:35:29.952-0600 [DEBUG] ProviderTransformer: "aws_iam_role_policy.step_functions_policy" (*terraform.NodeApplyableResourceInstance) needs provider["registry.terraform.io/hashicorp/aws"]
2026-05-15T17:35:29.952-0600 [DEBUG] ReferenceTransformer: "aws_iam_role.eventbridge_role (expand)" references: [var.project_name var.environment]
2026-05-15T17:35:29.952-0600 [DEBUG] ReferenceTransformer: "module.data_eng.aws_iam_role.glue_crawler_role" references: [module.data_eng.var.project_name (expand) module.data_eng.var.environment (expand)]
2026-05-15T17:35:29.952-0600 [DEBUG] ReferenceTransformer: "module.data_eng (expand)" references: []
2026-05-15T17:35:29.952-0600 [DEBUG] ReferenceTransformer: "module.storage (expand)" references: []
2026-05-15T17:35:29.952-0600 [DEBUG] ReferenceTransformer: "module.storage.aws_s3_bucket.raw (expand)" references: [module.storage.var.project_name (expand) module.storage.var.environment (expand)]
2026-05-15T17:35:29.952-0600 [DEBUG] ReferenceTransformer: "var.environment" references: []
2026-05-15T17:35:29.952-0600 [DEBUG] ReferenceTransformer: "module.data_eng.var.code_bucket_name (expand)" references: [var.project_name var.environment]
2026-05-15T17:35:29.952-0600 [DEBUG] ReferenceTransformer: "aws_cloudwatch_event_target.step_functions" references: [aws_cloudwatch_event_rule.s3_raw_upload (expand) aws_cloudwatch_event_rule.s3_raw_upload aws_cloudwatch_event_rule.s3_raw_upload aws_iam_role.eventbridge_role (expand) aws_iam_role.eventbridge_role aws_iam_role.eventbridge_role aws_sfn_state_machine.etl_orchestration aws_sfn_state_machine.etl_orchestration aws_sfn_state_machine.etl_orchestration (expand)]
2026-05-15T17:35:29.952-0600 [DEBUG] ReferenceTransformer: "module.data_eng.aws_iam_role.glue_job_role (expand)" references: [module.data_eng.var.project_name (expand) module.data_eng.var.environment (expand)]
2026-05-15T17:35:29.952-0600 [DEBUG] ReferenceTransformer: "module.data_eng.aws_glue_catalog_database.main" references: [module.data_eng.var.project_name (expand) module.data_eng.var.environment (expand)]
2026-05-15T17:35:29.953-0600 [DEBUG] ReferenceTransformer: "aws_cloudwatch_event_target.step_functions (expand)" references: [aws_sfn_state_machine.etl_orchestration aws_sfn_state_machine.etl_orchestration aws_sfn_state_machine.etl_orchestration (expand) aws_cloudwatch_event_rule.s3_raw_upload (expand) aws_cloudwatch_event_rule.s3_raw_upload aws_cloudwatch_event_rule.s3_raw_upload aws_iam_role.eventbridge_role (expand) aws_iam_role.eventbridge_role aws_iam_role.eventbridge_role]
2026-05-15T17:35:29.953-0600 [DEBUG] ReferenceTransformer: "aws_iam_role_policy.eventbridge_policy" references: [aws_sfn_state_machine.etl_orchestration aws_sfn_state_machine.etl_orchestration aws_sfn_state_machine.etl_orchestration (expand) aws_iam_role.eventbridge_role (expand) aws_iam_role.eventbridge_role aws_iam_role.eventbridge_role var.project_name var.environment]
2026-05-15T17:35:29.953-0600 [DEBUG] ReferenceTransformer: "module.data_eng (close)" references: []
2026-05-15T17:35:29.953-0600 [DEBUG] ReferenceTransformer: "module.data_eng.aws_iam_role_policy.glue_job_policy" references: [module.data_eng.aws_iam_role.glue_job_role (expand) module.data_eng.aws_iam_role.glue_job_role module.data_eng.aws_iam_role.glue_job_role module.data_eng.var.project_name (expand) module.data_eng.var.environment (expand) module.data_eng.var.raw_bucket_name (expand) module.data_eng.var.raw_bucket_name (expand) module.data_eng.var.processed_bucket_name (expand) module.data_eng.var.processed_bucket_name (expand) module.data_eng.var.code_bucket_name (expand) module.data_eng.var.code_bucket_name (expand)]
2026-05-15T17:35:29.953-0600 [DEBUG] ReferenceTransformer: "module.data_eng.aws_iam_role_policy.glue_job_policy (expand)" references: [module.data_eng.var.raw_bucket_name (expand) module.data_eng.var.raw_bucket_name (expand) module.data_eng.var.processed_bucket_name (expand) module.data_eng.var.processed_bucket_name (expand) module.data_eng.var.code_bucket_name (expand) module.data_eng.var.code_bucket_name (expand) module.data_eng.aws_iam_role.glue_job_role (expand) module.data_eng.aws_iam_role.glue_job_role module.data_eng.aws_iam_role.glue_job_role module.data_eng.var.project_name (expand) module.data_eng.var.environment (expand)]
2026-05-15T17:35:29.953-0600 [DEBUG] ReferenceTransformer: "aws_cloudwatch_event_rule.s3_raw_upload (expand)" references: [var.project_name var.environment]
2026-05-15T17:35:29.953-0600 [DEBUG] ReferenceTransformer: "module.storage.var.project_name (expand)" references: [var.project_name]
2026-05-15T17:35:29.953-0600 [DEBUG] ReferenceTransformer: "aws_cloudwatch_event_rule.s3_raw_upload" references: [var.project_name var.environment]
2026-05-15T17:35:29.953-0600 [DEBUG] ReferenceTransformer: "aws_cloudwatch_log_group.step_functions" references: [local.log_group (expand)]
2026-05-15T17:35:29.953-0600 [DEBUG] ReferenceTransformer: "module.storage.aws_s3_bucket.code (expand)" references: [module.storage.var.project_name (expand) module.storage.var.environment (expand)]
2026-05-15T17:35:29.953-0600 [DEBUG] ReferenceTransformer: "local.log_group (expand)" references: [var.project_name var.environment]
2026-05-15T17:35:29.953-0600 [DEBUG] ReferenceTransformer: "module.data_eng.aws_glue_job.image_resize" references: [module.data_eng.var.project_name (expand) module.data_eng.var.environment (expand) module.data_eng.var.code_bucket_name (expand) module.data_eng.var.raw_bucket_name (expand) module.data_eng.var.processed_bucket_name (expand) module.data_eng.aws_iam_role.glue_job_role (expand) module.data_eng.aws_iam_role.glue_job_role module.data_eng.aws_iam_role.glue_job_role module.data_eng.var.code_bucket_name (expand)]
2026-05-15T17:35:29.953-0600 [DEBUG] ReferenceTransformer: "aws_sfn_state_machine.etl_orchestration" references: [local.crawler_name (expand) local.crawler_name (expand) local.job_name (expand) local.job_name (expand) var.project_name var.environment aws_iam_role.step_functions_role aws_iam_role.step_functions_role aws_iam_role.step_functions_role (expand) aws_cloudwatch_log_group.step_functions aws_cloudwatch_log_group.step_functions aws_cloudwatch_log_group.step_functions (expand)]
2026-05-15T17:35:29.953-0600 [DEBUG] ReferenceTransformer: "provider[\"registry.terraform.io/hashicorp/aws\"]" references: [var.use_localstack var.aws_region var.use_localstack var.use_localstack var.use_localstack var.use_localstack var.use_localstack var.use_localstack]
2026-05-15T17:35:29.953-0600 [DEBUG] ReferenceTransformer: "var.common_tags" references: []
2026-05-15T17:35:29.953-0600 [DEBUG] ReferenceTransformer: "module.storage.aws_s3_bucket.processed (expand)" references: [module.storage.var.project_name (expand) module.storage.var.environment (expand)]
2026-05-15T17:35:29.953-0600 [DEBUG] ReferenceTransformer: "var.aws_region" references: []
2026-05-15T17:35:29.953-0600 [DEBUG] ReferenceTransformer: "var.use_localstack" references: []
2026-05-15T17:35:29.953-0600 [DEBUG] ReferenceTransformer: "module.storage.var.environment (expand)" references: [var.environment]
2026-05-15T17:35:29.953-0600 [DEBUG] ReferenceTransformer: "aws_s3_bucket_notification.raw_bucket_notifications" references: []
2026-05-15T17:35:29.953-0600 [DEBUG] ReferenceTransformer: "module.data_eng.var.project_name (expand)" references: [var.project_name]
2026-05-15T17:35:29.953-0600 [DEBUG] ReferenceTransformer: "local.crawler_name (expand)" references: [var.project_name var.environment]
2026-05-15T17:35:29.953-0600 [DEBUG] ReferenceTransformer: "module.data_eng.aws_iam_role_policy.glue_crawler_policy" references: [module.data_eng.var.project_name (expand) module.data_eng.var.environment (expand) module.data_eng.var.raw_bucket_name (expand) module.data_eng.var.raw_bucket_name (expand) module.data_eng.aws_iam_role.glue_crawler_role module.data_eng.aws_iam_role.glue_crawler_role module.data_eng.aws_iam_role.glue_crawler_role (expand)]
2026-05-15T17:35:29.953-0600 [DEBUG] ReferenceTransformer: "module.data_eng.aws_iam_role.glue_crawler_role (expand)" references: [module.data_eng.var.project_name (expand) module.data_eng.var.environment (expand)]
2026-05-15T17:35:29.953-0600 [DEBUG] ReferenceTransformer: "module.data_eng.aws_iam_role_policy.glue_crawler_policy (expand)" references: [module.data_eng.aws_iam_role.glue_crawler_role module.data_eng.aws_iam_role.glue_crawler_role module.data_eng.aws_iam_role.glue_crawler_role (expand) module.data_eng.var.project_name (expand) module.data_eng.var.environment (expand) module.data_eng.var.raw_bucket_name (expand) module.data_eng.var.raw_bucket_name (expand)]
2026-05-15T17:35:29.953-0600 [DEBUG] ReferenceTransformer: "aws_iam_role_policy.step_functions_policy (expand)" references: [var.project_name var.environment local.crawler_name (expand) local.job_name (expand) aws_iam_role.step_functions_role aws_iam_role.step_functions_role aws_iam_role.step_functions_role (expand)]
2026-05-15T17:35:29.953-0600 [DEBUG] ReferenceTransformer: "module.data_eng.aws_glue_catalog_database.main (expand)" references: [module.data_eng.var.project_name (expand) module.data_eng.var.environment (expand)]
2026-05-15T17:35:29.953-0600 [DEBUG] ReferenceTransformer: "module.data_eng.var.processed_bucket_name (expand)" references: [var.project_name var.environment]
2026-05-15T17:35:29.953-0600 [DEBUG] ReferenceTransformer: "module.data_eng.var.raw_bucket_name (expand)" references: [var.project_name var.environment]
2026-05-15T17:35:29.953-0600 [DEBUG] ReferenceTransformer: "aws_iam_role.step_functions_role" references: [var.project_name var.environment]
2026-05-15T17:35:29.953-0600 [DEBUG] ReferenceTransformer: "aws_iam_role.step_functions_role (expand)" references: [var.project_name var.environment]
2026-05-15T17:35:29.953-0600 [DEBUG] ReferenceTransformer: "var.project_name" references: []
2026-05-15T17:35:29.953-0600 [DEBUG] ReferenceTransformer: "module.data_eng.aws_iam_role.glue_job_role" references: [module.data_eng.var.project_name (expand) module.data_eng.var.environment (expand)]
2026-05-15T17:35:29.953-0600 [DEBUG] ReferenceTransformer: "aws_iam_role_policy.step_functions_policy" references: [local.crawler_name (expand) local.job_name (expand) aws_iam_role.step_functions_role aws_iam_role.step_functions_role aws_iam_role.step_functions_role (expand) var.project_name var.environment]
2026-05-15T17:35:29.953-0600 [DEBUG] ReferenceTransformer: "module.storage.aws_s3_bucket.processed" references: [module.storage.var.project_name (expand) module.storage.var.environment (expand)]
2026-05-15T17:35:29.953-0600 [DEBUG] ReferenceTransformer: "module.storage.aws_s3_bucket.raw" references: [module.storage.var.project_name (expand) module.storage.var.environment (expand)]
2026-05-15T17:35:29.953-0600 [DEBUG] ReferenceTransformer: "module.data_eng.var.environment (expand)" references: [var.environment]
2026-05-15T17:35:29.953-0600 [DEBUG] ReferenceTransformer: "module.data_eng.aws_glue_crawler.raw_crawler (expand)" references: [module.data_eng.var.project_name (expand) module.data_eng.var.environment (expand) module.data_eng.aws_iam_role.glue_crawler_role module.data_eng.aws_iam_role.glue_crawler_role module.data_eng.aws_iam_role.glue_crawler_role (expand) module.data_eng.aws_glue_catalog_database.main module.data_eng.aws_glue_catalog_database.main module.data_eng.aws_glue_catalog_database.main (expand) module.data_eng.var.raw_bucket_name (expand)]
2026-05-15T17:35:29.953-0600 [DEBUG] ReferenceTransformer: "module.storage (close)" references: []
2026-05-15T17:35:29.953-0600 [DEBUG] ReferenceTransformer: "module.data_eng.aws_glue_crawler.raw_crawler" references: [module.data_eng.var.project_name (expand) module.data_eng.var.environment (expand) module.data_eng.aws_iam_role.glue_crawler_role module.data_eng.aws_iam_role.glue_crawler_role module.data_eng.aws_iam_role.glue_crawler_role (expand) module.data_eng.aws_glue_catalog_database.main module.data_eng.aws_glue_catalog_database.main module.data_eng.aws_glue_catalog_database.main (expand) module.data_eng.var.raw_bucket_name (expand)]
2026-05-15T17:35:29.953-0600 [DEBUG] ReferenceTransformer: "module.data_eng.aws_glue_job.image_resize (expand)" references: [module.data_eng.var.project_name (expand) module.data_eng.var.environment (expand) module.data_eng.var.code_bucket_name (expand) module.data_eng.var.raw_bucket_name (expand) module.data_eng.var.processed_bucket_name (expand) module.data_eng.aws_iam_role.glue_job_role (expand) module.data_eng.aws_iam_role.glue_job_role module.data_eng.aws_iam_role.glue_job_role module.data_eng.var.code_bucket_name (expand)]
2026-05-15T17:35:29.953-0600 [DEBUG] ReferenceTransformer: "aws_s3_bucket_notification.raw_bucket_notifications (expand)" references: []
2026-05-15T17:35:29.953-0600 [DEBUG] ReferenceTransformer: "local.job_name (expand)" references: [var.project_name var.environment]
2026-05-15T17:35:29.953-0600 [DEBUG] ReferenceTransformer: "aws_iam_role.eventbridge_role" references: [var.project_name var.environment]
2026-05-15T17:35:29.953-0600 [DEBUG] ReferenceTransformer: "aws_cloudwatch_log_group.step_functions (expand)" references: [local.log_group (expand)]
2026-05-15T17:35:29.954-0600 [DEBUG] ReferenceTransformer: "module.storage.aws_s3_bucket.code" references: [module.storage.var.project_name (expand) module.storage.var.environment (expand)]
2026-05-15T17:35:29.954-0600 [DEBUG] ReferenceTransformer: "aws_iam_role_policy.eventbridge_policy (expand)" references: [var.project_name var.environment aws_sfn_state_machine.etl_orchestration aws_sfn_state_machine.etl_orchestration aws_sfn_state_machine.etl_orchestration (expand) aws_iam_role.eventbridge_role (expand) aws_iam_role.eventbridge_role aws_iam_role.eventbridge_role]
2026-05-15T17:35:29.954-0600 [DEBUG] ReferenceTransformer: "aws_sfn_state_machine.etl_orchestration (expand)" references: [var.project_name var.environment aws_iam_role.step_functions_role aws_iam_role.step_functions_role aws_iam_role.step_functions_role (expand) local.crawler_name (expand) local.crawler_name (expand) local.job_name (expand) local.job_name (expand) aws_cloudwatch_log_group.step_functions aws_cloudwatch_log_group.step_functions aws_cloudwatch_log_group.step_functions (expand)]

Terraform used the selected providers to generate the following execution
plan. Resource actions are indicated with the following symbols:
  [32m+[0m create[0m

Terraform will perform the following actions:

[1m  # aws_cloudwatch_event_rule.s3_raw_upload[0m will be created
[0m  [32m+[0m[0m resource "aws_cloudwatch_event_rule" "s3_raw_upload" {
      [32m+[0m[0m arn            = (known after apply)
      [32m+[0m[0m description    = "Trigger ETL workflow on new file upload to raw bucket"
      [32m+[0m[0m event_bus_name = "default"
      [32m+[0m[0m event_pattern  = jsonencode(
            {
              [32m+[0m[0m detail      = {
                  [32m+[0m[0m bucket = {
                      [32m+[0m[0m name = [
                          [32m+[0m[0m "waste-classifier-dev-raw",
                        ]
                    }
                }
              [32m+[0m[0m detail-type = [
                  [32m+[0m[0m "Object Created",
                ]
              [32m+[0m[0m source      = [
                  [32m+[0m[0m "aws.s3",
                ]
            }
        )
      [32m+[0m[0m force_destroy  = false
      [32m+[0m[0m id             = (known after apply)
      [32m+[0m[0m name           = "waste-classifier-dev-s3-raw-upload"
      [32m+[0m[0m name_prefix    = (known after apply)
      [32m+[0m[0m tags_all       = (known after apply)
    }

[1m  # aws_cloudwatch_event_target.step_functions[0m will be created
[0m  [32m+[0m[0m resource "aws_cloudwatch_event_target" "step_functions" {
      [32m+[0m[0m arn            = (known after apply)
      [32m+[0m[0m event_bus_name = "default"
      [32m+[0m[0m force_destroy  = false
      [32m+[0m[0m id             = (known after apply)
      [32m+[0m[0m input          = jsonencode(
            {
              [32m+[0m[0m detail = {}
              [32m+[0m[0m source = "eventbridge"
            }
        )
      [32m+[0m[0m role_arn       = (known after apply)
      [32m+[0m[0m rule           = "waste-classifier-dev-s3-raw-upload"
      [32m+[0m[0m target_id      = "StepFunctionsExecutionTarget"
    }

[1m  # aws_cloudwatch_log_group.step_functions[0m will be created
[0m  [32m+[0m[0m resource "aws_cloudwatch_log_group" "step_functions" {
      [32m+[0m[0m arn               = (known after apply)
      [32m+[0m[0m id                = (known after apply)
      [32m+[0m[0m log_group_class   = (known after apply)
      [32m+[0m[0m name              = "/aws/states/waste-classifier-dev-etl-orchestration"
      [32m+[0m[0m name_prefix       = (known after apply)
      [32m+[0m[0m retention_in_days = 14
      [32m+[0m[0m skip_destroy      = false
      [32m+[0m[0m tags_all          = (known after apply)
    }

[1m  # aws_iam_role.eventbridge_role[0m will be created
[0m  [32m+[0m[0m resource "aws_iam_role" "eventbridge_role" {
      [32m+[0m[0m arn                   = (known after apply)
      [32m+[0m[0m assume_role_policy    = jsonencode(
            {
              [32m+[0m[0m Statement = [
                  [32m+[0m[0m {
                      [32m+[0m[0m Action    = "sts:AssumeRole"
                      [32m+[0m[0m Effect    = "Allow"
                      [32m+[0m[0m Principal = {
                          [32m+[0m[0m Service = "events.amazonaws.com"
                        }
                    },
                ]
              [32m+[0m[0m Version   = "2012-10-17"
            }
        )
      [32m+[0m[0m create_date           = (known after apply)
      [32m+[0m[0m force_detach_policies = false
      [32m+[0m[0m id                    = (known after apply)
      [32m+[0m[0m managed_policy_arns   = (known after apply)
      [32m+[0m[0m max_session_duration  = 3600
      [32m+[0m[0m name                  = "waste-classifier-dev-eventbridge-role"
      [32m+[0m[0m name_prefix           = (known after apply)
      [32m+[0m[0m path                  = "/"
      [32m+[0m[0m tags_all              = (known after apply)
      [32m+[0m[0m unique_id             = (known after apply)

      [32m+[0m[0m inline_policy (known after apply)
    }

[1m  # aws_iam_role.step_functions_role[0m will be created
[0m  [32m+[0m[0m resource "aws_iam_role" "step_functions_role" {
      [32m+[0m[0m arn                   = (known after apply)
      [32m+[0m[0m assume_role_policy    = jsonencode(
            {
              [32m+[0m[0m Statement = [
                  [32m+[0m[0m {
                      [32m+[0m[0m Action    = "sts:AssumeRole"
                      [32m+[0m[0m Effect    = "Allow"
                      [32m+[0m[0m Principal = {
                          [32m+[0m[0m Service = "states.amazonaws.com"
                        }
                    },
                ]
              [32m+[0m[0m Version   = "2012-10-17"
            }
        )
      [32m+[0m[0m create_date           = (known after apply)
      [32m+[0m[0m force_detach_policies = false
      [32m+[0m[0m id                    = (known after apply)
      [32m+[0m[0m managed_policy_arns   = (known after apply)
      [32m+[0m[0m max_session_duration  = 3600
      [32m+[0m[0m name                  = "waste-classifier-dev-step-functions-role"
      [32m+[0m[0m name_prefix           = (known after apply)
      [32m+[0m[0m path                  = "/"
      [32m+[0m[0m tags_all              = (known after apply)
      [32m+[0m[0m unique_id             = (known after apply)

      [32m+[0m[0m inline_policy (known after apply)
    }

[1m  # aws_iam_role_policy.eventbridge_policy[0m will be created
[0m  [32m+[0m[0m resource "aws_iam_role_policy" "eventbridge_policy" {
      [32m+[0m[0m id          = (known after apply)
      [32m+[0m[0m name        = "waste-classifier-dev-eventbridge-policy"
      [32m+[0m[0m name_prefix = (known after apply)
      [32m+[0m[0m policy      = (known after apply)
      [32m+[0m[0m role        = (known after apply)
    }

[1m  # aws_iam_role_policy.step_functions_policy[0m will be created
[0m  [32m+[0m[0m resource "aws_iam_role_policy" "step_functions_policy" {
      [32m+[0m[0m id          = (known after apply)
      [32m+[0m[0m name        = "waste-classifier-dev-step-functions-policy"
      [32m+[0m[0m name_prefix = (known after apply)
      [32m+[0m[0m policy      = jsonencode(
            {
              [32m+[0m[0m Statement = [
                  [32m+[0m[0m {
                      [32m+[0m[0m Action   = [
                          [32m+[0m[0m "glue:StartCrawler",
                          [32m+[0m[0m "glue:GetCrawler",
                          [32m+[0m[0m "glue:StartJobRun",
                          [32m+[0m[0m "glue:GetJobRun",
                        ]
                      [32m+[0m[0m Effect   = "Allow"
                      [32m+[0m[0m Resource = [
                          [32m+[0m[0m "arn:aws:glue:*:*:crawler/waste-classifier-dev-raw-crawler",
                          [32m+[0m[0m "arn:aws:glue:*:*:job/waste-classifier-dev-image-resize",
                        ]
                    },
                  [32m+[0m[0m {
                      [32m+[0m[0m Action   = [
                          [32m+[0m[0m "logs:CreateLogDelivery",
                          [32m+[0m[0m "logs:GetLogDelivery",
                          [32m+[0m[0m "logs:UpdateLogDelivery",
                          [32m+[0m[0m "logs:DeleteLogDelivery",
                          [32m+[0m[0m "logs:ListLogDeliveries",
                          [32m+[0m[0m "logs:PutResourcePolicy",
                          [32m+[0m[0m "logs:DescribeResourcePolicies",
                          [32m+[0m[0m "logs:DescribeLogGroups",
                        ]
                      [32m+[0m[0m Effect   = "Allow"
                      [32m+[0m[0m Resource = "*"
                    },
                ]
              [32m+[0m[0m Version   = "2012-10-17"
            }
        )
      [32m+[0m[0m role        = (known after apply)
    }

[1m  # aws_s3_bucket_notification.raw_bucket_notifications[0m will be created
[0m  [32m+[0m[0m resource "aws_s3_bucket_notification" "raw_bucket_notifications" {
      [32m+[0m[0m bucket      = "waste-classifier-dev-raw"
      [32m+[0m[0m eventbridge = true
      [32m+[0m[0m id          = (known after apply)
    }

[1m  # aws_sfn_state_machine.etl_orchestration[0m will be created
[0m  [32m+[0m[0m resource "aws_sfn_state_machine" "etl_orchestration" {
      [32m+[0m[0m arn                       = (known after apply)
      [32m+[0m[0m creation_date             = (known after apply)
      [32m+[0m[0m definition                = jsonencode(
            {
              [32m+[0m[0m Comment = "Run Glue crawler, wait for catalog refresh, then run the Glue job"
              [32m+[0m[0m StartAt = "StartCrawler"
              [32m+[0m[0m States  = {
                  [32m+[0m[0m CrawlerFailed     = {
                      [32m+[0m[0m Cause = "Glue crawler did not succeed"
                      [32m+[0m[0m Error = "CrawlerFailed"
                      [32m+[0m[0m Type  = "Fail"
                    }
                  [32m+[0m[0m CrawlerFinished   = {
                      [32m+[0m[0m Choices = [
                          [32m+[0m[0m {
                              [32m+[0m[0m Next         = "StartGlueJob"
                              [32m+[0m[0m StringEquals = "READY"
                              [32m+[0m[0m Variable     = "$.CrawlerStatus.Crawler.State"
                            },
                        ]
                      [32m+[0m[0m Default = "CrawlerFailed"
                      [32m+[0m[0m Type    = "Choice"
                    }
                  [32m+[0m[0m CrawlerRunning    = {
                      [32m+[0m[0m Choices = [
                          [32m+[0m[0m {
                              [32m+[0m[0m Next         = "WaitForCrawler"
                              [32m+[0m[0m StringEquals = "RUNNING"
                              [32m+[0m[0m Variable     = "$.CrawlerStatus.Crawler.State"
                            },
                          [32m+[0m[0m {
                              [32m+[0m[0m Next         = "WaitForCrawler"
                              [32m+[0m[0m StringEquals = "STOPPING"
                              [32m+[0m[0m Variable     = "$.CrawlerStatus.Crawler.State"
                            },
                        ]
                      [32m+[0m[0m Default = "CrawlerFinished"
                      [32m+[0m[0m Type    = "Choice"
                    }
                  [32m+[0m[0m GetCrawlerStatus  = {
                      [32m+[0m[0m Next       = "CrawlerRunning"
                      [32m+[0m[0m Parameters = {
                          [32m+[0m[0m Name = "waste-classifier-dev-raw-crawler"
                        }
                      [32m+[0m[0m Resource   = "arn:aws:states:::aws-sdk:glue:getCrawler"
                      [32m+[0m[0m ResultPath = "$.CrawlerStatus"
                      [32m+[0m[0m Type       = "Task"
                    }
                  [32m+[0m[0m GetJobStatus      = {
                      [32m+[0m[0m Next       = "JobRunning"
                      [32m+[0m[0m Parameters = {
                          [32m+[0m[0m JobName              = "waste-classifier-dev-image-resize"
                          [32m+[0m[0m PredecessorsIncluded = false
                          [32m+[0m[0m "RunId.$"            = "$.JobStart.JobRunId"
                        }
                      [32m+[0m[0m Resource   = "arn:aws:states:::aws-sdk:glue:getJobRun"
                      [32m+[0m[0m ResultPath = "$.JobStatus"
                      [32m+[0m[0m Type       = "Task"
                    }
                  [32m+[0m[0m JobFailed         = {
                      [32m+[0m[0m Cause = "Glue job did not succeed"
                      [32m+[0m[0m Error = "JobFailed"
                      [32m+[0m[0m Type  = "Fail"
                    }
                  [32m+[0m[0m JobRunning        = {
                      [32m+[0m[0m Choices = [
                          [32m+[0m[0m {
                              [32m+[0m[0m Next         = "WaitForJob"
                              [32m+[0m[0m StringEquals = "RUNNING"
                              [32m+[0m[0m Variable     = "$.JobStatus.JobRun.JobRunState"
                            },
                          [32m+[0m[0m {
                              [32m+[0m[0m Next         = "WaitForJob"
                              [32m+[0m[0m StringEquals = "STARTING"
                              [32m+[0m[0m Variable     = "$.JobStatus.JobRun.JobRunState"
                            },
                        ]
                      [32m+[0m[0m Default = "JobSucceeded"
                      [32m+[0m[0m Type    = "Choice"
                    }
                  [32m+[0m[0m JobSucceeded      = {
                      [32m+[0m[0m Choices = [
                          [32m+[0m[0m {
                              [32m+[0m[0m Next         = "PipelineSucceeded"
                              [32m+[0m[0m StringEquals = "SUCCEEDED"
                              [32m+[0m[0m Variable     = "$.JobStatus.JobRun.JobRunState"
                            },
                        ]
                      [32m+[0m[0m Default = "JobFailed"
                      [32m+[0m[0m Type    = "Choice"
                    }
                  [32m+[0m[0m PipelineSucceeded = {
                      [32m+[0m[0m Type = "Succeed"
                    }
                  [32m+[0m[0m StartCrawler      = {
                      [32m+[0m[0m Next       = "WaitForCrawler"
                      [32m+[0m[0m Parameters = {
                          [32m+[0m[0m Name = "waste-classifier-dev-raw-crawler"
                        }
                      [32m+[0m[0m Resource   = "arn:aws:states:::aws-sdk:glue:startCrawler"
                      [32m+[0m[0m ResultPath = "$.CrawlerStart"
                      [32m+[0m[0m Type       = "Task"
                    }
                  [32m+[0m[0m StartGlueJob      = {
                      [32m+[0m[0m Next       = "WaitForJob"
                      [32m+[0m[0m Parameters = {
                          [32m+[0m[0m JobName = "waste-classifier-dev-image-resize"
                        }
                      [32m+[0m[0m Resource   = "arn:aws:states:::aws-sdk:glue:startJobRun"
                      [32m+[0m[0m ResultPath = "$.JobStart"
                      [32m+[0m[0m Type       = "Task"
                    }
                  [32m+[0m[0m WaitForCrawler    = {
                      [32m+[0m[0m Next    = "GetCrawlerStatus"
                      [32m+[0m[0m Seconds = 30
                      [32m+[0m[0m Type    = "Wait"
                    }
                  [32m+[0m[0m WaitForJob        = {
                      [32m+[0m[0m Next    = "GetJobStatus"
                      [32m+[0m[0m Seconds = 60
                      [32m+[0m[0m Type    = "Wait"
                    }
                }
            }
        )
      [32m+[0m[0m description               = (known after apply)
      [32m+[0m[0m id                        = (known after apply)
      [32m+[0m[0m name                      = "waste-classifier-dev-etl-orchestration"
      [32m+[0m[0m name_prefix               = (known after apply)
      [32m+[0m[0m publish                   = false
      [32m+[0m[0m revision_id               = (known after apply)
      [32m+[0m[0m role_arn                  = (known after apply)
      [32m+[0m[0m state_machine_version_arn = (known after apply)
      [32m+[0m[0m status                    = (known after apply)
      [32m+[0m[0m tags_all                  = (known after apply)
      [32m+[0m[0m type                      = "STANDARD"
      [32m+[0m[0m version_description       = (known after apply)

      [32m+[0m[0m encryption_configuration (known after apply)

      [32m+[0m[0m logging_configuration {
          [32m+[0m[0m include_execution_data = true
          [32m+[0m[0m level                  = "ALL"
          [32m+[0m[0m log_destination        = (known after apply)
        }

      [32m+[0m[0m tracing_configuration (known after apply)
    }

[1m  # module.data_eng.aws_glue_catalog_database.main[0m will be created
[0m  [32m+[0m[0m resource "aws_glue_catalog_database" "main" {
      [32m+[0m[0m arn          = (known after apply)
      [32m+[0m[0m catalog_id   = (known after apply)
      [32m+[0m[0m id           = (known after apply)
      [32m+[0m[0m location_uri = (known after apply)
      [32m+[0m[0m name         = "waste-classifier_dev_catalog"
      [32m+[0m[0m tags_all     = (known after apply)

      [32m+[0m[0m create_table_default_permission (known after apply)
    }

[1m  # module.data_eng.aws_glue_crawler.raw_crawler[0m will be created
[0m  [32m+[0m[0m resource "aws_glue_crawler" "raw_crawler" {
      [32m+[0m[0m arn           = (known after apply)
      [32m+[0m[0m database_name = "waste-classifier_dev_catalog"
      [32m+[0m[0m id            = (known after apply)
      [32m+[0m[0m name          = "waste-classifier-dev-raw-crawler"
      [32m+[0m[0m role          = (known after apply)
      [32m+[0m[0m tags_all      = (known after apply)

      [32m+[0m[0m s3_target {
          [32m+[0m[0m path = "s3://waste-classifier-dev-raw-v3/"
        }
    }

[1m  # module.data_eng.aws_glue_job.image_resize[0m will be created
[0m  [32m+[0m[0m resource "aws_glue_job" "image_resize" {
      [32m+[0m[0m arn               = (known after apply)
      [32m+[0m[0m default_arguments = {
          [32m+[0m[0m "--TempDir"       = "s3://waste-classifier-dev-code-v3/temp/"
          [32m+[0m[0m "--input_bucket"  = "waste-classifier-dev-raw-v3"
          [32m+[0m[0m "--output_bucket" = "waste-classifier-dev-processed-v3"
          [32m+[0m[0m "--output_prefix" = "resized/"
          [32m+[0m[0m "--size"          = "256"
        }
      [32m+[0m[0m glue_version      = (known after apply)
      [32m+[0m[0m id                = (known after apply)
      [32m+[0m[0m max_capacity      = (known after apply)
      [32m+[0m[0m name              = "waste-classifier-dev-image-resize"
      [32m+[0m[0m number_of_workers = 2
      [32m+[0m[0m role_arn          = (known after apply)
      [32m+[0m[0m tags_all          = (known after apply)
      [32m+[0m[0m timeout           = (known after apply)
      [32m+[0m[0m worker_type       = "G.1X"

      [32m+[0m[0m command {
          [32m+[0m[0m name            = "glueetl"
          [32m+[0m[0m python_version  = "3"
          [32m+[0m[0m runtime         = (known after apply)
          [32m+[0m[0m script_location = "s3://waste-classifier-dev-code-v3/scripts/glue_etl.py"
        }

      [32m+[0m[0m execution_property (known after apply)

      [32m+[0m[0m notification_property (known after apply)
    }

[1m  # module.data_eng.aws_iam_role.glue_crawler_role[0m will be created
[0m  [32m+[0m[0m resource "aws_iam_role" "glue_crawler_role" {
      [32m+[0m[0m arn                   = (known after apply)
      [32m+[0m[0m assume_role_policy    = jsonencode(
            {
              [32m+[0m[0m Statement = [
                  [32m+[0m[0m {
                      [32m+[0m[0m Action    = "sts:AssumeRole"
                      [32m+[0m[0m Effect    = "Allow"
                      [32m+[0m[0m Principal = {
                          [32m+[0m[0m Service = "glue.amazonaws.com"
                        }
                    },
                ]
              [32m+[0m[0m Version   = "2012-10-17"
            }
        )
      [32m+[0m[0m create_date           = (known after apply)
      [32m+[0m[0m force_detach_policies = false
      [32m+[0m[0m id                    = (known after apply)
      [32m+[0m[0m managed_policy_arns   = (known after apply)
      [32m+[0m[0m max_session_duration  = 3600
      [32m+[0m[0m name                  = "waste-classifier-dev-glue-crawler-role"
      [32m+[0m[0m name_prefix           = (known after apply)
      [32m+[0m[0m path                  = "/"
      [32m+[0m[0m tags_all              = (known after apply)
      [32m+[0m[0m unique_id             = (known after apply)

      [32m+[0m[0m inline_policy (known after apply)
    }

[1m  # module.data_eng.aws_iam_role.glue_job_role[0m will be created
[0m  [32m+[0m[0m resource "aws_iam_role" "glue_job_role" {
      [32m+[0m[0m arn                   = (known after apply)
      [32m+[0m[0m assume_role_policy    = jsonencode(
            {
              [32m+[0m[0m Statement = [
                  [32m+[0m[0m {
                      [32m+[0m[0m Action    = "sts:AssumeRole"
                      [32m+[0m[0m Effect    = "Allow"
                      [32m+[0m[0m Principal = {
                          [32m+[0m[0m Service = "glue.amazonaws.com"
                        }
                    },
                ]
              [32m+[0m[0m Version   = "2012-10-17"
            }
        )
      [32m+[0m[0m create_date           = (known after apply)
      [32m+[0m[0m force_detach_policies = false
      [32m+[0m[0m id                    = (known after apply)
      [32m+[0m[0m managed_policy_arns   = (known after apply)
      [32m+[0m[0m max_session_duration  = 3600
      [32m+[0m[0m name                  = "waste-classifier-dev-glue-job-role"
      [32m+[0m[0m name_prefix           = (known after apply)
      [32m+[0m[0m path                  = "/"
      [32m+[0m[0m tags_all              = (known after apply)
      [32m+[0m[0m unique_id             = (known after apply)

      [32m+[0m[0m inline_policy (known after apply)
    }

[1m  # module.data_eng.aws_iam_role_policy.glue_crawler_policy[0m will be created
[0m  [32m+[0m[0m resource "aws_iam_role_policy" "glue_crawler_policy" {
      [32m+[0m[0m id          = (known after apply)
      [32m+[0m[0m name        = "waste-classifier-dev-glue-crawler-policy"
      [32m+[0m[0m name_prefix = (known after apply)
      [32m+[0m[0m policy      = jsonencode(
            {
              [32m+[0m[0m Statement = [
                  [32m+[0m[0m {
                      [32m+[0m[0m Action   = [
                          [32m+[0m[0m "s3:GetObject",
                          [32m+[0m[0m "s3:ListBucket",
                        ]
                      [32m+[0m[0m Effect   = "Allow"
                      [32m+[0m[0m Resource = [
                          [32m+[0m[0m "arn:aws:s3:::waste-classifier-dev-raw-v3",
                          [32m+[0m[0m "arn:aws:s3:::waste-classifier-dev-raw-v3/*",
                        ]
                    },
                  [32m+[0m[0m {
                      [32m+[0m[0m Action   = [
                          [32m+[0m[0m "glue:GetDatabase",
                          [32m+[0m[0m "glue:GetDatabases",
                          [32m+[0m[0m "glue:CreateTable",
                          [32m+[0m[0m "glue:GetTable",
                          [32m+[0m[0m "glue:GetTables",
                          [32m+[0m[0m "glue:UpdateTable",
                          [32m+[0m[0m "glue:DeleteTable",
                          [32m+[0m[0m "glue:BatchCreatePartition",
                          [32m+[0m[0m "glue:CreatePartition",
                          [32m+[0m[0m "glue:UpdatePartition",
                          [32m+[0m[0m "glue:DeletePartition",
                          [32m+[0m[0m "glue:GetPartition",
                          [32m+[0m[0m "glue:GetPartitions",
                        ]
                      [32m+[0m[0m Effect   = "Allow"
                      [32m+[0m[0m Resource = "*"
                    },
                  [32m+[0m[0m {
                      [32m+[0m[0m Action   = [
                          [32m+[0m[0m "logs:CreateLogGroup",
                          [32m+[0m[0m "logs:CreateLogStream",
                          [32m+[0m[0m "logs:PutLogEvents",
                        ]
                      [32m+[0m[0m Effect   = "Allow"
                      [32m+[0m[0m Resource = "arn:aws:logs:*:*:*"
                    },
                ]
              [32m+[0m[0m Version   = "2012-10-17"
            }
        )
      [32m+[0m[0m role        = (known after apply)
    }

[1m  # module.data_eng.aws_iam_role_policy.glue_job_policy[0m will be created
[0m  [32m+[0m[0m resource "aws_iam_role_policy" "glue_job_policy" {
      [32m+[0m[0m id          = (known after apply)
      [32m+[0m[0m name        = "waste-classifier-dev-glue-job-policy"
      [32m+[0m[0m name_prefix = (known after apply)
      [32m+[0m[0m policy      = jsonencode(
            {
              [32m+[0m[0m Statement = [
                  [32m+[0m[0m {
                      [32m+[0m[0m Action   = [
                          [32m+[0m[0m "logs:CreateLogGroup",
                          [32m+[0m[0m "logs:CreateLogStream",
                          [32m+[0m[0m "logs:PutLogEvents",
                        ]
                      [32m+[0m[0m Effect   = "Allow"
                      [32m+[0m[0m Resource = "arn:aws:logs:*:*:*"
                    },
                  [32m+[0m[0m {
                      [32m+[0m[0m Action   = [
                          [32m+[0m[0m "s3:GetObject",
                          [32m+[0m[0m "s3:PutObject",
                          [32m+[0m[0m "s3:ListBucket",
                        ]
                      [32m+[0m[0m Effect   = "Allow"
                      [32m+[0m[0m Resource = [
                          [32m+[0m[0m "arn:aws:s3:::waste-classifier-dev-raw-v3",
                          [32m+[0m[0m "arn:aws:s3:::waste-classifier-dev-raw-v3/*",
                          [32m+[0m[0m "arn:aws:s3:::waste-classifier-dev-processed-v3",
                          [32m+[0m[0m "arn:aws:s3:::waste-classifier-dev-processed-v3/*",
                          [32m+[0m[0m "arn:aws:s3:::waste-classifier-dev-code-v3",
                          [32m+[0m[0m "arn:aws:s3:::waste-classifier-dev-code-v3/*",
                        ]
                    },
                ]
              [32m+[0m[0m Version   = "2012-10-17"
            }
        )
      [32m+[0m[0m role        = (known after apply)
    }

[1m  # module.storage.aws_s3_bucket.code[0m will be created
[0m  [32m+[0m[0m resource "aws_s3_bucket" "code" {
      [32m+[0m[0m acceleration_status         = (known after apply)
      [32m+[0m[0m acl                         = (known after apply)
      [32m+[0m[0m arn                         = (known after apply)
      [32m+[0m[0m bucket                      = "waste-classifier-dev-code-v3"
      [32m+[0m[0m bucket_domain_name          = (known after apply)
      [32m+[0m[0m bucket_prefix               = (known after apply)
      [32m+[0m[0m bucket_regional_domain_name = (known after apply)
      [32m+[0m[0m force_destroy               = true
      [32m+[0m[0m hosted_zone_id              = (known after apply)
      [32m+[0m[0m id                          = (known after apply)
      [32m+[0m[0m object_lock_enabled         = (known after apply)
      [32m+[0m[0m policy                      = (known after apply)
      [32m+[0m[0m region                      = (known after apply)
      [32m+[0m[0m request_payer               = (known after apply)
      [32m+[0m[0m tags_all                    = (known after apply)
      [32m+[0m[0m website_domain              = (known after apply)
      [32m+[0m[0m website_endpoint            = (known after apply)

      [32m+[0m[0m cors_rule (known after apply)

      [32m+[0m[0m grant (known after apply)

      [32m+[0m[0m lifecycle_rule (known after apply)

      [32m+[0m[0m logging (known after apply)

      [32m+[0m[0m object_lock_configuration (known after apply)

      [32m+[0m[0m replication_configuration (known after apply)

      [32m+[0m[0m server_side_encryption_configuration (known after apply)

      [32m+[0m[0m versioning (known after apply)

      [32m+[0m[0m website (known after apply)
    }

[1m  # module.storage.aws_s3_bucket.processed[0m will be created
[0m  [32m+[0m[0m resource "aws_s3_bucket" "processed" {
      [32m+[0m[0m acceleration_status         = (known after apply)
      [32m+[0m[0m acl                         = (known after apply)
      [32m+[0m[0m arn                         = (known after apply)
      [32m+[0m[0m bucket                      = "waste-classifier-dev-processed-v3"
      [32m+[0m[0m bucket_domain_name          = (known after apply)
      [32m+[0m[0m bucket_prefix               = (known after apply)
      [32m+[0m[0m bucket_regional_domain_name = (known after apply)
      [32m+[0m[0m force_destroy               = true
      [32m+[0m[0m hosted_zone_id              = (known after apply)
      [32m+[0m[0m id                          = (known after apply)
      [32m+[0m[0m object_lock_enabled         = (known after apply)
      [32m+[0m[0m policy                      = (known after apply)
      [32m+[0m[0m region                      = (known after apply)
      [32m+[0m[0m request_payer               = (known after apply)
      [32m+[0m[0m tags_all                    = (known after apply)
      [32m+[0m[0m website_domain              = (known after apply)
      [32m+[0m[0m website_endpoint            = (known after apply)

      [32m+[0m[0m cors_rule (known after apply)

      [32m+[0m[0m grant (known after apply)

      [32m+[0m[0m lifecycle_rule (known after apply)

      [32m+[0m[0m logging (known after apply)

      [32m+[0m[0m object_lock_configuration (known after apply)

      [32m+[0m[0m replication_configuration (known after apply)

      [32m+[0m[0m server_side_encryption_configuration (known after apply)

      [32m+[0m[0m versioning (known after apply)

      [32m+[0m[0m website (known after apply)
    }

[1m  # module.storage.aws_s3_bucket.raw[0m will be created
[0m  [32m+[0m[0m resource "aws_s3_bucket" "raw" {
      [32m+[0m[0m acceleration_status         = (known after apply)
      [32m+[0m[0m acl                         = (known after apply)
      [32m+[0m[0m arn                         = (known after apply)
      [32m+[0m[0m bucket                      = "waste-classifier-dev-raw-v3"
      [32m+[0m[0m bucket_domain_name          = (known after apply)
      [32m+[0m[0m bucket_prefix               = (known after apply)
      [32m+[0m[0m bucket_regional_domain_name = (known after apply)
      [32m+[0m[0m force_destroy               = true
      [32m+[0m[0m hosted_zone_id              = (known after apply)
      [32m+[0m[0m id                          = (known after apply)
      [32m+[0m[0m object_lock_enabled         = (known after apply)
      [32m+[0m[0m policy                      = (known after apply)
      [32m+[0m[0m region                      = (known after apply)
      [32m+[0m[0m request_payer               = (known after apply)
      [32m+[0m[0m tags_all                    = (known after apply)
      [32m+[0m[0m website_domain              = (known after apply)
      [32m+[0m[0m website_endpoint            = (known after apply)

      [32m+[0m[0m cors_rule (known after apply)

      [32m+[0m[0m grant (known after apply)

      [32m+[0m[0m lifecycle_rule (known after apply)

      [32m+[0m[0m logging (known after apply)

      [32m+[0m[0m object_lock_configuration (known after apply)

      [32m+[0m[0m replication_configuration (known after apply)

      [32m+[0m[0m server_side_encryption_configuration (known after apply)

      [32m+[0m[0m versioning (known after apply)

      [32m+[0m[0m website (known after apply)
    }

[1mPlan:[0m [0m19 to add, 0 to change, 0 to destroy.
2026-05-15T17:35:30.061-0600 [INFO]  backend/local: apply calling Apply
2026-05-15T17:35:30.061-0600 [DEBUG] Building and walking apply graph for NormalMode plan
2026-05-15T17:35:30.062-0600 [DEBUG] Resource state not found for node "aws_iam_role.step_functions_role", instance aws_iam_role.step_functions_role
2026-05-15T17:35:30.062-0600 [DEBUG] Resource state not found for node "module.storage.aws_s3_bucket.processed", instance module.storage.aws_s3_bucket.processed
2026-05-15T17:35:30.062-0600 [DEBUG] Resource state not found for node "module.data_eng.aws_glue_crawler.raw_crawler", instance module.data_eng.aws_glue_crawler.raw_crawler
2026-05-15T17:35:30.062-0600 [DEBUG] Resource state not found for node "aws_iam_role_policy.eventbridge_policy", instance aws_iam_role_policy.eventbridge_policy
2026-05-15T17:35:30.062-0600 [DEBUG] Resource state not found for node "aws_cloudwatch_log_group.step_functions", instance aws_cloudwatch_log_group.step_functions
2026-05-15T17:35:30.062-0600 [DEBUG] Resource state not found for node "aws_cloudwatch_event_rule.s3_raw_upload", instance aws_cloudwatch_event_rule.s3_raw_upload
2026-05-15T17:35:30.062-0600 [DEBUG] Resource state not found for node "module.data_eng.aws_glue_catalog_database.main", instance module.data_eng.aws_glue_catalog_database.main
2026-05-15T17:35:30.062-0600 [DEBUG] Resource state not found for node "module.data_eng.aws_iam_role.glue_crawler_role", instance module.data_eng.aws_iam_role.glue_crawler_role
2026-05-15T17:35:30.062-0600 [DEBUG] Resource state not found for node "module.data_eng.aws_iam_role_policy.glue_crawler_policy", instance module.data_eng.aws_iam_role_policy.glue_crawler_policy
2026-05-15T17:35:30.062-0600 [DEBUG] Resource state not found for node "aws_iam_role_policy.step_functions_policy", instance aws_iam_role_policy.step_functions_policy
2026-05-15T17:35:30.062-0600 [DEBUG] Resource state not found for node "module.storage.aws_s3_bucket.code", instance module.storage.aws_s3_bucket.code
2026-05-15T17:35:30.062-0600 [DEBUG] Resource state not found for node "aws_s3_bucket_notification.raw_bucket_notifications", instance aws_s3_bucket_notification.raw_bucket_notifications
2026-05-15T17:35:30.062-0600 [DEBUG] Resource state not found for node "module.data_eng.aws_iam_role.glue_job_role", instance module.data_eng.aws_iam_role.glue_job_role
2026-05-15T17:35:30.062-0600 [DEBUG] Resource state not found for node "aws_iam_role.eventbridge_role", instance aws_iam_role.eventbridge_role
2026-05-15T17:35:30.062-0600 [DEBUG] Resource state not found for node "module.data_eng.aws_iam_role_policy.glue_job_policy", instance module.data_eng.aws_iam_role_policy.glue_job_policy
2026-05-15T17:35:30.062-0600 [DEBUG] Resource state not found for node "module.data_eng.aws_glue_job.image_resize", instance module.data_eng.aws_glue_job.image_resize
2026-05-15T17:35:30.062-0600 [DEBUG] Resource state not found for node "aws_sfn_state_machine.etl_orchestration", instance aws_sfn_state_machine.etl_orchestration
2026-05-15T17:35:30.062-0600 [DEBUG] Resource state not found for node "aws_cloudwatch_event_target.step_functions", instance aws_cloudwatch_event_target.step_functions
2026-05-15T17:35:30.062-0600 [DEBUG] Resource state not found for node "module.storage.aws_s3_bucket.raw", instance module.storage.aws_s3_bucket.raw
2026-05-15T17:35:30.062-0600 [DEBUG] ProviderTransformer: "aws_iam_role_policy.step_functions_policy" (*terraform.NodeApplyableResourceInstance) needs provider["registry.terraform.io/hashicorp/aws"]
2026-05-15T17:35:30.062-0600 [DEBUG] ProviderTransformer: "module.data_eng.aws_glue_job.image_resize (expand)" (*terraform.nodeExpandApplyableResource) needs provider["registry.terraform.io/hashicorp/aws"]
2026-05-15T17:35:30.062-0600 [DEBUG] ProviderTransformer: "module.storage.aws_s3_bucket.raw" (*terraform.NodeApplyableResourceInstance) needs provider["registry.terraform.io/hashicorp/aws"]
2026-05-15T17:35:30.062-0600 [DEBUG] ProviderTransformer: "aws_iam_role_policy.eventbridge_policy (expand)" (*terraform.nodeExpandApplyableResource) needs provider["registry.terraform.io/hashicorp/aws"]
2026-05-15T17:35:30.062-0600 [DEBUG] ProviderTransformer: "aws_iam_role_policy.eventbridge_policy" (*terraform.NodeApplyableResourceInstance) needs provider["registry.terraform.io/hashicorp/aws"]
2026-05-15T17:35:30.062-0600 [DEBUG] ProviderTransformer: "aws_cloudwatch_log_group.step_functions" (*terraform.NodeApplyableResourceInstance) needs provider["registry.terraform.io/hashicorp/aws"]
2026-05-15T17:35:30.062-0600 [DEBUG] ProviderTransformer: "module.data_eng.aws_glue_crawler.raw_crawler (expand)" (*terraform.nodeExpandApplyableResource) needs provider["registry.terraform.io/hashicorp/aws"]
2026-05-15T17:35:30.062-0600 [DEBUG] ProviderTransformer: "module.data_eng.aws_iam_role_policy.glue_job_policy (expand)" (*terraform.nodeExpandApplyableResource) needs provider["registry.terraform.io/hashicorp/aws"]
2026-05-15T17:35:30.062-0600 [DEBUG] ProviderTransformer: "module.storage.aws_s3_bucket.raw (expand)" (*terraform.nodeExpandApplyableResource) needs provider["registry.terraform.io/hashicorp/aws"]
2026-05-15T17:35:30.062-0600 [DEBUG] ProviderTransformer: "module.data_eng.aws_iam_role_policy.glue_job_policy" (*terraform.NodeApplyableResourceInstance) needs provider["registry.terraform.io/hashicorp/aws"]
2026-05-15T17:35:30.062-0600 [DEBUG] ProviderTransformer: "module.data_eng.aws_glue_job.image_resize" (*terraform.NodeApplyableResourceInstance) needs provider["registry.terraform.io/hashicorp/aws"]
2026-05-15T17:35:30.062-0600 [DEBUG] ProviderTransformer: "module.data_eng.aws_iam_role_policy.glue_crawler_policy (expand)" (*terraform.nodeExpandApplyableResource) needs provider["registry.terraform.io/hashicorp/aws"]
2026-05-15T17:35:30.062-0600 [DEBUG] ProviderTransformer: "module.data_eng.aws_glue_crawler.raw_crawler" (*terraform.NodeApplyableResourceInstance) needs provider["registry.terraform.io/hashicorp/aws"]
2026-05-15T17:35:30.062-0600 [DEBUG] ProviderTransformer: "module.data_eng.aws_iam_role.glue_job_role" (*terraform.NodeApplyableResourceInstance) needs provider["registry.terraform.io/hashicorp/aws"]
2026-05-15T17:35:30.062-0600 [DEBUG] ProviderTransformer: "module.storage.aws_s3_bucket.processed" (*terraform.NodeApplyableResourceInstance) needs provider["registry.terraform.io/hashicorp/aws"]
2026-05-15T17:35:30.062-0600 [DEBUG] ProviderTransformer: "aws_cloudwatch_event_rule.s3_raw_upload" (*terraform.NodeApplyableResourceInstance) needs provider["registry.terraform.io/hashicorp/aws"]
2026-05-15T17:35:30.062-0600 [DEBUG] ProviderTransformer: "aws_cloudwatch_log_group.step_functions (expand)" (*terraform.nodeExpandApplyableResource) needs provider["registry.terraform.io/hashicorp/aws"]
2026-05-15T17:35:30.062-0600 [DEBUG] ProviderTransformer: "module.storage.aws_s3_bucket.processed (expand)" (*terraform.nodeExpandApplyableResource) needs provider["registry.terraform.io/hashicorp/aws"]
2026-05-15T17:35:30.062-0600 [DEBUG] ProviderTransformer: "aws_s3_bucket_notification.raw_bucket_notifications" (*terraform.NodeApplyableResourceInstance) needs provider["registry.terraform.io/hashicorp/aws"]
2026-05-15T17:35:30.062-0600 [DEBUG] ProviderTransformer: "aws_s3_bucket_notification.raw_bucket_notifications (expand)" (*terraform.nodeExpandApplyableResource) needs provider["registry.terraform.io/hashicorp/aws"]
2026-05-15T17:35:30.062-0600 [DEBUG] ProviderTransformer: "module.data_eng.aws_iam_role_policy.glue_crawler_policy" (*terraform.NodeApplyableResourceInstance) needs provider["registry.terraform.io/hashicorp/aws"]
2026-05-15T17:35:30.062-0600 [DEBUG] ProviderTransformer: "aws_iam_role.eventbridge_role" (*terraform.NodeApplyableResourceInstance) needs provider["registry.terraform.io/hashicorp/aws"]
2026-05-15T17:35:30.063-0600 [DEBUG] ProviderTransformer: "module.data_eng.aws_iam_role.glue_crawler_role (expand)" (*terraform.nodeExpandApplyableResource) needs provider["registry.terraform.io/hashicorp/aws"]
2026-05-15T17:35:30.063-0600 [DEBUG] ProviderTransformer: "module.storage.aws_s3_bucket.code" (*terraform.NodeApplyableResourceInstance) needs provider["registry.terraform.io/hashicorp/aws"]
2026-05-15T17:35:30.063-0600 [DEBUG] ProviderTransformer: "aws_cloudwatch_event_target.step_functions (expand)" (*terraform.nodeExpandApplyableResource) needs provider["registry.terraform.io/hashicorp/aws"]
2026-05-15T17:35:30.063-0600 [DEBUG] ProviderTransformer: "module.storage.aws_s3_bucket.code (expand)" (*terraform.nodeExpandApplyableResource) needs provider["registry.terraform.io/hashicorp/aws"]
2026-05-15T17:35:30.063-0600 [DEBUG] ProviderTransformer: "aws_sfn_state_machine.etl_orchestration" (*terraform.NodeApplyableResourceInstance) needs provider["registry.terraform.io/hashicorp/aws"]
2026-05-15T17:35:30.063-0600 [DEBUG] ProviderTransformer: "aws_cloudwatch_event_target.step_functions" (*terraform.NodeApplyableResourceInstance) needs provider["registry.terraform.io/hashicorp/aws"]
2026-05-15T17:35:30.063-0600 [DEBUG] ProviderTransformer: "aws_sfn_state_machine.etl_orchestration (expand)" (*terraform.nodeExpandApplyableResource) needs provider["registry.terraform.io/hashicorp/aws"]
2026-05-15T17:35:30.063-0600 [DEBUG] ProviderTransformer: "aws_cloudwatch_event_rule.s3_raw_upload (expand)" (*terraform.nodeExpandApplyableResource) needs provider["registry.terraform.io/hashicorp/aws"]
2026-05-15T17:35:30.063-0600 [DEBUG] ProviderTransformer: "aws_iam_role.step_functions_role (expand)" (*terraform.nodeExpandApplyableResource) needs provider["registry.terraform.io/hashicorp/aws"]
2026-05-15T17:35:30.063-0600 [DEBUG] ProviderTransformer: "module.data_eng.aws_glue_catalog_database.main" (*terraform.NodeApplyableResourceInstance) needs provider["registry.terraform.io/hashicorp/aws"]
2026-05-15T17:35:30.063-0600 [DEBUG] ProviderTransformer: "aws_iam_role.eventbridge_role (expand)" (*terraform.nodeExpandApplyableResource) needs provider["registry.terraform.io/hashicorp/aws"]
2026-05-15T17:35:30.063-0600 [DEBUG] ProviderTransformer: "module.data_eng.aws_glue_catalog_database.main (expand)" (*terraform.nodeExpandApplyableResource) needs provider["registry.terraform.io/hashicorp/aws"]
2026-05-15T17:35:30.063-0600 [DEBUG] ProviderTransformer: "aws_iam_role_policy.step_functions_policy (expand)" (*terraform.nodeExpandApplyableResource) needs provider["registry.terraform.io/hashicorp/aws"]
2026-05-15T17:35:30.063-0600 [DEBUG] ProviderTransformer: "aws_iam_role.step_functions_role" (*terraform.NodeApplyableResourceInstance) needs provider["registry.terraform.io/hashicorp/aws"]
2026-05-15T17:35:30.063-0600 [DEBUG] ProviderTransformer: "module.data_eng.aws_iam_role.glue_job_role (expand)" (*terraform.nodeExpandApplyableResource) needs provider["registry.terraform.io/hashicorp/aws"]
2026-05-15T17:35:30.063-0600 [DEBUG] ProviderTransformer: "module.data_eng.aws_iam_role.glue_crawler_role" (*terraform.NodeApplyableResourceInstance) needs provider["registry.terraform.io/hashicorp/aws"]
2026-05-15T17:35:30.063-0600 [DEBUG] ReferenceTransformer: "module.storage (close)" references: []
2026-05-15T17:35:30.063-0600 [DEBUG] ReferenceTransformer: "module.data_eng.var.raw_bucket_name (expand)" references: [var.project_name var.environment]
2026-05-15T17:35:30.063-0600 [DEBUG] ReferenceTransformer: "aws_cloudwatch_log_group.step_functions (expand)" references: [local.log_group (expand)]
2026-05-15T17:35:30.063-0600 [DEBUG] ReferenceTransformer: "module.data_eng.aws_iam_role_policy.glue_job_policy (expand)" references: [module.data_eng.aws_iam_role.glue_job_role (expand) module.data_eng.aws_iam_role.glue_job_role module.data_eng.aws_iam_role.glue_job_role module.data_eng.var.project_name (expand) module.data_eng.var.environment (expand) module.data_eng.var.raw_bucket_name (expand) module.data_eng.var.raw_bucket_name (expand) module.data_eng.var.processed_bucket_name (expand) module.data_eng.var.processed_bucket_name (expand) module.data_eng.var.code_bucket_name (expand) module.data_eng.var.code_bucket_name (expand)]
2026-05-15T17:35:30.063-0600 [DEBUG] ReferenceTransformer: "var.aws_region" references: []
2026-05-15T17:35:30.063-0600 [DEBUG] ReferenceTransformer: "aws_iam_role_policy.step_functions_policy" references: [aws_iam_role.step_functions_role (expand) aws_iam_role.step_functions_role aws_iam_role.step_functions_role var.project_name var.environment local.crawler_name (expand) local.job_name (expand)]
2026-05-15T17:35:30.063-0600 [DEBUG] ReferenceTransformer: "module.data_eng (expand)" references: []
2026-05-15T17:35:30.063-0600 [DEBUG] ReferenceTransformer: "module.data_eng.aws_iam_role.glue_job_role (expand)" references: [module.data_eng.var.project_name (expand) module.data_eng.var.environment (expand)]
2026-05-15T17:35:30.063-0600 [DEBUG] ReferenceTransformer: "var.environment" references: []
2026-05-15T17:35:30.063-0600 [DEBUG] ReferenceTransformer: "module.data_eng.aws_iam_role_policy.glue_crawler_policy" references: [module.data_eng.var.raw_bucket_name (expand) module.data_eng.var.raw_bucket_name (expand) module.data_eng.aws_iam_role.glue_crawler_role module.data_eng.aws_iam_role.glue_crawler_role module.data_eng.aws_iam_role.glue_crawler_role (expand) module.data_eng.var.project_name (expand) module.data_eng.var.environment (expand)]
2026-05-15T17:35:30.063-0600 [DEBUG] ReferenceTransformer: "module.storage.aws_s3_bucket.code" references: [module.storage.var.project_name (expand) module.storage.var.environment (expand)]
2026-05-15T17:35:30.063-0600 [DEBUG] ReferenceTransformer: "module.data_eng.aws_glue_catalog_database.main (expand)" references: [module.data_eng.var.project_name (expand) module.data_eng.var.environment (expand)]
2026-05-15T17:35:30.063-0600 [DEBUG] ReferenceTransformer: "module.data_eng.var.project_name (expand)" references: [var.project_name]
2026-05-15T17:35:30.063-0600 [DEBUG] ReferenceTransformer: "aws_s3_bucket_notification.raw_bucket_notifications" references: []
2026-05-15T17:35:30.063-0600 [DEBUG] ReferenceTransformer: "module.data_eng.aws_iam_role.glue_job_role" references: [module.data_eng.var.project_name (expand) module.data_eng.var.environment (expand)]
2026-05-15T17:35:30.063-0600 [DEBUG] ReferenceTransformer: "aws_iam_role.eventbridge_role" references: [var.project_name var.environment]
2026-05-15T17:35:30.064-0600 [DEBUG] ReferenceTransformer: "module.data_eng (close)" references: []
2026-05-15T17:35:30.064-0600 [DEBUG] ReferenceTransformer: "module.data_eng.aws_iam_role_policy.glue_job_policy" references: [module.data_eng.aws_iam_role.glue_job_role (expand) module.data_eng.aws_iam_role.glue_job_role module.data_eng.aws_iam_role.glue_job_role module.data_eng.var.project_name (expand) module.data_eng.var.environment (expand) module.data_eng.var.raw_bucket_name (expand) module.data_eng.var.raw_bucket_name (expand) module.data_eng.var.processed_bucket_name (expand) module.data_eng.var.processed_bucket_name (expand) module.data_eng.var.code_bucket_name (expand) module.data_eng.var.code_bucket_name (expand)]
2026-05-15T17:35:30.064-0600 [DEBUG] ReferenceTransformer: "aws_sfn_state_machine.etl_orchestration" references: [aws_iam_role.step_functions_role (expand) aws_iam_role.step_functions_role aws_iam_role.step_functions_role local.crawler_name (expand) local.crawler_name (expand) local.job_name (expand) local.job_name (expand) var.project_name var.environment aws_cloudwatch_log_group.step_functions (expand) aws_cloudwatch_log_group.step_functions aws_cloudwatch_log_group.step_functions]
2026-05-15T17:35:30.064-0600 [DEBUG] ReferenceTransformer: "aws_s3_bucket_notification.raw_bucket_notifications (expand)" references: []
2026-05-15T17:35:30.064-0600 [DEBUG] ReferenceTransformer: "module.storage.var.environment (expand)" references: [var.environment]
2026-05-15T17:35:30.064-0600 [DEBUG] ReferenceTransformer: "module.storage.aws_s3_bucket.raw" references: [module.storage.var.project_name (expand) module.storage.var.environment (expand)]
2026-05-15T17:35:30.064-0600 [DEBUG] ReferenceTransformer: "module.storage (expand)" references: []
2026-05-15T17:35:30.064-0600 [DEBUG] ReferenceTransformer: "aws_iam_role.step_functions_role (expand)" references: [var.project_name var.environment]
2026-05-15T17:35:30.064-0600 [DEBUG] ReferenceTransformer: "module.storage.var.project_name (expand)" references: [var.project_name]
2026-05-15T17:35:30.064-0600 [DEBUG] ReferenceTransformer: "local.log_group (expand)" references: [var.project_name var.environment]
2026-05-15T17:35:30.064-0600 [DEBUG] ReferenceTransformer: "aws_iam_role.step_functions_role" references: [var.project_name var.environment]
2026-05-15T17:35:30.064-0600 [DEBUG] ReferenceTransformer: "module.storage.aws_s3_bucket.processed" references: [module.storage.var.project_name (expand) module.storage.var.environment (expand)]
2026-05-15T17:35:30.064-0600 [DEBUG] ReferenceTransformer: "module.data_eng.aws_glue_crawler.raw_crawler" references: [module.data_eng.aws_iam_role.glue_crawler_role module.data_eng.aws_iam_role.glue_crawler_role module.data_eng.aws_iam_role.glue_crawler_role (expand) module.data_eng.aws_glue_catalog_database.main (expand) module.data_eng.aws_glue_catalog_database.main module.data_eng.aws_glue_catalog_database.main module.data_eng.var.project_name (expand) module.data_eng.var.environment (expand) module.data_eng.var.raw_bucket_name (expand)]
2026-05-15T17:35:30.064-0600 [DEBUG] ReferenceTransformer: "var.project_name" references: []
2026-05-15T17:35:30.064-0600 [DEBUG] ReferenceTransformer: "local.crawler_name (expand)" references: [var.project_name var.environment]
2026-05-15T17:35:30.064-0600 [DEBUG] ReferenceTransformer: "module.data_eng.aws_glue_crawler.raw_crawler (expand)" references: [module.data_eng.var.project_name (expand) module.data_eng.var.environment (expand) module.data_eng.aws_iam_role.glue_crawler_role module.data_eng.aws_iam_role.glue_crawler_role module.data_eng.aws_iam_role.glue_crawler_role (expand) module.data_eng.aws_glue_catalog_database.main (expand) module.data_eng.aws_glue_catalog_database.main module.data_eng.aws_glue_catalog_database.main module.data_eng.var.raw_bucket_name (expand)]
2026-05-15T17:35:30.064-0600 [DEBUG] ReferenceTransformer: "module.storage.aws_s3_bucket.processed (expand)" references: [module.storage.var.project_name (expand) module.storage.var.environment (expand)]
2026-05-15T17:35:30.064-0600 [DEBUG] ReferenceTransformer: "aws_cloudwatch_event_rule.s3_raw_upload" references: [var.project_name var.environment]
2026-05-15T17:35:30.064-0600 [DEBUG] ReferenceTransformer: "module.data_eng.aws_glue_catalog_database.main" references: [module.data_eng.var.project_name (expand) module.data_eng.var.environment (expand)]
2026-05-15T17:35:30.064-0600 [DEBUG] ReferenceTransformer: "var.common_tags" references: []
2026-05-15T17:35:30.064-0600 [DEBUG] ReferenceTransformer: "module.data_eng.aws_iam_role.glue_crawler_role" references: [module.data_eng.var.project_name (expand) module.data_eng.var.environment (expand)]
2026-05-15T17:35:30.064-0600 [DEBUG] ReferenceTransformer: "aws_iam_role.eventbridge_role (expand)" references: [var.project_name var.environment]
2026-05-15T17:35:30.064-0600 [DEBUG] ReferenceTransformer: "aws_cloudwatch_event_target.step_functions (expand)" references: [aws_sfn_state_machine.etl_orchestration aws_sfn_state_machine.etl_orchestration aws_sfn_state_machine.etl_orchestration (expand) aws_cloudwatch_event_rule.s3_raw_upload aws_cloudwatch_event_rule.s3_raw_upload aws_cloudwatch_event_rule.s3_raw_upload (expand) aws_iam_role.eventbridge_role aws_iam_role.eventbridge_role aws_iam_role.eventbridge_role (expand)]
2026-05-15T17:35:30.064-0600 [DEBUG] ReferenceTransformer: "module.storage.aws_s3_bucket.code (expand)" references: [module.storage.var.project_name (expand) module.storage.var.environment (expand)]
2026-05-15T17:35:30.064-0600 [DEBUG] ReferenceTransformer: "module.data_eng.aws_glue_job.image_resize" references: [module.data_eng.var.project_name (expand) module.data_eng.var.environment (expand) module.data_eng.var.code_bucket_name (expand) module.data_eng.var.raw_bucket_name (expand) module.data_eng.var.processed_bucket_name (expand) module.data_eng.aws_iam_role.glue_job_role (expand) module.data_eng.aws_iam_role.glue_job_role module.data_eng.aws_iam_role.glue_job_role module.data_eng.var.code_bucket_name (expand)]
2026-05-15T17:35:30.064-0600 [DEBUG] ReferenceTransformer: "aws_cloudwatch_event_target.step_functions" references: [aws_cloudwatch_event_rule.s3_raw_upload aws_cloudwatch_event_rule.s3_raw_upload aws_cloudwatch_event_rule.s3_raw_upload (expand) aws_iam_role.eventbridge_role aws_iam_role.eventbridge_role aws_iam_role.eventbridge_role (expand) aws_sfn_state_machine.etl_orchestration aws_sfn_state_machine.etl_orchestration aws_sfn_state_machine.etl_orchestration (expand)]
2026-05-15T17:35:30.064-0600 [DEBUG] ReferenceTransformer: "module.storage.aws_s3_bucket.raw (expand)" references: [module.storage.var.project_name (expand) module.storage.var.environment (expand)]
2026-05-15T17:35:30.064-0600 [DEBUG] ReferenceTransformer: "provider[\"registry.terraform.io/hashicorp/aws\"]" references: [var.use_localstack var.use_localstack var.aws_region var.use_localstack var.use_localstack var.use_localstack var.use_localstack var.use_localstack]
2026-05-15T17:35:30.064-0600 [DEBUG] ReferenceTransformer: "module.data_eng.var.environment (expand)" references: [var.environment]
2026-05-15T17:35:30.064-0600 [DEBUG] ReferenceTransformer: "aws_sfn_state_machine.etl_orchestration (expand)" references: [var.project_name var.environment aws_iam_role.step_functions_role (expand) aws_iam_role.step_functions_role aws_iam_role.step_functions_role local.crawler_name (expand) local.crawler_name (expand) local.job_name (expand) local.job_name (expand) aws_cloudwatch_log_group.step_functions (expand) aws_cloudwatch_log_group.step_functions aws_cloudwatch_log_group.step_functions]
2026-05-15T17:35:30.064-0600 [DEBUG] ReferenceTransformer: "aws_cloudwatch_event_rule.s3_raw_upload (expand)" references: [var.project_name var.environment]
2026-05-15T17:35:30.064-0600 [DEBUG] ReferenceTransformer: "module.data_eng.aws_iam_role_policy.glue_crawler_policy (expand)" references: [module.data_eng.aws_iam_role.glue_crawler_role module.data_eng.aws_iam_role.glue_crawler_role module.data_eng.aws_iam_role.glue_crawler_role (expand) module.data_eng.var.project_name (expand) module.data_eng.var.environment (expand) module.data_eng.var.raw_bucket_name (expand) module.data_eng.var.raw_bucket_name (expand)]
2026-05-15T17:35:30.064-0600 [DEBUG] ReferenceTransformer: "module.data_eng.aws_glue_job.image_resize (expand)" references: [module.data_eng.var.project_name (expand) module.data_eng.var.environment (expand) module.data_eng.var.code_bucket_name (expand) module.data_eng.var.raw_bucket_name (expand) module.data_eng.var.processed_bucket_name (expand) module.data_eng.aws_iam_role.glue_job_role (expand) module.data_eng.aws_iam_role.glue_job_role module.data_eng.aws_iam_role.glue_job_role module.data_eng.var.code_bucket_name (expand)]
2026-05-15T17:35:30.064-0600 [DEBUG] ReferenceTransformer: "aws_iam_role_policy.eventbridge_policy" references: [aws_iam_role.eventbridge_role aws_iam_role.eventbridge_role aws_iam_role.eventbridge_role (expand) var.project_name var.environment aws_sfn_state_machine.etl_orchestration aws_sfn_state_machine.etl_orchestration aws_sfn_state_machine.etl_orchestration (expand)]
2026-05-15T17:35:30.064-0600 [DEBUG] ReferenceTransformer: "module.data_eng.var.processed_bucket_name (expand)" references: [var.project_name var.environment]
2026-05-15T17:35:30.065-0600 [DEBUG] ReferenceTransformer: "aws_iam_role_policy.step_functions_policy (expand)" references: [var.project_name var.environment local.crawler_name (expand) local.job_name (expand) aws_iam_role.step_functions_role (expand) aws_iam_role.step_functions_role aws_iam_role.step_functions_role]
2026-05-15T17:35:30.065-0600 [DEBUG] ReferenceTransformer: "aws_iam_role_policy.eventbridge_policy (expand)" references: [var.project_name var.environment aws_sfn_state_machine.etl_orchestration aws_sfn_state_machine.etl_orchestration aws_sfn_state_machine.etl_orchestration (expand) aws_iam_role.eventbridge_role aws_iam_role.eventbridge_role aws_iam_role.eventbridge_role (expand)]
2026-05-15T17:35:30.065-0600 [DEBUG] ReferenceTransformer: "module.data_eng.aws_iam_role.glue_crawler_role (expand)" references: [module.data_eng.var.project_name (expand) module.data_eng.var.environment (expand)]
2026-05-15T17:35:30.065-0600 [DEBUG] ReferenceTransformer: "var.use_localstack" references: []
2026-05-15T17:35:30.065-0600 [DEBUG] ReferenceTransformer: "module.data_eng.var.code_bucket_name (expand)" references: [var.project_name var.environment]
2026-05-15T17:35:30.065-0600 [DEBUG] ReferenceTransformer: "local.job_name (expand)" references: [var.project_name var.environment]
2026-05-15T17:35:30.065-0600 [DEBUG] ReferenceTransformer: "aws_cloudwatch_log_group.step_functions" references: [local.log_group (expand)]
2026-05-15T17:35:30.066-0600 [DEBUG] Starting graph walk: walkApply
2026-05-15T17:35:30.066-0600 [DEBUG] created provider logger: level=debug
2026-05-15T17:35:30.066-0600 [INFO]  provider: configuring client automatic mTLS
2026-05-15T17:35:30.071-0600 [DEBUG] provider: starting plugin: path=.terraform/providers/registry.terraform.io/hashicorp/aws/5.100.0/linux_amd64/terraform-provider-aws_v5.100.0_x5 args=[".terraform/providers/registry.terraform.io/hashicorp/aws/5.100.0/linux_amd64/terraform-provider-aws_v5.100.0_x5"]
2026-05-15T17:35:30.071-0600 [DEBUG] provider: plugin started: path=.terraform/providers/registry.terraform.io/hashicorp/aws/5.100.0/linux_amd64/terraform-provider-aws_v5.100.0_x5 pid=12192
2026-05-15T17:35:30.071-0600 [DEBUG] provider: waiting for RPC address: plugin=.terraform/providers/registry.terraform.io/hashicorp/aws/5.100.0/linux_amd64/terraform-provider-aws_v5.100.0_x5
2026-05-15T17:35:30.169-0600 [DEBUG] provider.terraform-provider-aws_v5.100.0_x5: Starting github.com/hashicorp/terraform-provider-aws@5.100.0 (go1.23.10)...
2026-05-15T17:35:30.169-0600 [DEBUG] provider.terraform-provider-aws_v5.100.0_x5: Initializing Terraform AWS Provider...
2026-05-15T17:35:30.202-0600 [INFO]  provider.terraform-provider-aws_v5.100.0_x5: configuring server automatic mTLS: timestamp=2026-05-15T17:35:30.202-0600
2026-05-15T17:35:30.214-0600 [DEBUG] provider: using plugin: version=5
2026-05-15T17:35:30.214-0600 [DEBUG] provider.terraform-provider-aws_v5.100.0_x5: plugin address: address=/tmp/plugin659023060 network=unix timestamp=2026-05-15T17:35:30.214-0600
2026-05-15T17:35:30.312-0600 [DEBUG] provider.terraform-provider-aws_v5.100.0_x5: Configuring Terraform AWS Provider: tf_provider_addr=registry.terraform.io/hashicorp/aws tf_req_id=75b07ad7-6ae6-56bf-47b4-50b75434405e @caller=github.com/hashicorp/terraform-provider-aws/internal/conns/config.go:144 tf_mux_provider="*schema.GRPCProviderServer" tf_rpc=ConfigureProvider @module=aws timestamp=2026-05-15T17:35:30.312-0600
2026-05-15T17:35:30.312-0600 [DEBUG] provider.terraform-provider-aws_v5.100.0_x5: Resolving credentials provider: @module=aws.aws-base tf_mux_provider="*schema.GRPCProviderServer" tf_rpc=ConfigureProvider @caller=github.com/hashicorp/aws-sdk-go-base/v2@v2.0.0-beta.65/logging/tf_logger.go:47 tf_provider_addr=registry.terraform.io/hashicorp/aws tf_req_id=75b07ad7-6ae6-56bf-47b4-50b75434405e timestamp=2026-05-15T17:35:30.312-0600
2026-05-15T17:35:30.312-0600 [DEBUG] provider.terraform-provider-aws_v5.100.0_x5: Loading configuration: tf_req_id=75b07ad7-6ae6-56bf-47b4-50b75434405e @caller=github.com/hashicorp/aws-sdk-go-base/v2@v2.0.0-beta.65/logging/tf_logger.go:47 @module=aws.aws-base tf_mux_provider="*schema.GRPCProviderServer" tf_rpc=ConfigureProvider tf_provider_addr=registry.terraform.io/hashicorp/aws timestamp=2026-05-15T17:35:30.312-0600
2026-05-15T17:35:30.312-0600 [DEBUG] provider.terraform-provider-aws_v5.100.0_x5: Retrieving credentials: tf_req_id=75b07ad7-6ae6-56bf-47b4-50b75434405e tf_rpc=ConfigureProvider tf_mux_provider="*schema.GRPCProviderServer" tf_provider_addr=registry.terraform.io/hashicorp/aws @caller=github.com/hashicorp/aws-sdk-go-base/v2@v2.0.0-beta.65/logging/tf_logger.go:47 @module=aws.aws-base timestamp=2026-05-15T17:35:30.312-0600
2026-05-15T17:35:30.312-0600 [INFO]  provider.terraform-provider-aws_v5.100.0_x5: Retrieved credentials: @caller=github.com/hashicorp/aws-sdk-go-base/v2@v2.0.0-beta.65/logging/tf_logger.go:39 @module=aws.aws-base tf_aws.credentials_source=EnvConfigCredentials tf_mux_provider="*schema.GRPCProviderServer" tf_provider_addr=registry.terraform.io/hashicorp/aws tf_rpc=ConfigureProvider tf_req_id=75b07ad7-6ae6-56bf-47b4-50b75434405e timestamp=2026-05-15T17:35:30.312-0600
2026-05-15T17:35:30.312-0600 [DEBUG] provider.terraform-provider-aws_v5.100.0_x5: Loading configuration: @caller=github.com/hashicorp/aws-sdk-go-base/v2@v2.0.0-beta.65/logging/tf_logger.go:47 tf_mux_provider="*schema.GRPCProviderServer" tf_provider_addr=registry.terraform.io/hashicorp/aws tf_rpc=ConfigureProvider @module=aws.aws-base tf_req_id=75b07ad7-6ae6-56bf-47b4-50b75434405e timestamp=2026-05-15T17:35:30.312-0600
2026-05-15T17:35:30.312-0600 [DEBUG] provider.terraform-provider-aws_v5.100.0_x5: Creating AWS SDK v1 session: tf_mux_provider="*schema.GRPCProviderServer" tf_req_id=75b07ad7-6ae6-56bf-47b4-50b75434405e @caller=github.com/hashicorp/terraform-provider-aws/internal/conns/config.go:168 tf_provider_addr=registry.terraform.io/hashicorp/aws tf_rpc=ConfigureProvider @module=aws timestamp=2026-05-15T17:35:30.312-0600
2026-05-15T17:35:30.312-0600 [DEBUG] provider.terraform-provider-aws_v5.100.0_x5: Retrieving AWS account details: @caller=github.com/hashicorp/terraform-provider-aws/internal/conns/config.go:183 tf_provider_addr=registry.terraform.io/hashicorp/aws @module=aws tf_mux_provider="*schema.GRPCProviderServer" tf_req_id=75b07ad7-6ae6-56bf-47b4-50b75434405e tf_rpc=ConfigureProvider timestamp=2026-05-15T17:35:30.312-0600
2026-05-15T17:35:30.312-0600 [DEBUG] provider.terraform-provider-aws_v5.100.0_x5: Retrieving caller identity from STS: @caller=github.com/hashicorp/aws-sdk-go-base/v2@v2.0.0-beta.65/logging/tf_logger.go:47 @module=aws.aws-base tf_mux_provider="*schema.GRPCProviderServer" tf_provider_addr=registry.terraform.io/hashicorp/aws tf_req_id=75b07ad7-6ae6-56bf-47b4-50b75434405e tf_rpc=ConfigureProvider timestamp=2026-05-15T17:35:30.312-0600
2026-05-15T17:35:30.313-0600 [DEBUG] provider.terraform-provider-aws_v5.100.0_x5: HTTP Request Sent: http.request_content_length=43 net.peer.name=sts.us-east-1.amazonaws.com tf_req_id=75b07ad7-6ae6-56bf-47b4-50b75434405e tf_rpc=ConfigureProvider aws.region=us-east-1 http.request.header.amz_sdk_invocation_id=d68c3265-fcf9-4db8-837b-88841869af6c http.request.header.amz_sdk_request="attempt=1; max=25" http.request.header.x_amz_date=20260515T233530Z http.url=https://sts.us-east-1.amazonaws.com/ tf_mux_provider="*schema.GRPCProviderServer"
  http.request.body=
  | Action=GetCallerIdentity&Version=2011-06-15
   http.user_agent="APN/1.0 HashiCorp/1.0 Terraform/1.14.8 (+https://www.terraform.io) terraform-provider-aws/5.100.0 (+https://registry.terraform.io/providers/hashicorp/aws) aws-sdk-go-v2/1.36.3 ua/2.1 os/linux lang/go#1.23.10 md/GOOS#linux md/GOARCH#amd64 api/sts#1.33.20 m/g" rpc.service=STS tf_aws.sdk=aws-sdk-go-v2 @module=aws.aws-base http.request.header.content_type=application/x-www-form-urlencoded http.request.header.x_amz_security_token="*****" rpc.method=GetCallerIdentity rpc.system=aws-api tf_aws.signing_region="" tf_provider_addr=registry.terraform.io/hashicorp/aws @caller=github.com/hashicorp/aws-sdk-go-base/v2@v2.0.0-beta.65/logging/tf_logger.go:47 http.method=POST http.request.header.authorization="AWS4-HMAC-SHA256 Credential=ASIA************3UTS/20260515/us-east-1/sts/aws4_request, SignedHeaders=amz-sdk-invocation-id;amz-sdk-request;content-length;content-type;host;x-amz-date;x-amz-security-token, Signature=*****" timestamp=2026-05-15T17:35:30.313-0600
2026-05-15T17:35:30.746-0600 [DEBUG] provider.terraform-provider-aws_v5.100.0_x5: HTTP Response Received: tf_req_id=75b07ad7-6ae6-56bf-47b4-50b75434405e @module=aws.aws-base aws.region=us-east-1 rpc.method=GetCallerIdentity tf_aws.sdk=aws-sdk-go-v2 http.duration=433 http.response.header.x_amzn_requestid=15f4453e-5c2c-466c-8f29-80a66a0993cc http.response_content_length=488 http.response.header.content_type=text/xml http.response.header.x_amz_sts_extended_request_id=MTp1cy1lYXN0LTE6UzoxNzc4ODg4MTMwNjIxOlI6bDhQcTFrenY= http.status_code=200 rpc.service=STS tf_aws.signing_region="" tf_mux_provider="*schema.GRPCProviderServer" tf_provider_addr=registry.terraform.io/hashicorp/aws tf_rpc=ConfigureProvider @caller=github.com/hashicorp/aws-sdk-go-base/v2@v2.0.0-beta.65/logging/tf_logger.go:47
  http.response.body=
  | <GetCallerIdentityResponse xmlns="https://sts.amazonaws.com/doc/2011-06-15/">
  |   <GetCallerIdentityResult>
  |     <Arn>arn:aws:sts::979054355848:assumed-role/AWSReservedSSO_AdministratorAccess_f4e51615a0cc84f7/JulianRodriguez</Arn>
  |     <UserId>AROA*************2WWW:JulianRodriguez</UserId>
  |     <Account>979054355848</Account>
  |   </GetCallerIdentityResult>
  |   <ResponseMetadata>
  |     <RequestId>15f4453e-5c2c-466c-8f29-80a66a0993cc</RequestId>
  |   </ResponseMetadata>
  | </GetCallerIdentityResponse>
   http.response.header.date="Fri, 15 May 2026 23:35:30 GMT" rpc.system=aws-api timestamp=2026-05-15T17:35:30.746-0600
2026-05-15T17:35:30.746-0600 [INFO]  provider.terraform-provider-aws_v5.100.0_x5: Retrieved caller identity from STS: @caller=github.com/hashicorp/aws-sdk-go-base/v2@v2.0.0-beta.65/logging/tf_logger.go:39 @module=aws.aws-base tf_mux_provider="*schema.GRPCProviderServer" tf_provider_addr=registry.terraform.io/hashicorp/aws tf_req_id=75b07ad7-6ae6-56bf-47b4-50b75434405e tf_rpc=ConfigureProvider timestamp=2026-05-15T17:35:30.746-0600
2026-05-15T17:35:30.758-0600 [WARN]  Provider "registry.terraform.io/hashicorp/aws" produced an invalid plan for aws_cloudwatch_log_group.step_functions, but we are tolerating it because it is using the legacy plugin SDK.
    The following problems may be the cause of any confusing errors from downstream operations:
      - .skip_destroy: planned value cty.False for a non-computed attribute
[0m[1maws_s3_bucket_notification.raw_bucket_notifications: Creating...[0m[0m
2026-05-15T17:35:30.759-0600 [INFO]  Starting apply for aws_s3_bucket_notification.raw_bucket_notifications
[0m[1maws_cloudwatch_log_group.step_functions: Creating...[0m[0m
2026-05-15T17:35:30.759-0600 [INFO]  Starting apply for aws_cloudwatch_log_group.step_functions
2026-05-15T17:35:30.759-0600 [DEBUG] aws_s3_bucket_notification.raw_bucket_notifications: applying the planned Create change
2026-05-15T17:35:30.759-0600 [DEBUG] aws_cloudwatch_log_group.step_functions: applying the planned Create change
2026-05-15T17:35:30.759-0600 [WARN]  Provider "registry.terraform.io/hashicorp/aws" produced an invalid plan for module.data_eng.aws_iam_role.glue_crawler_role, but we are tolerating it because it is using the legacy plugin SDK.
    The following problems may be the cause of any confusing errors from downstream operations:
      - .force_detach_policies: planned value cty.False for a non-computed attribute
      - .max_session_duration: planned value cty.NumberIntVal(3600) for a non-computed attribute
      - .path: planned value cty.StringVal("/") for a non-computed attribute
      - .inline_policy: attribute representing nested block must not be unknown itself; set nested attribute values to unknown instead
2026-05-15T17:35:30.759-0600 [WARN]  Provider "registry.terraform.io/hashicorp/aws" produced an invalid plan for aws_iam_role.eventbridge_role, but we are tolerating it because it is using the legacy plugin SDK.
    The following problems may be the cause of any confusing errors from downstream operations:
      - .force_detach_policies: planned value cty.False for a non-computed attribute
      - .max_session_duration: planned value cty.NumberIntVal(3600) for a non-computed attribute
      - .path: planned value cty.StringVal("/") for a non-computed attribute
      - .inline_policy: attribute representing nested block must not be unknown itself; set nested attribute values to unknown instead
2026-05-15T17:35:30.759-0600 [WARN]  Provider "registry.terraform.io/hashicorp/aws" produced an invalid plan for aws_cloudwatch_event_rule.s3_raw_upload, but we are tolerating it because it is using the legacy plugin SDK.
    The following problems may be the cause of any confusing errors from downstream operations:
      - .force_destroy: planned value cty.False for a non-computed attribute
      - .event_bus_name: planned value cty.StringVal("default") for a non-computed attribute
2026-05-15T17:35:30.759-0600 [WARN]  Provider "registry.terraform.io/hashicorp/aws" produced an invalid plan for module.data_eng.aws_glue_catalog_database.main, but we are tolerating it because it is using the legacy plugin SDK.
    The following problems may be the cause of any confusing errors from downstream operations:
      - .create_table_default_permission: attribute representing nested block must not be unknown itself; set nested attribute values to unknown instead
[0m[1maws_cloudwatch_event_rule.s3_raw_upload: Creating...[0m[0m
2026-05-15T17:35:30.759-0600 [INFO]  Starting apply for aws_cloudwatch_event_rule.s3_raw_upload
[0m[1mmodule.data_eng.aws_glue_catalog_database.main: Creating...[0m[0m
2026-05-15T17:35:30.759-0600 [INFO]  Starting apply for module.data_eng.aws_glue_catalog_database.main
[0m[1mmodule.data_eng.aws_iam_role.glue_crawler_role: Creating...[0m[0m
2026-05-15T17:35:30.759-0600 [INFO]  Starting apply for module.data_eng.aws_iam_role.glue_crawler_role
2026-05-15T17:35:30.759-0600 [DEBUG] provider.terraform-provider-aws_v5.100.0_x5: [DEBUG] setting computed for "tags_all" from ComputedKeys
[0m[1maws_iam_role.eventbridge_role: Creating...[0m[0m
2026-05-15T17:35:30.759-0600 [DEBUG] aws_cloudwatch_event_rule.s3_raw_upload: applying the planned Create change
2026-05-15T17:35:30.759-0600 [INFO]  Starting apply for aws_iam_role.eventbridge_role
2026-05-15T17:35:30.759-0600 [DEBUG] module.data_eng.aws_glue_catalog_database.main: applying the planned Create change
2026-05-15T17:35:30.759-0600 [DEBUG] module.data_eng.aws_iam_role.glue_crawler_role: applying the planned Create change
2026-05-15T17:35:30.759-0600 [WARN]  Provider "registry.terraform.io/hashicorp/aws" produced an invalid plan for aws_iam_role.step_functions_role, but we are tolerating it because it is using the legacy plugin SDK.
    The following problems may be the cause of any confusing errors from downstream operations:
      - .force_detach_policies: planned value cty.False for a non-computed attribute
      - .max_session_duration: planned value cty.NumberIntVal(3600) for a non-computed attribute
      - .path: planned value cty.StringVal("/") for a non-computed attribute
      - .inline_policy: attribute representing nested block must not be unknown itself; set nested attribute values to unknown instead
2026-05-15T17:35:30.760-0600 [INFO]  provider.terraform-provider-aws_v5.100.0_x5: overriding region: tf_mux_provider="*schema.GRPCProviderServer" tf_rpc=ApplyResourceChange @caller=github.com/hashicorp/terraform-provider-aws/internal/service/s3/service_package.go:29 original_region=us-east-1 tf_aws.service_package=s3 tf_provider_addr=registry.terraform.io/hashicorp/aws tf_req_id=7977b6b5-07e5-6363-610a-529ccd880c1d tf_resource_type=aws_s3_bucket_notification @module=aws override_region=aws-global timestamp=2026-05-15T17:35:30.759-0600
[0m[1maws_iam_role.step_functions_role: Creating...[0m[0m
2026-05-15T17:35:30.760-0600 [DEBUG] aws_iam_role.eventbridge_role: applying the planned Create change
2026-05-15T17:35:30.760-0600 [DEBUG] provider.terraform-provider-aws_v5.100.0_x5: [DEBUG] Waiting for state to become: [success]
2026-05-15T17:35:30.760-0600 [INFO]  Starting apply for aws_iam_role.step_functions_role
2026-05-15T17:35:30.760-0600 [DEBUG] provider.terraform-provider-aws_v5.100.0_x5: [DEBUG] setting computed for "tags_all" from ComputedKeys
2026-05-15T17:35:30.760-0600 [DEBUG] aws_iam_role.step_functions_role: applying the planned Create change
2026-05-15T17:35:30.760-0600 [DEBUG] provider.terraform-provider-aws_v5.100.0_x5: [DEBUG] setting computed for "tags_all" from ComputedKeys
2026-05-15T17:35:30.760-0600 [DEBUG] provider.terraform-provider-aws_v5.100.0_x5: [DEBUG] setting computed for "tags_all" from ComputedKeys
2026-05-15T17:35:30.760-0600 [DEBUG] provider.terraform-provider-aws_v5.100.0_x5: [DEBUG] setting computed for "managed_policy_arns" from ComputedKeys
2026-05-15T17:35:30.760-0600 [DEBUG] provider.terraform-provider-aws_v5.100.0_x5: [DEBUG] setting computed for "create_table_default_permission" from ComputedKeys
2026-05-15T17:35:30.760-0600 [DEBUG] provider.terraform-provider-aws_v5.100.0_x5: [DEBUG] Waiting for state to become: [success]
2026-05-15T17:35:30.760-0600 [DEBUG] provider.terraform-provider-aws_v5.100.0_x5: [DEBUG] setting computed for "inline_policy" from ComputedKeys
2026-05-15T17:35:30.760-0600 [DEBUG] provider.terraform-provider-aws_v5.100.0_x5: HTTP Request Sent: net.peer.name=logs.us-east-1.amazonaws.com tf_rpc=ApplyResourceChange http.request.header.amz_sdk_invocation_id=bcf699da-6ad5-4b26-977f-b24ce91748f7 http.request.header.authorization="AWS4-HMAC-SHA256 Credential=ASIA************3UTS/20260515/us-east-1/logs/aws4_request, SignedHeaders=amz-sdk-invocation-id;amz-sdk-request;content-length;content-type;host;x-amz-date;x-amz-security-token;x-amz-target, Signature=*****" http.request.header.x_amz_target=Logs_20140328.CreateLogGroup http.request_content_length=69 http.user_agent="APN/1.0 HashiCorp/1.0 Terraform/1.14.8 (+https://www.terraform.io) terraform-provider-aws/5.100.0 (+https://registry.terraform.io/providers/hashicorp/aws) aws-sdk-go-v2/1.36.3 ua/2.1 os/linux lang/go#1.23.10 md/GOOS#linux md/GOARCH#amd64 api/cloudwatchlogs#1.50.1 m/g" tf_req_id=98d89b74-3576-fc8b-8ff3-50119b180926 aws.region=us-east-1 http.url=https://logs.us-east-1.amazonaws.com/ rpc.method=CreateLogGroup tf_aws.sdk=aws-sdk-go-v2 tf_provider_addr=registry.terraform.io/hashicorp/aws http.method=POST http.request.header.amz_sdk_request="attempt=1; max=25" http.request.header.x_amz_security_token="*****" rpc.service="CloudWatch Logs" tf_resource_type=aws_cloudwatch_log_group http.request.header.x_amz_date=20260515T233530Z tf_aws.signing_region=""
  http.request.body=
  | {"logGroupName":"/aws/states/waste-classifier-dev-etl-orchestration"}
   rpc.system=aws-api tf_mux_provider="*schema.GRPCProviderServer" @caller=github.com/hashicorp/aws-sdk-go-base/v2@v2.0.0-beta.65/logging/tf_logger.go:45 @module=aws http.request.header.content_type=application/x-amz-json-1.1 timestamp=2026-05-15T17:35:30.760-0600
2026-05-15T17:35:30.760-0600 [DEBUG] provider.terraform-provider-aws_v5.100.0_x5: [DEBUG] Waiting for state to become: [success]
2026-05-15T17:35:30.760-0600 [DEBUG] provider.terraform-provider-aws_v5.100.0_x5: HTTP Request Sent: rpc.system=aws-api tf_provider_addr=registry.terraform.io/hashicorp/aws tf_req_id=7977b6b5-07e5-6363-610a-529ccd880c1d @module=aws
  http.request.body=
  | <NotificationConfiguration xmlns="http://s3.amazonaws.com/doc/2006-03-01/"><EventBridgeConfiguration></EventBridgeConfiguration></NotificationConfiguration>
   http.user_agent="APN/1.0 HashiCorp/1.0 Terraform/1.14.8 (+https://www.terraform.io) terraform-provider-aws/5.100.0 (+https://registry.terraform.io/providers/hashicorp/aws) aws-sdk-go-v2/1.36.3 ua/2.1 os/linux lang/go#1.23.10 md/GOOS#linux md/GOARCH#amd64 api/s3#1.80.1 m/g" http.request.header.accept_encoding=identity rpc.method=PutBucketNotificationConfiguration http.method=PUT http.request.header.amz_sdk_invocation_id=c46bc1d8-191e-49f3-9fa3-a99c2b3aa6e5 rpc.service=S3 tf_mux_provider="*schema.GRPCProviderServer" tf_rpc=ApplyResourceChange http.request.header.amz_sdk_request="attempt=1; max=25" http.request.header.x_amz_content_sha256=88f2e83f368ad7ee1b2859512539a8e91caea5a7fd35809bb7ae3733054bd897 http.request.header.x_amz_date=20260515T233530Z http.request_content_length=156 http.url=https://waste-classifier-dev-raw.s3.amazonaws.com/?notification= tf_resource_type=aws_s3_bucket_notification aws.region=aws-global tf_aws.sdk=aws-sdk-go-v2 http.request.header.authorization="AWS4-HMAC-SHA256 Credential=ASIA************3UTS/20260515/us-east-1/s3/aws4_request, SignedHeaders=accept-encoding;amz-sdk-invocation-id;amz-sdk-request;content-length;content-type;host;x-amz-content-sha256;x-amz-date;x-amz-security-token, Signature=*****" http.request.header.content_type=application/xml net.peer.name=waste-classifier-dev-raw.s3.amazonaws.com tf_aws.signing_region="" @caller=github.com/hashicorp/aws-sdk-go-base/v2@v2.0.0-beta.65/logging/tf_logger.go:45 http.request.header.x_amz_security_token="*****" timestamp=2026-05-15T17:35:30.760-0600
2026-05-15T17:35:30.761-0600 [DEBUG] provider.terraform-provider-aws_v5.100.0_x5: HTTP Request Sent: @module=aws tf_aws.sdk=aws-sdk-go-v2 net.peer.name=events.us-east-1.amazonaws.com rpc.service=EventBridge tf_provider_addr=registry.terraform.io/hashicorp/aws tf_rpc=ApplyResourceChange http.request.header.authorization="AWS4-HMAC-SHA256 Credential=ASIA************3UTS/20260515/us-east-1/events/aws4_request, SignedHeaders=amz-sdk-invocation-id;amz-sdk-request;content-length;content-type;host;x-amz-date;x-amz-security-token;x-amz-target, Signature=*****" http.method=POST tf_req_id=9c7280cd-3e24-a827-2604-cf83c74f8394 http.request.header.x_amz_target=AWSEvents.PutRule http.url=https://events.us-east-1.amazonaws.com/ rpc.system=aws-api tf_mux_provider="*schema.GRPCProviderServer" @caller=github.com/hashicorp/aws-sdk-go-base/v2@v2.0.0-beta.65/logging/tf_logger.go:45 aws.region=us-east-1
  http.request.body=
  | {"Description":"Trigger ETL workflow on new file upload to raw bucket","EventBusName":"default","EventPattern":"{\"detail\":{\"bucket\":{\"name\":[\"waste-classifier-dev-raw\"]}},\"detail-type\":[\"Object Created\"],\"source\":[\"aws.s3\"]}","Name":"waste-classifier-dev-s3-raw-upload"}
   http.request.header.amz_sdk_request="attempt=1; max=25" http.user_agent="APN/1.0 HashiCorp/1.0 Terraform/1.14.8 (+https://www.terraform.io) terraform-provider-aws/5.100.0 (+https://registry.terraform.io/providers/hashicorp/aws) aws-sdk-go-v2/1.36.3 ua/2.1 os/linux lang/go#1.23.10 md/GOOS#linux md/GOARCH#amd64 api/eventbridge#1.39.1 m/g" http.request.header.content_type=application/x-amz-json-1.1 http.request.header.x_amz_security_token="*****" http.request.header.amz_sdk_invocation_id=384744ae-2c1f-4138-bd94-1470c20c5192 http.request_content_length=286 rpc.method=PutRule tf_aws.signing_region="" tf_resource_type=aws_cloudwatch_event_rule http.request.header.x_amz_date=20260515T233530Z timestamp=2026-05-15T17:35:30.760-0600
2026-05-15T17:35:30.761-0600 [DEBUG] provider.terraform-provider-aws_v5.100.0_x5: HTTP Request Sent: @caller=github.com/hashicorp/aws-sdk-go-base/v2@v2.0.0-beta.65/logging/tf_logger.go:45 http.request.header.amz_sdk_invocation_id=207387e2-d168-4746-9bde-f40801bcfc3e http.request.header.x_amz_security_token="*****" http.user_agent="APN/1.0 HashiCorp/1.0 Terraform/1.14.8 (+https://www.terraform.io) terraform-provider-aws/5.100.0 (+https://registry.terraform.io/providers/hashicorp/aws) aws-sdk-go-v2/1.36.3 ua/2.1 os/linux lang/go#1.23.10 md/GOOS#linux md/GOARCH#amd64 api/glue#1.113.0 m/g" net.peer.name=glue.us-east-1.amazonaws.com rpc.method=CreateDatabase tf_rpc=ApplyResourceChange tf_mux_provider="*schema.GRPCProviderServer" @module=aws http.request.header.amz_sdk_request="attempt=1; max=25" http.request_content_length=84 http.url=https://glue.us-east-1.amazonaws.com/
  http.request.body=
  | {"CatalogId":"979054355848","DatabaseInput":{"Name":"waste-classifier_dev_catalog"}}
   http.request.header.authorization="AWS4-HMAC-SHA256 Credential=ASIA************3UTS/20260515/us-east-1/glue/aws4_request, SignedHeaders=amz-sdk-invocation-id;amz-sdk-request;content-length;content-type;host;x-amz-date;x-amz-security-token;x-amz-target, Signature=*****" tf_aws.signing_region="" http.method=POST http.request.header.x_amz_date=20260515T233530Z http.request.header.x_amz_target=AWSGlue.CreateDatabase rpc.system=aws-api rpc.service=Glue tf_aws.sdk=aws-sdk-go-v2 http.request.header.content_type=application/x-amz-json-1.1 aws.region=us-east-1 tf_provider_addr=registry.terraform.io/hashicorp/aws tf_req_id=e75d4a10-9b3b-296d-bd19-60ea61824c9e tf_resource_type=aws_glue_catalog_database timestamp=2026-05-15T17:35:30.760-0600
2026-05-15T17:35:30.761-0600 [DEBUG] provider.terraform-provider-aws_v5.100.0_x5: HTTP Request Sent: @module=aws http.request.header.amz_sdk_invocation_id=04d7657b-204f-4af7-8b63-c53f169d7443 http.request.header.x_amz_date=20260515T233530Z http.request.header.x_amz_security_token="*****" http.url=https://iam.amazonaws.com/ rpc.method=CreateRole tf_aws.signing_region="" aws.region=us-east-1
  http.request.body=
  | Action=CreateRole&AssumeRolePolicyDocument=%7B%22Statement%22%3A%5B%7B%22Action%22%3A%22sts%3AAssumeRole%22%2C%22Effect%22%3A%22Allow%22%2C%22Principal%22%3A%7B%22Service%22%3A%22glue.amazonaws.com%22%7D%7D%5D%2C%22Version%22%3A%222012-10-17%22%7D&MaxSessionDuration=3600&Path=%2F&RoleName=waste-classifier-dev-glue-crawler-role&Version=2010-05-08
   http.request.header.amz_sdk_request="attempt=1; max=25" http.request_content_length=347 http.user_agent="APN/1.0 HashiCorp/1.0 Terraform/1.14.8 (+https://www.terraform.io) terraform-provider-aws/5.100.0 (+https://registry.terraform.io/providers/hashicorp/aws) aws-sdk-go-v2/1.36.3 ua/2.1 os/linux lang/go#1.23.10 md/GOOS#linux md/GOARCH#amd64 api/iam#1.42.0 m/g" net.peer.name=iam.amazonaws.com http.method=POST http.request.header.authorization="AWS4-HMAC-SHA256 Credential=ASIA************3UTS/20260515/us-east-1/iam/aws4_request, SignedHeaders=amz-sdk-invocation-id;amz-sdk-request;content-length;content-type;host;x-amz-date;x-amz-security-token, Signature=*****" rpc.service=IAM rpc.system=aws-api tf_aws.sdk=aws-sdk-go-v2 @caller=github.com/hashicorp/aws-sdk-go-base/v2@v2.0.0-beta.65/logging/tf_logger.go:45 http.request.header.content_type=application/x-www-form-urlencoded tf_mux_provider="*schema.GRPCProviderServer" tf_provider_addr=registry.terraform.io/hashicorp/aws tf_req_id=6560a94a-aea7-43cb-ff5d-56401ddcb967 tf_resource_type=aws_iam_role tf_rpc=ApplyResourceChange timestamp=2026-05-15T17:35:30.761-0600
2026-05-15T17:35:30.761-0600 [DEBUG] provider.terraform-provider-aws_v5.100.0_x5: [DEBUG] setting computed for "inline_policy" from ComputedKeys
2026-05-15T17:35:30.761-0600 [DEBUG] provider.terraform-provider-aws_v5.100.0_x5: [DEBUG] setting computed for "tags_all" from ComputedKeys
2026-05-15T17:35:30.761-0600 [DEBUG] provider.terraform-provider-aws_v5.100.0_x5: [DEBUG] setting computed for "managed_policy_arns" from ComputedKeys
2026-05-15T17:35:30.761-0600 [DEBUG] provider.terraform-provider-aws_v5.100.0_x5: [DEBUG] setting computed for "tags_all" from ComputedKeys
2026-05-15T17:35:30.761-0600 [DEBUG] provider.terraform-provider-aws_v5.100.0_x5: [DEBUG] setting computed for "managed_policy_arns" from ComputedKeys
2026-05-15T17:35:30.761-0600 [DEBUG] provider.terraform-provider-aws_v5.100.0_x5: [DEBUG] Waiting for state to become: [success]
2026-05-15T17:35:30.761-0600 [DEBUG] provider.terraform-provider-aws_v5.100.0_x5: [DEBUG] setting computed for "inline_policy" from ComputedKeys
2026-05-15T17:35:30.761-0600 [DEBUG] provider.terraform-provider-aws_v5.100.0_x5: [DEBUG] Waiting for state to become: [success]
2026-05-15T17:35:30.761-0600 [DEBUG] provider.terraform-provider-aws_v5.100.0_x5: HTTP Request Sent: http.user_agent="APN/1.0 HashiCorp/1.0 Terraform/1.14.8 (+https://www.terraform.io) terraform-provider-aws/5.100.0 (+https://registry.terraform.io/providers/hashicorp/aws) aws-sdk-go-v2/1.36.3 ua/2.1 os/linux lang/go#1.23.10 md/GOOS#linux md/GOARCH#amd64 api/iam#1.42.0 m/g" tf_aws.sdk=aws-sdk-go-v2 tf_aws.signing_region="" tf_resource_type=aws_iam_role http.request.header.x_amz_date=20260515T233530Z @module=aws aws.region=us-east-1
  http.request.body=
  | Action=CreateRole&AssumeRolePolicyDocument=%7B%22Statement%22%3A%5B%7B%22Action%22%3A%22sts%3AAssumeRole%22%2C%22Effect%22%3A%22Allow%22%2C%22Principal%22%3A%7B%22Service%22%3A%22events.amazonaws.com%22%7D%7D%5D%2C%22Version%22%3A%222012-10-17%22%7D&MaxSessionDuration=3600&Path=%2F&RoleName=waste-classifier-dev-eventbridge-role&Version=2010-05-08
   http.request_content_length=348 tf_mux_provider="*schema.GRPCProviderServer" tf_req_id=43522324-cfd5-1f1c-f805-33e5c8c8d573 tf_rpc=ApplyResourceChange http.request.header.amz_sdk_invocation_id=8f6fa858-9f30-4ba1-9722-82cc3c520d98 http.request.header.x_amz_security_token="*****" rpc.service=IAM rpc.system=aws-api tf_provider_addr=registry.terraform.io/hashicorp/aws http.request.header.amz_sdk_request="attempt=1; max=25" @caller=github.com/hashicorp/aws-sdk-go-base/v2@v2.0.0-beta.65/logging/tf_logger.go:45 http.method=POST net.peer.name=iam.amazonaws.com rpc.method=CreateRole http.request.header.authorization="AWS4-HMAC-SHA256 Credential=ASIA************3UTS/20260515/us-east-1/iam/aws4_request, SignedHeaders=amz-sdk-invocation-id;amz-sdk-request;content-length;content-type;host;x-amz-date;x-amz-security-token, Signature=*****" http.request.header.content_type=application/x-www-form-urlencoded http.url=https://iam.amazonaws.com/ timestamp=2026-05-15T17:35:30.761-0600
2026-05-15T17:35:30.761-0600 [DEBUG] provider.terraform-provider-aws_v5.100.0_x5: HTTP Request Sent: tf_provider_addr=registry.terraform.io/hashicorp/aws tf_rpc=ApplyResourceChange @caller=github.com/hashicorp/aws-sdk-go-base/v2@v2.0.0-beta.65/logging/tf_logger.go:45
  http.request.body=
  | Action=CreateRole&AssumeRolePolicyDocument=%7B%22Statement%22%3A%5B%7B%22Action%22%3A%22sts%3AAssumeRole%22%2C%22Effect%22%3A%22Allow%22%2C%22Principal%22%3A%7B%22Service%22%3A%22states.amazonaws.com%22%7D%7D%5D%2C%22Version%22%3A%222012-10-17%22%7D&MaxSessionDuration=3600&Path=%2F&RoleName=waste-classifier-dev-step-functions-role&Version=2010-05-08
   rpc.service=IAM tf_req_id=35087195-dab2-6469-8765-33cf2d1f137b @module=aws http.method=POST http.request.header.amz_sdk_request="attempt=1; max=25" http.request.header.x_amz_date=20260515T233530Z http.url=https://iam.amazonaws.com/ http.user_agent="APN/1.0 HashiCorp/1.0 Terraform/1.14.8 (+https://www.terraform.io) terraform-provider-aws/5.100.0 (+https://registry.terraform.io/providers/hashicorp/aws) aws-sdk-go-v2/1.36.3 ua/2.1 os/linux lang/go#1.23.10 md/GOOS#linux md/GOARCH#amd64 api/iam#1.42.0 m/g" rpc.method=CreateRole aws.region=us-east-1 http.request.header.amz_sdk_invocation_id=877f298a-0df0-4a44-8d27-90ad0b8600d7 http.request_content_length=351 net.peer.name=iam.amazonaws.com rpc.system=aws-api tf_aws.sdk=aws-sdk-go-v2 tf_aws.signing_region="" tf_resource_type=aws_iam_role http.request.header.authorization="AWS4-HMAC-SHA256 Credential=ASIA************3UTS/20260515/us-east-1/iam/aws4_request, SignedHeaders=amz-sdk-invocation-id;amz-sdk-request;content-length;content-type;host;x-amz-date;x-amz-security-token, Signature=*****" http.request.header.content_type=application/x-www-form-urlencoded http.request.header.x_amz_security_token="*****" tf_mux_provider="*schema.GRPCProviderServer" timestamp=2026-05-15T17:35:30.761-0600
2026-05-15T17:35:30.762-0600 [WARN]  Provider "registry.terraform.io/hashicorp/aws" produced an invalid plan for module.storage.aws_s3_bucket.code, but we are tolerating it because it is using the legacy plugin SDK.
    The following problems may be the cause of any confusing errors from downstream operations:
      - .logging: attribute representing nested block must not be unknown itself; set nested attribute values to unknown instead
      - .server_side_encryption_configuration: attribute representing nested block must not be unknown itself; set nested attribute values to unknown instead
      - .versioning: attribute representing nested block must not be unknown itself; set nested attribute values to unknown instead
      - .cors_rule: attribute representing nested block must not be unknown itself; set nested attribute values to unknown instead
      - .grant: attribute representing nested block must not be unknown itself; set nested attribute values to unknown instead
      - .lifecycle_rule: attribute representing nested block must not be unknown itself; set nested attribute values to unknown instead
      - .object_lock_configuration: attribute representing nested block must not be unknown itself; set nested attribute values to unknown instead
      - .replication_configuration: attribute representing nested block must not be unknown itself; set nested attribute values to unknown instead
      - .website: attribute representing nested block must not be unknown itself; set nested attribute values to unknown instead
[0m[1mmodule.storage.aws_s3_bucket.code: Creating...[0m[0m
2026-05-15T17:35:30.762-0600 [INFO]  Starting apply for module.storage.aws_s3_bucket.code
2026-05-15T17:35:30.762-0600 [WARN]  Provider "registry.terraform.io/hashicorp/aws" produced an invalid plan for module.storage.aws_s3_bucket.processed, but we are tolerating it because it is using the legacy plugin SDK.
    The following problems may be the cause of any confusing errors from downstream operations:
      - .object_lock_configuration: attribute representing nested block must not be unknown itself; set nested attribute values to unknown instead
      - .replication_configuration: attribute representing nested block must not be unknown itself; set nested attribute values to unknown instead
      - .website: attribute representing nested block must not be unknown itself; set nested attribute values to unknown instead
      - .logging: attribute representing nested block must not be unknown itself; set nested attribute values to unknown instead
      - .server_side_encryption_configuration: attribute representing nested block must not be unknown itself; set nested attribute values to unknown instead
      - .versioning: attribute representing nested block must not be unknown itself; set nested attribute values to unknown instead
      - .cors_rule: attribute representing nested block must not be unknown itself; set nested attribute values to unknown instead
      - .grant: attribute representing nested block must not be unknown itself; set nested attribute values to unknown instead
      - .lifecycle_rule: attribute representing nested block must not be unknown itself; set nested attribute values to unknown instead
2026-05-15T17:35:30.762-0600 [DEBUG] module.storage.aws_s3_bucket.code: applying the planned Create change
[0m[1mmodule.storage.aws_s3_bucket.processed: Creating...[0m[0m
2026-05-15T17:35:30.762-0600 [WARN]  Provider "registry.terraform.io/hashicorp/aws" produced an invalid plan for module.storage.aws_s3_bucket.raw, but we are tolerating it because it is using the legacy plugin SDK.
    The following problems may be the cause of any confusing errors from downstream operations:
      - .object_lock_configuration: attribute representing nested block must not be unknown itself; set nested attribute values to unknown instead
      - .replication_configuration: attribute representing nested block must not be unknown itself; set nested attribute values to unknown instead
      - .website: attribute representing nested block must not be unknown itself; set nested attribute values to unknown instead
      - .logging: attribute representing nested block must not be unknown itself; set nested attribute values to unknown instead
      - .server_side_encryption_configuration: attribute representing nested block must not be unknown itself; set nested attribute values to unknown instead
      - .versioning: attribute representing nested block must not be unknown itself; set nested attribute values to unknown instead
      - .cors_rule: attribute representing nested block must not be unknown itself; set nested attribute values to unknown instead
      - .grant: attribute representing nested block must not be unknown itself; set nested attribute values to unknown instead
      - .lifecycle_rule: attribute representing nested block must not be unknown itself; set nested attribute values to unknown instead
2026-05-15T17:35:30.763-0600 [INFO]  Starting apply for module.storage.aws_s3_bucket.processed
[0m[1mmodule.storage.aws_s3_bucket.raw: Creating...[0m[0m
2026-05-15T17:35:30.763-0600 [INFO]  Starting apply for module.storage.aws_s3_bucket.raw
2026-05-15T17:35:30.763-0600 [DEBUG] module.storage.aws_s3_bucket.processed: applying the planned Create change
2026-05-15T17:35:30.763-0600 [DEBUG] module.storage.aws_s3_bucket.raw: applying the planned Create change
2026-05-15T17:35:30.763-0600 [DEBUG] provider.terraform-provider-aws_v5.100.0_x5: [DEBUG] setting computed for "versioning" from ComputedKeys
2026-05-15T17:35:30.763-0600 [DEBUG] provider.terraform-provider-aws_v5.100.0_x5: [DEBUG] setting computed for "grant" from ComputedKeys
2026-05-15T17:35:30.763-0600 [DEBUG] provider.terraform-provider-aws_v5.100.0_x5: [DEBUG] setting computed for "website" from ComputedKeys
2026-05-15T17:35:30.763-0600 [DEBUG] provider.terraform-provider-aws_v5.100.0_x5: [DEBUG] setting computed for "cors_rule" from ComputedKeys
2026-05-15T17:35:30.763-0600 [DEBUG] provider.terraform-provider-aws_v5.100.0_x5: [DEBUG] setting computed for "server_side_encryption_configuration" from ComputedKeys
2026-05-15T17:35:30.763-0600 [DEBUG] provider.terraform-provider-aws_v5.100.0_x5: [DEBUG] setting computed for "tags_all" from ComputedKeys
2026-05-15T17:35:30.763-0600 [DEBUG] provider.terraform-provider-aws_v5.100.0_x5: [DEBUG] setting computed for "lifecycle_rule" from ComputedKeys
2026-05-15T17:35:30.763-0600 [DEBUG] provider.terraform-provider-aws_v5.100.0_x5: [DEBUG] setting computed for "replication_configuration" from ComputedKeys
2026-05-15T17:35:30.763-0600 [DEBUG] provider.terraform-provider-aws_v5.100.0_x5: [DEBUG] setting computed for "object_lock_configuration" from ComputedKeys
2026-05-15T17:35:30.763-0600 [DEBUG] provider.terraform-provider-aws_v5.100.0_x5: [DEBUG] setting computed for "logging" from ComputedKeys
2026-05-15T17:35:30.763-0600 [DEBUG] provider.terraform-provider-aws_v5.100.0_x5: [DEBUG] setting computed for "website" from ComputedKeys
2026-05-15T17:35:30.763-0600 [DEBUG] provider.terraform-provider-aws_v5.100.0_x5: [DEBUG] setting computed for "replication_configuration" from ComputedKeys
2026-05-15T17:35:30.763-0600 [DEBUG] provider.terraform-provider-aws_v5.100.0_x5: [DEBUG] setting computed for "versioning" from ComputedKeys
2026-05-15T17:35:30.763-0600 [DEBUG] provider.terraform-provider-aws_v5.100.0_x5: [DEBUG] setting computed for "tags_all" from ComputedKeys
2026-05-15T17:35:30.763-0600 [DEBUG] provider.terraform-provider-aws_v5.100.0_x5: [DEBUG] setting computed for "server_side_encryption_configuration" from ComputedKeys
2026-05-15T17:35:30.763-0600 [DEBUG] provider.terraform-provider-aws_v5.100.0_x5: [DEBUG] setting computed for "object_lock_configuration" from ComputedKeys
2026-05-15T17:35:30.763-0600 [DEBUG] provider.terraform-provider-aws_v5.100.0_x5: [DEBUG] setting computed for "website" from ComputedKeys
2026-05-15T17:35:30.763-0600 [DEBUG] provider.terraform-provider-aws_v5.100.0_x5: [DEBUG] setting computed for "grant" from ComputedKeys
2026-05-15T17:35:30.763-0600 [DEBUG] provider.terraform-provider-aws_v5.100.0_x5: [DEBUG] setting computed for "versioning" from ComputedKeys
2026-05-15T17:35:30.763-0600 [DEBUG] provider.terraform-provider-aws_v5.100.0_x5: [DEBUG] setting computed for "cors_rule" from ComputedKeys
2026-05-15T17:35:30.763-0600 [DEBUG] provider.terraform-provider-aws_v5.100.0_x5: [DEBUG] setting computed for "lifecycle_rule" from ComputedKeys
2026-05-15T17:35:30.763-0600 [DEBUG] provider.terraform-provider-aws_v5.100.0_x5: [DEBUG] setting computed for "replication_configuration" from ComputedKeys
2026-05-15T17:35:30.763-0600 [DEBUG] provider.terraform-provider-aws_v5.100.0_x5: [DEBUG] setting computed for "object_lock_configuration" from ComputedKeys
2026-05-15T17:35:30.763-0600 [DEBUG] provider.terraform-provider-aws_v5.100.0_x5: [DEBUG] setting computed for "server_side_encryption_configuration" from ComputedKeys
2026-05-15T17:35:30.763-0600 [DEBUG] provider.terraform-provider-aws_v5.100.0_x5: [DEBUG] setting computed for "logging" from ComputedKeys
2026-05-15T17:35:30.763-0600 [DEBUG] provider.terraform-provider-aws_v5.100.0_x5: [DEBUG] setting computed for "lifecycle_rule" from ComputedKeys
2026-05-15T17:35:30.763-0600 [DEBUG] provider.terraform-provider-aws_v5.100.0_x5: [DEBUG] setting computed for "cors_rule" from ComputedKeys
2026-05-15T17:35:30.763-0600 [DEBUG] provider.terraform-provider-aws_v5.100.0_x5: [DEBUG] setting computed for "logging" from ComputedKeys
2026-05-15T17:35:30.763-0600 [DEBUG] provider.terraform-provider-aws_v5.100.0_x5: [DEBUG] setting computed for "tags_all" from ComputedKeys
2026-05-15T17:35:30.763-0600 [DEBUG] provider.terraform-provider-aws_v5.100.0_x5: [DEBUG] setting computed for "grant" from ComputedKeys
2026-05-15T17:35:30.764-0600 [DEBUG] provider.terraform-provider-aws_v5.100.0_x5: HTTP Request Sent: http.request.header.x_amz_content_sha256=e3b0c44298fc1c149afbf4c8996fb92427ae41e4649b934ca495991b7852b855 tf_aws.signing_region="" http.request.header.accept_encoding=identity tf_provider_addr=registry.terraform.io/hashicorp/aws http.request.body="" rpc.service=S3 rpc.system=aws-api tf_mux_provider="*schema.GRPCProviderServer" tf_req_id=33d7a23a-0d70-bbeb-94a5-a3031df82075 tf_rpc=ApplyResourceChange @module=aws http.request.header.x_amz_security_token="*****" aws.region=aws-global http.method=HEAD http.request.header.amz_sdk_invocation_id=ffa25bf6-faa2-4b14-a543-c1451b7b36a8 http.request.header.amz_sdk_request="attempt=1; max=25" http.request.header.authorization="AWS4-HMAC-SHA256 Credential=ASIA************3UTS/20260515/us-east-1/s3/aws4_request, SignedHeaders=accept-encoding;amz-sdk-invocation-id;amz-sdk-request;host;x-amz-content-sha256;x-amz-date;x-amz-security-token, Signature=*****" rpc.method=HeadBucket tf_resource_type=aws_s3_bucket @caller=github.com/hashicorp/aws-sdk-go-base/v2@v2.0.0-beta.65/logging/tf_logger.go:45 aws.s3.bucket=waste-classifier-dev-processed-v3 http.url=https://waste-classifier-dev-processed-v3.s3.amazonaws.com/ http.user_agent="APN/1.0 HashiCorp/1.0 Terraform/1.14.8 (+https://www.terraform.io) terraform-provider-aws/5.100.0 (+https://registry.terraform.io/providers/hashicorp/aws) aws-sdk-go-v2/1.36.3 ua/2.1 os/linux lang/go#1.23.10 md/GOOS#linux md/GOARCH#amd64 api/s3#1.80.1 m/g" net.peer.name=waste-classifier-dev-processed-v3.s3.amazonaws.com http.request.header.x_amz_date=20260515T233530Z tf_aws.sdk=aws-sdk-go-v2 timestamp=2026-05-15T17:35:30.764-0600
2026-05-15T17:35:30.764-0600 [DEBUG] provider.terraform-provider-aws_v5.100.0_x5: HTTP Request Sent: http.request.body="" tf_mux_provider="*schema.GRPCProviderServer" tf_req_id=1d33b3a8-2cb8-754b-2b6a-f066993df8af @caller=github.com/hashicorp/aws-sdk-go-base/v2@v2.0.0-beta.65/logging/tf_logger.go:45 http.request.header.amz_sdk_invocation_id=b70146c4-35e9-40ed-a656-561144110249 http.request.header.amz_sdk_request="attempt=1; max=25" http.url=https://waste-classifier-dev-raw-v3.s3.amazonaws.com/ http.user_agent="APN/1.0 HashiCorp/1.0 Terraform/1.14.8 (+https://www.terraform.io) terraform-provider-aws/5.100.0 (+https://registry.terraform.io/providers/hashicorp/aws) aws-sdk-go-v2/1.36.3 ua/2.1 os/linux lang/go#1.23.10 md/GOOS#linux md/GOARCH#amd64 api/s3#1.80.1 m/g" rpc.method=HeadBucket http.method=HEAD rpc.system=aws-api tf_rpc=ApplyResourceChange @module=aws aws.s3.bucket=waste-classifier-dev-raw-v3 http.request.header.x_amz_security_token="*****" tf_aws.signing_region="" aws.region=aws-global http.request.header.accept_encoding=identity rpc.service=S3 http.request.header.authorization="AWS4-HMAC-SHA256 Credential=ASIA************3UTS/20260515/us-east-1/s3/aws4_request, SignedHeaders=accept-encoding;amz-sdk-invocation-id;amz-sdk-request;host;x-amz-content-sha256;x-amz-date;x-amz-security-token, Signature=*****" http.request.header.x_amz_date=20260515T233530Z net.peer.name=waste-classifier-dev-raw-v3.s3.amazonaws.com tf_aws.sdk=aws-sdk-go-v2 http.request.header.x_amz_content_sha256=e3b0c44298fc1c149afbf4c8996fb92427ae41e4649b934ca495991b7852b855 tf_resource_type=aws_s3_bucket tf_provider_addr=registry.terraform.io/hashicorp/aws timestamp=2026-05-15T17:35:30.764-0600
2026-05-15T17:35:30.764-0600 [DEBUG] provider.terraform-provider-aws_v5.100.0_x5: HTTP Request Sent: http.request.header.amz_sdk_invocation_id=e1668d2e-0e00-4cc6-b040-1ce4122a99af tf_req_id=b975131d-21d0-78d1-fafd-412989a4b6cc http.request.header.authorization="AWS4-HMAC-SHA256 Credential=ASIA************3UTS/20260515/us-east-1/s3/aws4_request, SignedHeaders=accept-encoding;amz-sdk-invocation-id;amz-sdk-request;host;x-amz-content-sha256;x-amz-date;x-amz-security-token, Signature=*****" http.url=https://waste-classifier-dev-code-v3.s3.amazonaws.com/ tf_resource_type=aws_s3_bucket tf_provider_addr=registry.terraform.io/hashicorp/aws @caller=github.com/hashicorp/aws-sdk-go-base/v2@v2.0.0-beta.65/logging/tf_logger.go:45 http.user_agent="APN/1.0 HashiCorp/1.0 Terraform/1.14.8 (+https://www.terraform.io) terraform-provider-aws/5.100.0 (+https://registry.terraform.io/providers/hashicorp/aws) aws-sdk-go-v2/1.36.3 ua/2.1 os/linux lang/go#1.23.10 md/GOOS#linux md/GOARCH#amd64 api/s3#1.80.1 m/g" tf_rpc=ApplyResourceChange aws.region=aws-global http.request.header.x_amz_security_token="*****" @module=aws rpc.method=HeadBucket rpc.system=aws-api tf_mux_provider="*schema.GRPCProviderServer" http.request.body="" net.peer.name=waste-classifier-dev-code-v3.s3.amazonaws.com http.request.header.accept_encoding=identity http.request.header.x_amz_date=20260515T233530Z rpc.service=S3 tf_aws.sdk=aws-sdk-go-v2 aws.s3.bucket=waste-classifier-dev-code-v3 http.method=HEAD http.request.header.amz_sdk_request="attempt=1; max=25" http.request.header.x_amz_content_sha256=e3b0c44298fc1c149afbf4c8996fb92427ae41e4649b934ca495991b7852b855 tf_aws.signing_region="" timestamp=2026-05-15T17:35:30.764-0600
[0m[1maws_cloudwatch_log_group.step_functions: Still creating... [00m10s elapsed][0m[0m
[0m[1maws_cloudwatch_event_rule.s3_raw_upload: Still creating... [00m10s elapsed][0m[0m
[0m[1maws_s3_bucket_notification.raw_bucket_notifications: Still creating... [00m10s elapsed][0m[0m
[0m[1maws_iam_role.step_functions_role: Still creating... [00m10s elapsed][0m[0m
[0m[1maws_iam_role.eventbridge_role: Still creating... [00m10s elapsed][0m[0m
[0m[1mmodule.data_eng.aws_iam_role.glue_crawler_role: Still creating... [00m10s elapsed][0m[0m
[0m[1mmodule.data_eng.aws_glue_catalog_database.main: Still creating... [00m10s elapsed][0m[0m
[0m[1mmodule.storage.aws_s3_bucket.processed: Still creating... [00m10s elapsed][0m[0m
[0m[1mmodule.storage.aws_s3_bucket.code: Still creating... [00m10s elapsed][0m[0m
[0m[1mmodule.storage.aws_s3_bucket.raw: Still creating... [00m10s elapsed][0m[0m
2026-05-15T17:35:40.840-0600 [DEBUG] provider.terraform-provider-aws_v5.100.0_x5: retrying request S3/HeadBucket, attempt 2: aws.region=aws-global aws.s3.bucket=waste-classifier-dev-processed-v3 rpc.method=HeadBucket tf_aws.sdk=aws-sdk-go-v2 tf_provider_addr=registry.terraform.io/hashicorp/aws tf_resource_type=aws_s3_bucket tf_mux_provider="*schema.GRPCProviderServer" @module=aws rpc.service=S3 rpc.system=aws-api @caller=github.com/hashicorp/aws-sdk-go-base/v2@v2.0.0-beta.65/logging/tf_logger.go:45 tf_req_id=33d7a23a-0d70-bbeb-94a5-a3031df82075 tf_rpc=ApplyResourceChange timestamp=2026-05-15T17:35:40.840-0600
2026-05-15T17:35:40.841-0600 [DEBUG] provider.terraform-provider-aws_v5.100.0_x5: HTTP Request Sent: @caller=github.com/hashicorp/aws-sdk-go-base/v2@v2.0.0-beta.65/logging/tf_logger.go:45 http.request.header.accept_encoding=identity http.request.header.amz_sdk_request="attempt=2; max=25" http.request.header.x_amz_content_sha256=e3b0c44298fc1c149afbf4c8996fb92427ae41e4649b934ca495991b7852b855 aws.region=aws-global http.method=HEAD http.request.body="" http.request.header.x_amz_date=20260515T233540Z http.user_agent="APN/1.0 HashiCorp/1.0 Terraform/1.14.8 (+https://www.terraform.io) terraform-provider-aws/5.100.0 (+https://registry.terraform.io/providers/hashicorp/aws) aws-sdk-go-v2/1.36.3 ua/2.1 os/linux lang/go#1.23.10 md/GOOS#linux md/GOARCH#amd64 api/s3#1.80.1 m/g" http.request.header.authorization="AWS4-HMAC-SHA256 Credential=ASIA************3UTS/20260515/us-east-1/s3/aws4_request, SignedHeaders=accept-encoding;amz-sdk-invocation-id;amz-sdk-request;host;x-amz-content-sha256;x-amz-date;x-amz-security-token, Signature=*****" tf_req_id=33d7a23a-0d70-bbeb-94a5-a3031df82075 tf_resource_type=aws_s3_bucket http.request.header.amz_sdk_invocation_id=ffa25bf6-faa2-4b14-a543-c1451b7b36a8 tf_mux_provider="*schema.GRPCProviderServer" @module=aws http.request.header.x_amz_security_token="*****" http.url=https://waste-classifier-dev-processed-v3.s3.amazonaws.com/ tf_rpc=ApplyResourceChange tf_aws.sdk=aws-sdk-go-v2 http.resend_count=2 net.peer.name=waste-classifier-dev-processed-v3.s3.amazonaws.com rpc.method=HeadBucket rpc.system=aws-api tf_aws.signing_region="" tf_provider_addr=registry.terraform.io/hashicorp/aws aws.s3.bucket=waste-classifier-dev-processed-v3 rpc.service=S3 timestamp=2026-05-15T17:35:40.841-0600
2026-05-15T17:35:40.841-0600 [DEBUG] provider.terraform-provider-aws_v5.100.0_x5: retrying request Glue/CreateDatabase, attempt 2: @module=aws rpc.service=Glue tf_req_id=e75d4a10-9b3b-296d-bd19-60ea61824c9e tf_resource_type=aws_glue_catalog_database aws.region=us-east-1 rpc.method=CreateDatabase rpc.system=aws-api tf_aws.sdk=aws-sdk-go-v2 tf_rpc=ApplyResourceChange tf_mux_provider="*schema.GRPCProviderServer" @caller=github.com/hashicorp/aws-sdk-go-base/v2@v2.0.0-beta.65/logging/tf_logger.go:45 tf_provider_addr=registry.terraform.io/hashicorp/aws timestamp=2026-05-15T17:35:40.841-0600
2026-05-15T17:35:40.842-0600 [DEBUG] provider.terraform-provider-aws_v5.100.0_x5: HTTP Request Sent: tf_aws.signing_region=""
  http.request.body=
  | {"CatalogId":"979054355848","DatabaseInput":{"Name":"waste-classifier_dev_catalog"}}
   http.request.header.amz_sdk_invocation_id=207387e2-d168-4746-9bde-f40801bcfc3e http.request.header.content_type=application/x-amz-json-1.1 rpc.service=Glue tf_resource_type=aws_glue_catalog_database rpc.system=aws-api net.peer.name=glue.us-east-1.amazonaws.com http.request.header.x_amz_target=AWSGlue.CreateDatabase http.resend_count=2 http.url=https://glue.us-east-1.amazonaws.com/ http.user_agent="APN/1.0 HashiCorp/1.0 Terraform/1.14.8 (+https://www.terraform.io) terraform-provider-aws/5.100.0 (+https://registry.terraform.io/providers/hashicorp/aws) aws-sdk-go-v2/1.36.3 ua/2.1 os/linux lang/go#1.23.10 md/GOOS#linux md/GOARCH#amd64 api/glue#1.113.0 m/g" tf_mux_provider="*schema.GRPCProviderServer" tf_provider_addr=registry.terraform.io/hashicorp/aws @caller=github.com/hashicorp/aws-sdk-go-base/v2@v2.0.0-beta.65/logging/tf_logger.go:45 http.method=POST tf_req_id=e75d4a10-9b3b-296d-bd19-60ea61824c9e @module=aws http.request.header.amz_sdk_request="attempt=2; max=25" http.request_content_length=84 rpc.method=CreateDatabase tf_rpc=ApplyResourceChange aws.region=us-east-1 http.request.header.authorization="AWS4-HMAC-SHA256 Credential=ASIA************3UTS/20260515/us-east-1/glue/aws4_request, SignedHeaders=amz-sdk-invocation-id;amz-sdk-request;content-length;content-type;host;x-amz-date;x-amz-security-token;x-amz-target, Signature=*****" http.request.header.x_amz_date=20260515T233540Z http.request.header.x_amz_security_token="*****" tf_aws.sdk=aws-sdk-go-v2 timestamp=2026-05-15T17:35:40.842-0600
2026-05-15T17:35:40.845-0600 [DEBUG] provider.terraform-provider-aws_v5.100.0_x5: retrying request IAM/CreateRole, attempt 2: tf_resource_type=aws_iam_role rpc.method=CreateRole rpc.service=IAM rpc.system=aws-api tf_aws.sdk=aws-sdk-go-v2 tf_req_id=6560a94a-aea7-43cb-ff5d-56401ddcb967 tf_rpc=ApplyResourceChange tf_mux_provider="*schema.GRPCProviderServer" @caller=github.com/hashicorp/aws-sdk-go-base/v2@v2.0.0-beta.65/logging/tf_logger.go:45 @module=aws aws.region=us-east-1 tf_provider_addr=registry.terraform.io/hashicorp/aws timestamp=2026-05-15T17:35:40.845-0600
2026-05-15T17:35:40.845-0600 [DEBUG] provider.terraform-provider-aws_v5.100.0_x5: retrying request S3/PutBucketNotificationConfiguration, attempt 2: tf_resource_type=aws_s3_bucket_notification @module=aws aws.region=aws-global rpc.system=aws-api tf_provider_addr=registry.terraform.io/hashicorp/aws tf_req_id=7977b6b5-07e5-6363-610a-529ccd880c1d tf_rpc=ApplyResourceChange rpc.service=S3 tf_mux_provider="*schema.GRPCProviderServer" @caller=github.com/hashicorp/aws-sdk-go-base/v2@v2.0.0-beta.65/logging/tf_logger.go:45 rpc.method=PutBucketNotificationConfiguration tf_aws.sdk=aws-sdk-go-v2 timestamp=2026-05-15T17:35:40.845-0600
2026-05-15T17:35:40.845-0600 [DEBUG] provider.terraform-provider-aws_v5.100.0_x5: HTTP Request Sent: net.peer.name=iam.amazonaws.com tf_mux_provider="*schema.GRPCProviderServer" tf_resource_type=aws_iam_role @module=aws aws.region=us-east-1 http.user_agent="APN/1.0 HashiCorp/1.0 Terraform/1.14.8 (+https://www.terraform.io) terraform-provider-aws/5.100.0 (+https://registry.terraform.io/providers/hashicorp/aws) aws-sdk-go-v2/1.36.3 ua/2.1 os/linux lang/go#1.23.10 md/GOOS#linux md/GOARCH#amd64 api/iam#1.42.0 m/g" rpc.method=CreateRole tf_aws.signing_region=""
  http.request.body=
  | Action=CreateRole&AssumeRolePolicyDocument=%7B%22Statement%22%3A%5B%7B%22Action%22%3A%22sts%3AAssumeRole%22%2C%22Effect%22%3A%22Allow%22%2C%22Principal%22%3A%7B%22Service%22%3A%22glue.amazonaws.com%22%7D%7D%5D%2C%22Version%22%3A%222012-10-17%22%7D&MaxSessionDuration=3600&Path=%2F&RoleName=waste-classifier-dev-glue-crawler-role&Version=2010-05-08
   http.request.header.content_type=application/x-www-form-urlencoded http.url=https://iam.amazonaws.com/ http.request.header.amz_sdk_invocation_id=04d7657b-204f-4af7-8b63-c53f169d7443 http.request.header.x_amz_date=20260515T233540Z http.request_content_length=347 tf_req_id=6560a94a-aea7-43cb-ff5d-56401ddcb967 tf_rpc=ApplyResourceChange rpc.service=IAM tf_provider_addr=registry.terraform.io/hashicorp/aws @caller=github.com/hashicorp/aws-sdk-go-base/v2@v2.0.0-beta.65/logging/tf_logger.go:45 http.request.header.x_amz_security_token="*****" rpc.system=aws-api http.request.header.amz_sdk_request="attempt=2; max=25" tf_aws.sdk=aws-sdk-go-v2 http.method=POST http.request.header.authorization="AWS4-HMAC-SHA256 Credential=ASIA************3UTS/20260515/us-east-1/iam/aws4_request, SignedHeaders=amz-sdk-invocation-id;amz-sdk-request;content-length;content-type;host;x-amz-date;x-amz-security-token, Signature=*****" http.resend_count=2 timestamp=2026-05-15T17:35:40.845-0600
2026-05-15T17:35:40.845-0600 [DEBUG] provider.terraform-provider-aws_v5.100.0_x5: HTTP Request Sent: rpc.service=S3 aws.region=aws-global http.method=PUT http.request.header.authorization="AWS4-HMAC-SHA256 Credential=ASIA************3UTS/20260515/us-east-1/s3/aws4_request, SignedHeaders=accept-encoding;amz-sdk-invocation-id;amz-sdk-request;content-length;content-type;host;x-amz-content-sha256;x-amz-date;x-amz-security-token, Signature=*****" http.request.header.x_amz_content_sha256=88f2e83f368ad7ee1b2859512539a8e91caea5a7fd35809bb7ae3733054bd897 http.resend_count=2 rpc.method=PutBucketNotificationConfiguration rpc.system=aws-api http.request.header.content_type=application/xml http.request.header.x_amz_date=20260515T233540Z http.user_agent="APN/1.0 HashiCorp/1.0 Terraform/1.14.8 (+https://www.terraform.io) terraform-provider-aws/5.100.0 (+https://registry.terraform.io/providers/hashicorp/aws) aws-sdk-go-v2/1.36.3 ua/2.1 os/linux lang/go#1.23.10 md/GOOS#linux md/GOARCH#amd64 api/s3#1.80.1 m/g" tf_aws.sdk=aws-sdk-go-v2 tf_rpc=ApplyResourceChange tf_aws.signing_region="" tf_mux_provider="*schema.GRPCProviderServer" @caller=github.com/hashicorp/aws-sdk-go-base/v2@v2.0.0-beta.65/logging/tf_logger.go:45 @module=aws
  http.request.body=
  | <NotificationConfiguration xmlns="http://s3.amazonaws.com/doc/2006-03-01/"><EventBridgeConfiguration></EventBridgeConfiguration></NotificationConfiguration>
   http.request.header.amz_sdk_invocation_id=c46bc1d8-191e-49f3-9fa3-a99c2b3aa6e5 http.request.header.amz_sdk_request="attempt=2; max=25" http.request.header.accept_encoding=identity http.request_content_length=156 http.url=https://waste-classifier-dev-raw.s3.amazonaws.com/?notification= tf_req_id=7977b6b5-07e5-6363-610a-529ccd880c1d tf_resource_type=aws_s3_bucket_notification http.request.header.x_amz_security_token="*****" net.peer.name=waste-classifier-dev-raw.s3.amazonaws.com tf_provider_addr=registry.terraform.io/hashicorp/aws timestamp=2026-05-15T17:35:40.845-0600
2026-05-15T17:35:40.853-0600 [DEBUG] provider.terraform-provider-aws_v5.100.0_x5: retrying request S3/HeadBucket, attempt 2: @caller=github.com/hashicorp/aws-sdk-go-base/v2@v2.0.0-beta.65/logging/tf_logger.go:45 rpc.service=S3 tf_aws.sdk=aws-sdk-go-v2 @module=aws aws.region=aws-global rpc.system=aws-api tf_req_id=b975131d-21d0-78d1-fafd-412989a4b6cc tf_resource_type=aws_s3_bucket tf_mux_provider="*schema.GRPCProviderServer" tf_provider_addr=registry.terraform.io/hashicorp/aws aws.s3.bucket=waste-classifier-dev-code-v3 rpc.method=HeadBucket tf_rpc=ApplyResourceChange timestamp=2026-05-15T17:35:40.853-0600
2026-05-15T17:35:40.853-0600 [DEBUG] provider.terraform-provider-aws_v5.100.0_x5: HTTP Request Sent: http.request.header.amz_sdk_request="attempt=2; max=25" http.url=https://waste-classifier-dev-code-v3.s3.amazonaws.com/ tf_provider_addr=registry.terraform.io/hashicorp/aws http.method=HEAD http.request.header.accept_encoding=identity http.request.header.x_amz_security_token="*****" http.resend_count=2 http.request.header.x_amz_date=20260515T233540Z @caller=github.com/hashicorp/aws-sdk-go-base/v2@v2.0.0-beta.65/logging/tf_logger.go:45 net.peer.name=waste-classifier-dev-code-v3.s3.amazonaws.com tf_aws.signing_region="" tf_rpc=ApplyResourceChange aws.region=aws-global rpc.service=S3 rpc.system=aws-api http.request.body="" http.request.header.x_amz_content_sha256=e3b0c44298fc1c149afbf4c8996fb92427ae41e4649b934ca495991b7852b855 http.user_agent="APN/1.0 HashiCorp/1.0 Terraform/1.14.8 (+https://www.terraform.io) terraform-provider-aws/5.100.0 (+https://registry.terraform.io/providers/hashicorp/aws) aws-sdk-go-v2/1.36.3 ua/2.1 os/linux lang/go#1.23.10 md/GOOS#linux md/GOARCH#amd64 api/s3#1.80.1 m/g" rpc.method=HeadBucket tf_mux_provider="*schema.GRPCProviderServer" http.request.header.authorization="AWS4-HMAC-SHA256 Credential=ASIA************3UTS/20260515/us-east-1/s3/aws4_request, SignedHeaders=accept-encoding;amz-sdk-invocation-id;amz-sdk-request;host;x-amz-content-sha256;x-amz-date;x-amz-security-token, Signature=*****" tf_aws.sdk=aws-sdk-go-v2 tf_req_id=b975131d-21d0-78d1-fafd-412989a4b6cc @module=aws aws.s3.bucket=waste-classifier-dev-code-v3 tf_resource_type=aws_s3_bucket http.request.header.amz_sdk_invocation_id=e1668d2e-0e00-4cc6-b040-1ce4122a99af timestamp=2026-05-15T17:35:40.853-0600
2026-05-15T17:35:40.855-0600 [DEBUG] provider.terraform-provider-aws_v5.100.0_x5: retrying request IAM/CreateRole, attempt 2: rpc.method=CreateRole tf_rpc=ApplyResourceChange @caller=github.com/hashicorp/aws-sdk-go-base/v2@v2.0.0-beta.65/logging/tf_logger.go:45 @module=aws tf_mux_provider="*schema.GRPCProviderServer" tf_req_id=43522324-cfd5-1f1c-f805-33e5c8c8d573 tf_resource_type=aws_iam_role aws.region=us-east-1 rpc.service=IAM rpc.system=aws-api tf_aws.sdk=aws-sdk-go-v2 tf_provider_addr=registry.terraform.io/hashicorp/aws timestamp=2026-05-15T17:35:40.855-0600
2026-05-15T17:35:40.855-0600 [DEBUG] provider.terraform-provider-aws_v5.100.0_x5: HTTP Request Sent: http.request_content_length=348 http.resend_count=2 net.peer.name=iam.amazonaws.com tf_mux_provider="*schema.GRPCProviderServer" tf_req_id=43522324-cfd5-1f1c-f805-33e5c8c8d573 http.request.header.x_amz_security_token="*****" http.request.header.authorization="AWS4-HMAC-SHA256 Credential=ASIA************3UTS/20260515/us-east-1/iam/aws4_request, SignedHeaders=amz-sdk-invocation-id;amz-sdk-request;content-length;content-type;host;x-amz-date;x-amz-security-token, Signature=*****" tf_resource_type=aws_iam_role tf_rpc=ApplyResourceChange @caller=github.com/hashicorp/aws-sdk-go-base/v2@v2.0.0-beta.65/logging/tf_logger.go:45 aws.region=us-east-1 http.request.header.amz_sdk_request="attempt=2; max=25" http.user_agent="APN/1.0 HashiCorp/1.0 Terraform/1.14.8 (+https://www.terraform.io) terraform-provider-aws/5.100.0 (+https://registry.terraform.io/providers/hashicorp/aws) aws-sdk-go-v2/1.36.3 ua/2.1 os/linux lang/go#1.23.10 md/GOOS#linux md/GOARCH#amd64 api/iam#1.42.0 m/g" tf_aws.sdk=aws-sdk-go-v2 @module=aws http.method=POST
  http.request.body=
  | Action=CreateRole&AssumeRolePolicyDocument=%7B%22Statement%22%3A%5B%7B%22Action%22%3A%22sts%3AAssumeRole%22%2C%22Effect%22%3A%22Allow%22%2C%22Principal%22%3A%7B%22Service%22%3A%22events.amazonaws.com%22%7D%7D%5D%2C%22Version%22%3A%222012-10-17%22%7D&MaxSessionDuration=3600&Path=%2F&RoleName=waste-classifier-dev-eventbridge-role&Version=2010-05-08
   http.request.header.amz_sdk_invocation_id=8f6fa858-9f30-4ba1-9722-82cc3c520d98 http.request.header.x_amz_date=20260515T233540Z tf_provider_addr=registry.terraform.io/hashicorp/aws tf_aws.signing_region="" http.request.header.content_type=application/x-www-form-urlencoded http.url=https://iam.amazonaws.com/ rpc.method=CreateRole rpc.service=IAM rpc.system=aws-api timestamp=2026-05-15T17:35:40.855-0600
2026-05-15T17:35:40.860-0600 [DEBUG] provider.terraform-provider-aws_v5.100.0_x5: retrying request CloudWatch Logs/CreateLogGroup, attempt 2: tf_mux_provider="*schema.GRPCProviderServer" tf_req_id=98d89b74-3576-fc8b-8ff3-50119b180926 tf_aws.sdk=aws-sdk-go-v2 tf_resource_type=aws_cloudwatch_log_group tf_rpc=ApplyResourceChange @module=aws rpc.method=CreateLogGroup rpc.system=aws-api tf_provider_addr=registry.terraform.io/hashicorp/aws aws.region=us-east-1 @caller=github.com/hashicorp/aws-sdk-go-base/v2@v2.0.0-beta.65/logging/tf_logger.go:45 rpc.service="CloudWatch Logs" timestamp=2026-05-15T17:35:40.860-0600
2026-05-15T17:35:40.861-0600 [DEBUG] provider.terraform-provider-aws_v5.100.0_x5: HTTP Request Sent:
  http.request.body=
  | {"logGroupName":"/aws/states/waste-classifier-dev-etl-orchestration"}
   http.request.header.amz_sdk_request="attempt=2; max=25" rpc.method=CreateLogGroup rpc.system=aws-api tf_resource_type=aws_cloudwatch_log_group http.request.header.content_type=application/x-amz-json-1.1 http.request.header.x_amz_target=Logs_20140328.CreateLogGroup http.url=https://logs.us-east-1.amazonaws.com/ tf_aws.signing_region="" http.method=POST http.request.header.authorization="AWS4-HMAC-SHA256 Credential=ASIA************3UTS/20260515/us-east-1/logs/aws4_request, SignedHeaders=amz-sdk-invocation-id;amz-sdk-request;content-length;content-type;host;x-amz-date;x-amz-security-token;x-amz-target, Signature=*****" http.request.header.x_amz_security_token="*****" http.resend_count=2 net.peer.name=logs.us-east-1.amazonaws.com tf_aws.sdk=aws-sdk-go-v2 tf_mux_provider="*schema.GRPCProviderServer" tf_rpc=ApplyResourceChange @caller=github.com/hashicorp/aws-sdk-go-base/v2@v2.0.0-beta.65/logging/tf_logger.go:45 http.request.header.amz_sdk_invocation_id=bcf699da-6ad5-4b26-977f-b24ce91748f7 http.request_content_length=69 tf_provider_addr=registry.terraform.io/hashicorp/aws tf_req_id=98d89b74-3576-fc8b-8ff3-50119b180926 @module=aws aws.region=us-east-1 http.user_agent="APN/1.0 HashiCorp/1.0 Terraform/1.14.8 (+https://www.terraform.io) terraform-provider-aws/5.100.0 (+https://registry.terraform.io/providers/hashicorp/aws) aws-sdk-go-v2/1.36.3 ua/2.1 os/linux lang/go#1.23.10 md/GOOS#linux md/GOARCH#amd64 api/cloudwatchlogs#1.50.1 m/g" http.request.header.x_amz_date=20260515T233540Z rpc.service="CloudWatch Logs" timestamp=2026-05-15T17:35:40.860-0600
2026-05-15T17:35:40.876-0600 [DEBUG] provider.terraform-provider-aws_v5.100.0_x5: retrying request S3/HeadBucket, attempt 2: aws.region=aws-global tf_aws.sdk=aws-sdk-go-v2 tf_resource_type=aws_s3_bucket tf_provider_addr=registry.terraform.io/hashicorp/aws tf_req_id=1d33b3a8-2cb8-754b-2b6a-f066993df8af @module=aws aws.s3.bucket=waste-classifier-dev-raw-v3 rpc.method=HeadBucket rpc.service=S3 tf_mux_provider="*schema.GRPCProviderServer" @caller=github.com/hashicorp/aws-sdk-go-base/v2@v2.0.0-beta.65/logging/tf_logger.go:45 rpc.system=aws-api tf_rpc=ApplyResourceChange timestamp=2026-05-15T17:35:40.876-0600
2026-05-15T17:35:40.876-0600 [DEBUG] provider.terraform-provider-aws_v5.100.0_x5: HTTP Request Sent: aws.s3.bucket=waste-classifier-dev-raw-v3 tf_aws.sdk=aws-sdk-go-v2 tf_rpc=ApplyResourceChange @module=aws http.request.body="" http.request.header.x_amz_security_token="*****" @caller=github.com/hashicorp/aws-sdk-go-base/v2@v2.0.0-beta.65/logging/tf_logger.go:45 http.request.header.accept_encoding=identity http.url=https://waste-classifier-dev-raw-v3.s3.amazonaws.com/ http.user_agent="APN/1.0 HashiCorp/1.0 Terraform/1.14.8 (+https://www.terraform.io) terraform-provider-aws/5.100.0 (+https://registry.terraform.io/providers/hashicorp/aws) aws-sdk-go-v2/1.36.3 ua/2.1 os/linux lang/go#1.23.10 md/GOOS#linux md/GOARCH#amd64 api/s3#1.80.1 m/g" tf_provider_addr=registry.terraform.io/hashicorp/aws http.request.header.amz_sdk_invocation_id=b70146c4-35e9-40ed-a656-561144110249 net.peer.name=waste-classifier-dev-raw-v3.s3.amazonaws.com tf_req_id=1d33b3a8-2cb8-754b-2b6a-f066993df8af http.request.header.amz_sdk_request="attempt=2; max=25" rpc.method=HeadBucket tf_mux_provider="*schema.GRPCProviderServer" aws.region=aws-global http.method=HEAD http.request.header.x_amz_content_sha256=e3b0c44298fc1c149afbf4c8996fb92427ae41e4649b934ca495991b7852b855 http.request.header.x_amz_date=20260515T233540Z http.resend_count=2 rpc.system=aws-api tf_resource_type=aws_s3_bucket rpc.service=S3 http.request.header.authorization="AWS4-HMAC-SHA256 Credential=ASIA************3UTS/20260515/us-east-1/s3/aws4_request, SignedHeaders=accept-encoding;amz-sdk-invocation-id;amz-sdk-request;host;x-amz-content-sha256;x-amz-date;x-amz-security-token, Signature=*****" tf_aws.signing_region="" timestamp=2026-05-15T17:35:40.876-0600
2026-05-15T17:35:40.879-0600 [DEBUG] provider.terraform-provider-aws_v5.100.0_x5: retrying request IAM/CreateRole, attempt 2: tf_provider_addr=registry.terraform.io/hashicorp/aws tf_resource_type=aws_iam_role tf_aws.sdk=aws-sdk-go-v2 rpc.service=IAM rpc.system=aws-api tf_rpc=ApplyResourceChange tf_req_id=35087195-dab2-6469-8765-33cf2d1f137b @caller=github.com/hashicorp/aws-sdk-go-base/v2@v2.0.0-beta.65/logging/tf_logger.go:45 @module=aws rpc.method=CreateRole tf_mux_provider="*schema.GRPCProviderServer" aws.region=us-east-1 timestamp=2026-05-15T17:35:40.879-0600
2026-05-15T17:35:40.879-0600 [DEBUG] provider.terraform-provider-aws_v5.100.0_x5: HTTP Request Sent: http.method=POST @caller=github.com/hashicorp/aws-sdk-go-base/v2@v2.0.0-beta.65/logging/tf_logger.go:45 http.request.header.content_type=application/x-www-form-urlencoded
  http.request.body=
  | Action=CreateRole&AssumeRolePolicyDocument=%7B%22Statement%22%3A%5B%7B%22Action%22%3A%22sts%3AAssumeRole%22%2C%22Effect%22%3A%22Allow%22%2C%22Principal%22%3A%7B%22Service%22%3A%22states.amazonaws.com%22%7D%7D%5D%2C%22Version%22%3A%222012-10-17%22%7D&MaxSessionDuration=3600&Path=%2F&RoleName=waste-classifier-dev-step-functions-role&Version=2010-05-08
   http.request_content_length=351 tf_aws.signing_region="" tf_req_id=35087195-dab2-6469-8765-33cf2d1f137b aws.region=us-east-1 rpc.service=IAM tf_provider_addr=registry.terraform.io/hashicorp/aws @module=aws http.request.header.amz_sdk_invocation_id=877f298a-0df0-4a44-8d27-90ad0b8600d7 http.request.header.x_amz_date=20260515T233540Z rpc.system=aws-api tf_resource_type=aws_iam_role tf_rpc=ApplyResourceChange http.request.header.authorization="AWS4-HMAC-SHA256 Credential=ASIA************3UTS/20260515/us-east-1/iam/aws4_request, SignedHeaders=amz-sdk-invocation-id;amz-sdk-request;content-length;content-type;host;x-amz-date;x-amz-security-token, Signature=*****" http.resend_count=2 net.peer.name=iam.amazonaws.com tf_aws.sdk=aws-sdk-go-v2 tf_mux_provider="*schema.GRPCProviderServer" http.request.header.amz_sdk_request="attempt=2; max=25" http.request.header.x_amz_security_token="*****" http.url=https://iam.amazonaws.com/ http.user_agent="APN/1.0 HashiCorp/1.0 Terraform/1.14.8 (+https://www.terraform.io) terraform-provider-aws/5.100.0 (+https://registry.terraform.io/providers/hashicorp/aws) aws-sdk-go-v2/1.36.3 ua/2.1 os/linux lang/go#1.23.10 md/GOOS#linux md/GOARCH#amd64 api/iam#1.42.0 m/g" rpc.method=CreateRole timestamp=2026-05-15T17:35:40.879-0600
2026-05-15T17:35:41.214-0600 [DEBUG] provider.terraform-provider-aws_v5.100.0_x5: HTTP Response Received: @module=aws http.duration=10453
  http.response.body=
  | {"RuleArn":"arn:aws:events:us-east-1:979054355848:rule/waste-classifier-dev-s3-raw-upload"}
   http.response.header.date="Fri, 15 May 2026 23:35:41 GMT" http.status_code=200 aws.region=us-east-1 http.response.header.content_type=application/x-amz-json-1.1 http.response.header.x_amzn_requestid=09ee6e46-2318-47f3-9bc1-8798117f7be2 tf_aws.sdk=aws-sdk-go-v2 tf_mux_provider="*schema.GRPCProviderServer" http.response_content_length=91 rpc.service=EventBridge rpc.system=aws-api tf_provider_addr=registry.terraform.io/hashicorp/aws tf_req_id=9c7280cd-3e24-a827-2604-cf83c74f8394 tf_resource_type=aws_cloudwatch_event_rule @caller=github.com/hashicorp/aws-sdk-go-base/v2@v2.0.0-beta.65/logging/tf_logger.go:45 rpc.method=PutRule tf_aws.signing_region="" tf_rpc=ApplyResourceChange timestamp=2026-05-15T17:35:41.214-0600
2026-05-15T17:35:41.214-0600 [DEBUG] provider.terraform-provider-aws_v5.100.0_x5: [DEBUG] Waiting for state to become: [success]
2026-05-15T17:35:41.215-0600 [DEBUG] provider.terraform-provider-aws_v5.100.0_x5: HTTP Request Sent: @caller=github.com/hashicorp/aws-sdk-go-base/v2@v2.0.0-beta.65/logging/tf_logger.go:45 http.request.header.content_type=application/x-amz-json-1.1 http.request_content_length=70 http.url=https://events.us-east-1.amazonaws.com/ http.request.header.x_amz_target=AWSEvents.DescribeRule net.peer.name=events.us-east-1.amazonaws.com tf_aws.signing_region="" @module=aws http.method=POST
  http.request.body=
  | {"EventBusName":"default","Name":"waste-classifier-dev-s3-raw-upload"}
   http.request.header.amz_sdk_request="attempt=1; max=25" rpc.service=EventBridge tf_aws.sdk=aws-sdk-go-v2 http.request.header.amz_sdk_invocation_id=4e1982e4-e657-4d96-a408-d749812f1215 http.request.header.x_amz_date=20260515T233541Z http.user_agent="APN/1.0 HashiCorp/1.0 Terraform/1.14.8 (+https://www.terraform.io) terraform-provider-aws/5.100.0 (+https://registry.terraform.io/providers/hashicorp/aws) aws-sdk-go-v2/1.36.3 ua/2.1 os/linux lang/go#1.23.10 md/GOOS#linux md/GOARCH#amd64 api/eventbridge#1.39.1 m/g" tf_provider_addr=registry.terraform.io/hashicorp/aws tf_resource_type=aws_cloudwatch_event_rule tf_rpc=ApplyResourceChange http.request.header.authorization="AWS4-HMAC-SHA256 Credential=ASIA************3UTS/20260515/us-east-1/events/aws4_request, SignedHeaders=amz-sdk-invocation-id;amz-sdk-request;content-length;content-type;host;x-amz-date;x-amz-security-token;x-amz-target, Signature=*****" rpc.method=DescribeRule rpc.system=aws-api tf_mux_provider="*schema.GRPCProviderServer" aws.region=us-east-1 http.request.header.x_amz_security_token="*****" tf_req_id=9c7280cd-3e24-a827-2604-cf83c74f8394 timestamp=2026-05-15T17:35:41.215-0600
2026-05-15T17:35:41.322-0600 [DEBUG] provider.terraform-provider-aws_v5.100.0_x5: HTTP Response Received: @module=aws aws.region=us-east-1 http.response.header.content_type=application/x-amz-json-1.1 rpc.method=DescribeRule rpc.system=aws-api tf_mux_provider="*schema.GRPCProviderServer" tf_req_id=9c7280cd-3e24-a827-2604-cf83c74f8394 tf_resource_type=aws_cloudwatch_event_rule
  http.response.body=
  | {"Arn":"arn:aws:events:us-east-1:979054355848:rule/waste-classifier-dev-s3-raw-upload","CreatedBy":"979054355848","Description":"Trigger ETL workflow on new file upload to raw bucket","EventBusName":"default","EventPattern":"{\"detail\":{\"bucket\":{\"name\":[\"waste-classifier-dev-raw\"]}},\"detail-type\":[\"Object Created\"],\"source\":[\"aws.s3\"]}","Name":"waste-classifier-dev-s3-raw-upload","State":"ENABLED"}
   http.response.header.date="Fri, 15 May 2026 23:35:41 GMT" http.status_code=200 @caller=github.com/hashicorp/aws-sdk-go-base/v2@v2.0.0-beta.65/logging/tf_logger.go:45 http.duration=107 http.response_content_length=417 tf_rpc=ApplyResourceChange http.response.header.x_amzn_requestid=1ebd469b-ac6f-4472-ba41-d5b781f0947c rpc.service=EventBridge tf_aws.sdk=aws-sdk-go-v2 tf_aws.signing_region="" tf_provider_addr=registry.terraform.io/hashicorp/aws timestamp=2026-05-15T17:35:41.322-0600
2026-05-15T17:35:41.323-0600 [DEBUG] provider.terraform-provider-aws_v5.100.0_x5: HTTP Request Sent: http.request.header.amz_sdk_request="attempt=1; max=25" http.url=https://events.us-east-1.amazonaws.com/ tf_mux_provider="*schema.GRPCProviderServer" http.request.header.x_amz_date=20260515T233541Z http.request.header.x_amz_target=AWSEvents.DescribeRule http.request.header.amz_sdk_invocation_id=89122568-8a5a-4e37-b018-931df87718e6 rpc.system=aws-api tf_aws.sdk=aws-sdk-go-v2 tf_provider_addr=registry.terraform.io/hashicorp/aws @caller=github.com/hashicorp/aws-sdk-go-base/v2@v2.0.0-beta.65/logging/tf_logger.go:45 @module=aws rpc.service=EventBridge tf_aws.signing_region="" tf_rpc=ApplyResourceChange http.method=POST
  http.request.body=
  | {"EventBusName":"default","Name":"waste-classifier-dev-s3-raw-upload"}
   http.request.header.authorization="AWS4-HMAC-SHA256 Credential=ASIA************3UTS/20260515/us-east-1/events/aws4_request, SignedHeaders=amz-sdk-invocation-id;amz-sdk-request;content-length;content-type;host;x-amz-date;x-amz-security-token;x-amz-target, Signature=*****" rpc.method=DescribeRule tf_resource_type=aws_cloudwatch_event_rule http.request.header.x_amz_security_token="*****" http.request_content_length=70 http.user_agent="APN/1.0 HashiCorp/1.0 Terraform/1.14.8 (+https://www.terraform.io) terraform-provider-aws/5.100.0 (+https://registry.terraform.io/providers/hashicorp/aws) aws-sdk-go-v2/1.36.3 ua/2.1 os/linux lang/go#1.23.10 md/GOOS#linux md/GOARCH#amd64 api/eventbridge#1.39.1 m/g" tf_req_id=9c7280cd-3e24-a827-2604-cf83c74f8394 aws.region=us-east-1 http.request.header.content_type=application/x-amz-json-1.1 net.peer.name=events.us-east-1.amazonaws.com timestamp=2026-05-15T17:35:41.323-0600
2026-05-15T17:35:41.422-0600 [DEBUG] provider.terraform-provider-aws_v5.100.0_x5: HTTP Response Received: rpc.service=EventBridge
  http.response.body=
  | {"Arn":"arn:aws:events:us-east-1:979054355848:rule/waste-classifier-dev-s3-raw-upload","CreatedBy":"979054355848","Description":"Trigger ETL workflow on new file upload to raw bucket","EventBusName":"default","EventPattern":"{\"detail\":{\"bucket\":{\"name\":[\"waste-classifier-dev-raw\"]}},\"detail-type\":[\"Object Created\"],\"source\":[\"aws.s3\"]}","Name":"waste-classifier-dev-s3-raw-upload","State":"ENABLED"}
   http.response.header.x_amzn_requestid=f4df751e-4ff6-450c-a104-39fe012fff16 http.response_content_length=417 @caller=github.com/hashicorp/aws-sdk-go-base/v2@v2.0.0-beta.65/logging/tf_logger.go:45 rpc.system=aws-api tf_aws.signing_region="" tf_resource_type=aws_cloudwatch_event_rule http.duration=98 http.status_code=200 tf_aws.sdk=aws-sdk-go-v2 tf_mux_provider="*schema.GRPCProviderServer" tf_provider_addr=registry.terraform.io/hashicorp/aws tf_req_id=9c7280cd-3e24-a827-2604-cf83c74f8394 tf_rpc=ApplyResourceChange @module=aws aws.region=us-east-1 http.response.header.content_type=application/x-amz-json-1.1 http.response.header.date="Fri, 15 May 2026 23:35:41 GMT" rpc.method=DescribeRule timestamp=2026-05-15T17:35:41.422-0600
2026-05-15T17:35:41.422-0600 [DEBUG] provider.terraform-provider-aws_v5.100.0_x5: HTTP Request Sent: rpc.method=ListTagsForResource tf_mux_provider="*schema.GRPCProviderServer" tf_resource_type=aws_cloudwatch_event_rule @module=aws http.request.header.x_amz_target=AWSEvents.ListTagsForResource tf_rpc=ApplyResourceChange http.method=POST http.request.header.authorization="AWS4-HMAC-SHA256 Credential=ASIA************3UTS/20260515/us-east-1/events/aws4_request, SignedHeaders=amz-sdk-invocation-id;amz-sdk-request;content-length;content-type;host;x-amz-date;x-amz-security-token;x-amz-target, Signature=*****" rpc.system=aws-api tf_aws.sdk=aws-sdk-go-v2 tf_provider_addr=registry.terraform.io/hashicorp/aws @caller=github.com/hashicorp/aws-sdk-go-base/v2@v2.0.0-beta.65/logging/tf_logger.go:45 aws.region=us-east-1 http.request.header.content_type=application/x-amz-json-1.1 http.request.header.x_amz_security_token="*****" http.request_content_length=95 rpc.service=EventBridge http.request.header.x_amz_date=20260515T233541Z http.user_agent="APN/1.0 HashiCorp/1.0 Terraform/1.14.8 (+https://www.terraform.io) terraform-provider-aws/5.100.0 (+https://registry.terraform.io/providers/hashicorp/aws) aws-sdk-go-v2/1.36.3 ua/2.1 os/linux lang/go#1.23.10 md/GOOS#linux md/GOARCH#amd64 api/eventbridge#1.39.1 m/g" tf_aws.signing_region="" http.request.header.amz_sdk_request="attempt=1; max=25"
  http.request.body=
  | {"ResourceARN":"arn:aws:events:us-east-1:979054355848:rule/waste-classifier-dev-s3-raw-upload"}
   http.request.header.amz_sdk_invocation_id=b011d14f-558a-4aec-a357-747cb146daac http.url=https://events.us-east-1.amazonaws.com/ net.peer.name=events.us-east-1.amazonaws.com tf_req_id=9c7280cd-3e24-a827-2604-cf83c74f8394 timestamp=2026-05-15T17:35:41.422-0600
2026-05-15T17:35:41.527-0600 [DEBUG] provider.terraform-provider-aws_v5.100.0_x5: HTTP Response Received: @module=aws http.response.header.date="Fri, 15 May 2026 23:35:41 GMT" http.response_content_length=11 tf_aws.sdk=aws-sdk-go-v2 tf_req_id=9c7280cd-3e24-a827-2604-cf83c74f8394 aws.region=us-east-1
  http.response.body=
  | {"Tags":[]}
   http.response.header.content_type=application/x-amz-json-1.1 http.response.header.x_amzn_requestid=88968b16-3376-44b0-99ad-e817f2073697 rpc.method=ListTagsForResource rpc.system=aws-api @caller=github.com/hashicorp/aws-sdk-go-base/v2@v2.0.0-beta.65/logging/tf_logger.go:45 http.status_code=200 rpc.service=EventBridge tf_mux_provider="*schema.GRPCProviderServer" tf_resource_type=aws_cloudwatch_event_rule tf_rpc=ApplyResourceChange http.duration=103 tf_aws.signing_region="" tf_provider_addr=registry.terraform.io/hashicorp/aws timestamp=2026-05-15T17:35:41.526-0600
2026-05-15T17:35:41.527-0600 [WARN]  Provider "provider[\"registry.terraform.io/hashicorp/aws\"]" produced an unexpected new value for aws_cloudwatch_event_rule.s3_raw_upload, but we are tolerating it because it is using the legacy plugin SDK.
    The following problems may be the cause of any confusing errors from downstream operations:
      - .state: was null, but now cty.StringVal("ENABLED")
      - .is_enabled: was null, but now cty.True
      - .role_arn: was null, but now cty.StringVal("")
      - .schedule_expression: was null, but now cty.StringVal("")
[0m[1maws_cloudwatch_event_rule.s3_raw_upload: Creation complete after 11s [id=waste-classifier-dev-s3-raw-upload][0m
2026-05-15T17:35:41.529-0600 [DEBUG] State storage *statemgr.Filesystem declined to persist a state snapshot
2026-05-15T17:35:41.531-0600 [WARN]  Provider "registry.terraform.io/hashicorp/aws" produced an invalid plan for module.data_eng.aws_iam_role.glue_job_role, but we are tolerating it because it is using the legacy plugin SDK.
    The following problems may be the cause of any confusing errors from downstream operations:
      - .force_detach_policies: planned value cty.False for a non-computed attribute
      - .max_session_duration: planned value cty.NumberIntVal(3600) for a non-computed attribute
      - .path: planned value cty.StringVal("/") for a non-computed attribute
      - .inline_policy: attribute representing nested block must not be unknown itself; set nested attribute values to unknown instead
[0m[1mmodule.data_eng.aws_iam_role.glue_job_role: Creating...[0m[0m
2026-05-15T17:35:41.531-0600 [INFO]  Starting apply for module.data_eng.aws_iam_role.glue_job_role
2026-05-15T17:35:41.532-0600 [DEBUG] module.data_eng.aws_iam_role.glue_job_role: applying the planned Create change
2026-05-15T17:35:41.532-0600 [DEBUG] provider.terraform-provider-aws_v5.100.0_x5: [DEBUG] setting computed for "inline_policy" from ComputedKeys
2026-05-15T17:35:41.532-0600 [DEBUG] provider.terraform-provider-aws_v5.100.0_x5: [DEBUG] setting computed for "managed_policy_arns" from ComputedKeys
2026-05-15T17:35:41.532-0600 [DEBUG] provider.terraform-provider-aws_v5.100.0_x5: [DEBUG] setting computed for "tags_all" from ComputedKeys
2026-05-15T17:35:41.532-0600 [DEBUG] provider.terraform-provider-aws_v5.100.0_x5: [DEBUG] Waiting for state to become: [success]
2026-05-15T17:35:41.533-0600 [DEBUG] provider.terraform-provider-aws_v5.100.0_x5: HTTP Request Sent:
  http.request.body=
  | Action=CreateRole&AssumeRolePolicyDocument=%7B%22Statement%22%3A%5B%7B%22Action%22%3A%22sts%3AAssumeRole%22%2C%22Effect%22%3A%22Allow%22%2C%22Principal%22%3A%7B%22Service%22%3A%22glue.amazonaws.com%22%7D%7D%5D%2C%22Version%22%3A%222012-10-17%22%7D&MaxSessionDuration=3600&Path=%2F&RoleName=waste-classifier-dev-glue-job-role&Version=2010-05-08
   http.request.header.authorization="AWS4-HMAC-SHA256 Credential=ASIA************3UTS/20260515/us-east-1/iam/aws4_request, SignedHeaders=amz-sdk-invocation-id;amz-sdk-request;content-length;content-type;host;x-amz-date;x-amz-security-token, Signature=*****" net.peer.name=iam.amazonaws.com rpc.system=aws-api tf_aws.signing_region="" tf_provider_addr=registry.terraform.io/hashicorp/aws tf_resource_type=aws_iam_role tf_rpc=ApplyResourceChange http.request.header.amz_sdk_invocation_id=349068a4-9b46-4871-8622-3c53b69dbf0d http.request.header.amz_sdk_request="attempt=1; max=25" http.request.header.x_amz_date=20260515T233541Z http.request_content_length=343 http.url=https://iam.amazonaws.com/ @module=aws http.request.header.content_type=application/x-www-form-urlencoded rpc.method=CreateRole rpc.service=IAM tf_aws.sdk=aws-sdk-go-v2 tf_mux_provider="*schema.GRPCProviderServer" tf_req_id=ed9103aa-a19a-8512-9e61-5930b387d1ce http.request.header.x_amz_security_token="*****" @caller=github.com/hashicorp/aws-sdk-go-base/v2@v2.0.0-beta.65/logging/tf_logger.go:45 aws.region=us-east-1 http.method=POST http.user_agent="APN/1.0 HashiCorp/1.0 Terraform/1.14.8 (+https://www.terraform.io) terraform-provider-aws/5.100.0 (+https://registry.terraform.io/providers/hashicorp/aws) aws-sdk-go-v2/1.36.3 ua/2.1 os/linux lang/go#1.23.10 md/GOOS#linux md/GOARCH#amd64 api/iam#1.42.0 m/g" timestamp=2026-05-15T17:35:41.533-0600
[0m[1maws_s3_bucket_notification.raw_bucket_notifications: Still creating... [00m20s elapsed][0m[0m
[0m[1maws_cloudwatch_log_group.step_functions: Still creating... [00m20s elapsed][0m[0m
[0m[1mmodule.data_eng.aws_iam_role.glue_crawler_role: Still creating... [00m20s elapsed][0m[0m
[0m[1maws_iam_role.eventbridge_role: Still creating... [00m20s elapsed][0m[0m
[0m[1maws_iam_role.step_functions_role: Still creating... [00m20s elapsed][0m[0m
[0m[1mmodule.data_eng.aws_glue_catalog_database.main: Still creating... [00m20s elapsed][0m[0m
[0m[1mmodule.storage.aws_s3_bucket.code: Still creating... [00m20s elapsed][0m[0m
[0m[1mmodule.storage.aws_s3_bucket.processed: Still creating... [00m20s elapsed][0m[0m
[0m[1mmodule.storage.aws_s3_bucket.raw: Still creating... [00m20s elapsed][0m[0m
2026-05-15T17:35:50.915-0600 [DEBUG] provider.terraform-provider-aws_v5.100.0_x5: retrying request IAM/CreateRole, attempt 2: rpc.service=IAM tf_provider_addr=registry.terraform.io/hashicorp/aws tf_req_id=ed9103aa-a19a-8512-9e61-5930b387d1ce @caller=github.com/hashicorp/aws-sdk-go-base/v2@v2.0.0-beta.65/logging/tf_logger.go:45 @module=aws rpc.method=CreateRole rpc.system=aws-api aws.region=us-east-1 tf_rpc=ApplyResourceChange tf_aws.sdk=aws-sdk-go-v2 tf_mux_provider="*schema.GRPCProviderServer" tf_resource_type=aws_iam_role timestamp=2026-05-15T17:35:50.915-0600
2026-05-15T17:35:50.915-0600 [DEBUG] provider.terraform-provider-aws_v5.100.0_x5: HTTP Request Sent:
  http.request.body=
  | Action=CreateRole&AssumeRolePolicyDocument=%7B%22Statement%22%3A%5B%7B%22Action%22%3A%22sts%3AAssumeRole%22%2C%22Effect%22%3A%22Allow%22%2C%22Principal%22%3A%7B%22Service%22%3A%22glue.amazonaws.com%22%7D%7D%5D%2C%22Version%22%3A%222012-10-17%22%7D&MaxSessionDuration=3600&Path=%2F&RoleName=waste-classifier-dev-glue-job-role&Version=2010-05-08
   rpc.service=IAM tf_req_id=ed9103aa-a19a-8512-9e61-5930b387d1ce aws.region=us-east-1 http.method=POST http.request.header.x_amz_security_token="*****" tf_aws.sdk=aws-sdk-go-v2 tf_mux_provider="*schema.GRPCProviderServer" tf_rpc=ApplyResourceChange @module=aws http.request.header.amz_sdk_invocation_id=349068a4-9b46-4871-8622-3c53b69dbf0d http.request.header.authorization="AWS4-HMAC-SHA256 Credential=ASIA************3UTS/20260515/us-east-1/iam/aws4_request, SignedHeaders=amz-sdk-invocation-id;amz-sdk-request;content-length;content-type;host;x-amz-date;x-amz-security-token, Signature=*****" http.request.header.content_type=application/x-www-form-urlencoded http.url=https://iam.amazonaws.com/ tf_aws.signing_region="" net.peer.name=iam.amazonaws.com rpc.method=CreateRole @caller=github.com/hashicorp/aws-sdk-go-base/v2@v2.0.0-beta.65/logging/tf_logger.go:45 http.request.header.amz_sdk_request="attempt=2; max=25" http.request.header.x_amz_date=20260515T233550Z http.request_content_length=343 http.resend_count=2 rpc.system=aws-api http.user_agent="APN/1.0 HashiCorp/1.0 Terraform/1.14.8 (+https://www.terraform.io) terraform-provider-aws/5.100.0 (+https://registry.terraform.io/providers/hashicorp/aws) aws-sdk-go-v2/1.36.3 ua/2.1 os/linux lang/go#1.23.10 md/GOOS#linux md/GOARCH#amd64 api/iam#1.42.0 m/g" tf_provider_addr=registry.terraform.io/hashicorp/aws tf_resource_type=aws_iam_role timestamp=2026-05-15T17:35:50.915-0600
2026-05-15T17:35:50.971-0600 [DEBUG] provider.terraform-provider-aws_v5.100.0_x5: retrying request IAM/CreateRole, attempt 3: rpc.method=CreateRole tf_req_id=35087195-dab2-6469-8765-33cf2d1f137b @module=aws aws.region=us-east-1 tf_aws.sdk=aws-sdk-go-v2 tf_provider_addr=registry.terraform.io/hashicorp/aws tf_resource_type=aws_iam_role @caller=github.com/hashicorp/aws-sdk-go-base/v2@v2.0.0-beta.65/logging/tf_logger.go:45 rpc.service=IAM rpc.system=aws-api tf_rpc=ApplyResourceChange tf_mux_provider="*schema.GRPCProviderServer" timestamp=2026-05-15T17:35:50.970-0600
2026-05-15T17:35:50.971-0600 [DEBUG] provider.terraform-provider-aws_v5.100.0_x5: retrying request Glue/CreateDatabase, attempt 3: tf_mux_provider="*schema.GRPCProviderServer" tf_provider_addr=registry.terraform.io/hashicorp/aws tf_req_id=e75d4a10-9b3b-296d-bd19-60ea61824c9e @module=aws aws.region=us-east-1 rpc.method=CreateDatabase tf_aws.sdk=aws-sdk-go-v2 @caller=github.com/hashicorp/aws-sdk-go-base/v2@v2.0.0-beta.65/logging/tf_logger.go:45 rpc.system=aws-api tf_resource_type=aws_glue_catalog_database tf_rpc=ApplyResourceChange rpc.service=Glue timestamp=2026-05-15T17:35:50.971-0600
2026-05-15T17:35:50.971-0600 [DEBUG] provider.terraform-provider-aws_v5.100.0_x5: HTTP Request Sent: http.request.header.content_type=application/x-www-form-urlencoded @module=aws http.url=https://iam.amazonaws.com/ http.request.header.amz_sdk_request="attempt=3; max=25" http.request.header.x_amz_security_token="*****" http.request_content_length=351 tf_aws.sdk=aws-sdk-go-v2 http.user_agent="APN/1.0 HashiCorp/1.0 Terraform/1.14.8 (+https://www.terraform.io) terraform-provider-aws/5.100.0 (+https://registry.terraform.io/providers/hashicorp/aws) aws-sdk-go-v2/1.36.3 ua/2.1 os/linux lang/go#1.23.10 md/GOOS#linux md/GOARCH#amd64 api/iam#1.42.0 m/g" rpc.service=IAM tf_aws.signing_region="" @caller=github.com/hashicorp/aws-sdk-go-base/v2@v2.0.0-beta.65/logging/tf_logger.go:45 http.method=POST http.resend_count=3 tf_provider_addr=registry.terraform.io/hashicorp/aws http.request.header.amz_sdk_invocation_id=877f298a-0df0-4a44-8d27-90ad0b8600d7 rpc.method=CreateRole http.request.header.x_amz_date=20260515T233550Z net.peer.name=iam.amazonaws.com tf_resource_type=aws_iam_role aws.region=us-east-1
  http.request.body=
  | Action=CreateRole&AssumeRolePolicyDocument=%7B%22Statement%22%3A%5B%7B%22Action%22%3A%22sts%3AAssumeRole%22%2C%22Effect%22%3A%22Allow%22%2C%22Principal%22%3A%7B%22Service%22%3A%22states.amazonaws.com%22%7D%7D%5D%2C%22Version%22%3A%222012-10-17%22%7D&MaxSessionDuration=3600&Path=%2F&RoleName=waste-classifier-dev-step-functions-role&Version=2010-05-08
   http.request.header.authorization="AWS4-HMAC-SHA256 Credential=ASIA************3UTS/20260515/us-east-1/iam/aws4_request, SignedHeaders=amz-sdk-invocation-id;amz-sdk-request;content-length;content-type;host;x-amz-date;x-amz-security-token, Signature=*****" rpc.system=aws-api tf_mux_provider="*schema.GRPCProviderServer" tf_req_id=35087195-dab2-6469-8765-33cf2d1f137b tf_rpc=ApplyResourceChange timestamp=2026-05-15T17:35:50.971-0600
2026-05-15T17:35:50.971-0600 [DEBUG] provider.terraform-provider-aws_v5.100.0_x5: HTTP Request Sent: http.url=https://glue.us-east-1.amazonaws.com/ http.user_agent="APN/1.0 HashiCorp/1.0 Terraform/1.14.8 (+https://www.terraform.io) terraform-provider-aws/5.100.0 (+https://registry.terraform.io/providers/hashicorp/aws) aws-sdk-go-v2/1.36.3 ua/2.1 os/linux lang/go#1.23.10 md/GOOS#linux md/GOARCH#amd64 api/glue#1.113.0 m/g" rpc.service=Glue http.request.header.amz_sdk_request="attempt=3; max=25" http.request.header.authorization="AWS4-HMAC-SHA256 Credential=ASIA************3UTS/20260515/us-east-1/glue/aws4_request, SignedHeaders=amz-sdk-invocation-id;amz-sdk-request;content-length;content-type;host;x-amz-date;x-amz-security-token;x-amz-target, Signature=*****" @caller=github.com/hashicorp/aws-sdk-go-base/v2@v2.0.0-beta.65/logging/tf_logger.go:45 http.request.header.x_amz_target=AWSGlue.CreateDatabase tf_aws.sdk=aws-sdk-go-v2 tf_resource_type=aws_glue_catalog_database http.request.header.amz_sdk_invocation_id=207387e2-d168-4746-9bde-f40801bcfc3e http.resend_count=3 http.method=POST http.request.header.content_type=application/x-amz-json-1.1 http.request_content_length=84 rpc.method=CreateDatabase tf_rpc=ApplyResourceChange @module=aws net.peer.name=glue.us-east-1.amazonaws.com http.request.header.x_amz_date=20260515T233550Z tf_mux_provider="*schema.GRPCProviderServer" tf_req_id=e75d4a10-9b3b-296d-bd19-60ea61824c9e aws.region=us-east-1
  http.request.body=
  | {"CatalogId":"979054355848","DatabaseInput":{"Name":"waste-classifier_dev_catalog"}}
   rpc.system=aws-api tf_aws.signing_region="" tf_provider_addr=registry.terraform.io/hashicorp/aws http.request.header.x_amz_security_token="*****" timestamp=2026-05-15T17:35:50.971-0600
2026-05-15T17:35:51.035-0600 [DEBUG] provider.terraform-provider-aws_v5.100.0_x5: retrying request IAM/CreateRole, attempt 3: tf_resource_type=aws_iam_role tf_rpc=ApplyResourceChange rpc.system=aws-api rpc.method=CreateRole tf_mux_provider="*schema.GRPCProviderServer" @module=aws rpc.service=IAM tf_provider_addr=registry.terraform.io/hashicorp/aws @caller=github.com/hashicorp/aws-sdk-go-base/v2@v2.0.0-beta.65/logging/tf_logger.go:45 aws.region=us-east-1 tf_aws.sdk=aws-sdk-go-v2 tf_req_id=6560a94a-aea7-43cb-ff5d-56401ddcb967 timestamp=2026-05-15T17:35:51.035-0600
2026-05-15T17:35:51.035-0600 [DEBUG] provider.terraform-provider-aws_v5.100.0_x5: retrying request IAM/CreateRole, attempt 3: @caller=github.com/hashicorp/aws-sdk-go-base/v2@v2.0.0-beta.65/logging/tf_logger.go:45 tf_aws.sdk=aws-sdk-go-v2 tf_mux_provider="*schema.GRPCProviderServer" rpc.service=IAM rpc.system=aws-api @module=aws tf_provider_addr=registry.terraform.io/hashicorp/aws tf_req_id=43522324-cfd5-1f1c-f805-33e5c8c8d573 tf_resource_type=aws_iam_role aws.region=us-east-1 rpc.method=CreateRole tf_rpc=ApplyResourceChange timestamp=2026-05-15T17:35:51.035-0600
2026-05-15T17:35:51.035-0600 [DEBUG] provider.terraform-provider-aws_v5.100.0_x5: HTTP Request Sent: http.request.header.amz_sdk_request="attempt=3; max=25" http.request.header.authorization="AWS4-HMAC-SHA256 Credential=ASIA************3UTS/20260515/us-east-1/iam/aws4_request, SignedHeaders=amz-sdk-invocation-id;amz-sdk-request;content-length;content-type;host;x-amz-date;x-amz-security-token, Signature=*****" aws.region=us-east-1 http.request.header.amz_sdk_invocation_id=04d7657b-204f-4af7-8b63-c53f169d7443 tf_aws.signing_region="" tf_mux_provider="*schema.GRPCProviderServer" tf_rpc=ApplyResourceChange
  http.request.body=
  | Action=CreateRole&AssumeRolePolicyDocument=%7B%22Statement%22%3A%5B%7B%22Action%22%3A%22sts%3AAssumeRole%22%2C%22Effect%22%3A%22Allow%22%2C%22Principal%22%3A%7B%22Service%22%3A%22glue.amazonaws.com%22%7D%7D%5D%2C%22Version%22%3A%222012-10-17%22%7D&MaxSessionDuration=3600&Path=%2F&RoleName=waste-classifier-dev-glue-crawler-role&Version=2010-05-08
   tf_aws.sdk=aws-sdk-go-v2 http.resend_count=3 rpc.method=CreateRole http.request.header.x_amz_date=20260515T233551Z http.request_content_length=347 http.user_agent="APN/1.0 HashiCorp/1.0 Terraform/1.14.8 (+https://www.terraform.io) terraform-provider-aws/5.100.0 (+https://registry.terraform.io/providers/hashicorp/aws) aws-sdk-go-v2/1.36.3 ua/2.1 os/linux lang/go#1.23.10 md/GOOS#linux md/GOARCH#amd64 api/iam#1.42.0 m/g" rpc.system=aws-api tf_resource_type=aws_iam_role net.peer.name=iam.amazonaws.com http.request.header.x_amz_security_token="*****" @caller=github.com/hashicorp/aws-sdk-go-base/v2@v2.0.0-beta.65/logging/tf_logger.go:45 http.request.header.content_type=application/x-www-form-urlencoded tf_req_id=6560a94a-aea7-43cb-ff5d-56401ddcb967 @module=aws http.method=POST http.url=https://iam.amazonaws.com/ rpc.service=IAM tf_provider_addr=registry.terraform.io/hashicorp/aws timestamp=2026-05-15T17:35:51.035-0600
2026-05-15T17:35:51.035-0600 [DEBUG] provider.terraform-provider-aws_v5.100.0_x5: HTTP Request Sent: net.peer.name=iam.amazonaws.com tf_aws.sdk=aws-sdk-go-v2 http.request.header.x_amz_date=20260515T233551Z @module=aws http.request.header.amz_sdk_invocation_id=8f6fa858-9f30-4ba1-9722-82cc3c520d98 tf_aws.signing_region="" tf_provider_addr=registry.terraform.io/hashicorp/aws aws.region=us-east-1 http.method=POST http.resend_count=3 tf_mux_provider="*schema.GRPCProviderServer" rpc.service=IAM rpc.system=aws-api http.request.header.content_type=application/x-www-form-urlencoded
  http.request.body=
  | Action=CreateRole&AssumeRolePolicyDocument=%7B%22Statement%22%3A%5B%7B%22Action%22%3A%22sts%3AAssumeRole%22%2C%22Effect%22%3A%22Allow%22%2C%22Principal%22%3A%7B%22Service%22%3A%22events.amazonaws.com%22%7D%7D%5D%2C%22Version%22%3A%222012-10-17%22%7D&MaxSessionDuration=3600&Path=%2F&RoleName=waste-classifier-dev-eventbridge-role&Version=2010-05-08
   http.request.header.amz_sdk_request="attempt=3; max=25" @caller=github.com/hashicorp/aws-sdk-go-base/v2@v2.0.0-beta.65/logging/tf_logger.go:45 http.request_content_length=348 tf_req_id=43522324-cfd5-1f1c-f805-33e5c8c8d573 http.request.header.x_amz_security_token="*****" http.request.header.authorization="AWS4-HMAC-SHA256 Credential=ASIA************3UTS/20260515/us-east-1/iam/aws4_request, SignedHeaders=amz-sdk-invocation-id;amz-sdk-request;content-length;content-type;host;x-amz-date;x-amz-security-token, Signature=*****" rpc.method=CreateRole tf_resource_type=aws_iam_role tf_rpc=ApplyResourceChange http.url=https://iam.amazonaws.com/ http.user_agent="APN/1.0 HashiCorp/1.0 Terraform/1.14.8 (+https://www.terraform.io) terraform-provider-aws/5.100.0 (+https://registry.terraform.io/providers/hashicorp/aws) aws-sdk-go-v2/1.36.3 ua/2.1 os/linux lang/go#1.23.10 md/GOOS#linux md/GOARCH#amd64 api/iam#1.42.0 m/g" timestamp=2026-05-15T17:35:51.035-0600
2026-05-15T17:35:51.063-0600 [DEBUG] provider.terraform-provider-aws_v5.100.0_x5: retrying request S3/HeadBucket, attempt 3: tf_rpc=ApplyResourceChange @caller=github.com/hashicorp/aws-sdk-go-base/v2@v2.0.0-beta.65/logging/tf_logger.go:45 tf_aws.sdk=aws-sdk-go-v2 @module=aws aws.region=aws-global rpc.method=HeadBucket rpc.system=aws-api tf_provider_addr=registry.terraform.io/hashicorp/aws tf_req_id=b975131d-21d0-78d1-fafd-412989a4b6cc tf_resource_type=aws_s3_bucket aws.s3.bucket=waste-classifier-dev-code-v3 rpc.service=S3 tf_mux_provider="*schema.GRPCProviderServer" timestamp=2026-05-15T17:35:51.063-0600
2026-05-15T17:35:51.067-0600 [DEBUG] provider.terraform-provider-aws_v5.100.0_x5: HTTP Request Sent: net.peer.name=waste-classifier-dev-code-v3.s3.amazonaws.com rpc.service=S3 rpc.system=aws-api tf_aws.signing_region="" aws.region=aws-global http.request.header.x_amz_security_token="*****" http.url=https://waste-classifier-dev-code-v3.s3.amazonaws.com/ tf_mux_provider="*schema.GRPCProviderServer" aws.s3.bucket=waste-classifier-dev-code-v3 http.request.header.x_amz_content_sha256=e3b0c44298fc1c149afbf4c8996fb92427ae41e4649b934ca495991b7852b855 http.request.header.x_amz_date=20260515T233551Z @module=aws http.request.header.accept_encoding=identity @caller=github.com/hashicorp/aws-sdk-go-base/v2@v2.0.0-beta.65/logging/tf_logger.go:45 http.request.body="" http.request.header.authorization="AWS4-HMAC-SHA256 Credential=ASIA************3UTS/20260515/us-east-1/s3/aws4_request, SignedHeaders=accept-encoding;amz-sdk-invocation-id;amz-sdk-request;host;x-amz-content-sha256;x-amz-date;x-amz-security-token, Signature=*****" tf_aws.sdk=aws-sdk-go-v2 tf_resource_type=aws_s3_bucket http.resend_count=3 http.user_agent="APN/1.0 HashiCorp/1.0 Terraform/1.14.8 (+https://www.terraform.io) terraform-provider-aws/5.100.0 (+https://registry.terraform.io/providers/hashicorp/aws) aws-sdk-go-v2/1.36.3 ua/2.1 os/linux lang/go#1.23.10 md/GOOS#linux md/GOARCH#amd64 api/s3#1.80.1 m/g" tf_req_id=b975131d-21d0-78d1-fafd-412989a4b6cc tf_rpc=ApplyResourceChange http.method=HEAD http.request.header.amz_sdk_invocation_id=e1668d2e-0e00-4cc6-b040-1ce4122a99af http.request.header.amz_sdk_request="attempt=3; max=25" rpc.method=HeadBucket tf_provider_addr=registry.terraform.io/hashicorp/aws timestamp=2026-05-15T17:35:51.067-0600
2026-05-15T17:35:51.097-0600 [DEBUG] provider.terraform-provider-aws_v5.100.0_x5: retrying request CloudWatch Logs/CreateLogGroup, attempt 3: aws.region=us-east-1 rpc.method=CreateLogGroup tf_resource_type=aws_cloudwatch_log_group rpc.service="CloudWatch Logs" tf_aws.sdk=aws-sdk-go-v2 tf_rpc=ApplyResourceChange rpc.system=aws-api tf_mux_provider="*schema.GRPCProviderServer" tf_provider_addr=registry.terraform.io/hashicorp/aws tf_req_id=98d89b74-3576-fc8b-8ff3-50119b180926 @caller=github.com/hashicorp/aws-sdk-go-base/v2@v2.0.0-beta.65/logging/tf_logger.go:45 @module=aws timestamp=2026-05-15T17:35:51.097-0600
2026-05-15T17:35:51.097-0600 [DEBUG] provider.terraform-provider-aws_v5.100.0_x5: HTTP Request Sent: @caller=github.com/hashicorp/aws-sdk-go-base/v2@v2.0.0-beta.65/logging/tf_logger.go:45 @module=aws http.request.header.amz_sdk_request="attempt=3; max=25" http.request.header.authorization="AWS4-HMAC-SHA256 Credential=ASIA************3UTS/20260515/us-east-1/logs/aws4_request, SignedHeaders=amz-sdk-invocation-id;amz-sdk-request;content-length;content-type;host;x-amz-date;x-amz-security-token;x-amz-target, Signature=*****" http.url=https://logs.us-east-1.amazonaws.com/ tf_rpc=ApplyResourceChange http.user_agent="APN/1.0 HashiCorp/1.0 Terraform/1.14.8 (+https://www.terraform.io) terraform-provider-aws/5.100.0 (+https://registry.terraform.io/providers/hashicorp/aws) aws-sdk-go-v2/1.36.3 ua/2.1 os/linux lang/go#1.23.10 md/GOOS#linux md/GOARCH#amd64 api/cloudwatchlogs#1.50.1 m/g" tf_req_id=98d89b74-3576-fc8b-8ff3-50119b180926 rpc.system=aws-api tf_provider_addr=registry.terraform.io/hashicorp/aws aws.region=us-east-1 rpc.method=CreateLogGroup rpc.service="CloudWatch Logs" tf_aws.sdk=aws-sdk-go-v2 tf_mux_provider="*schema.GRPCProviderServer"
  http.request.body=
  | {"logGroupName":"/aws/states/waste-classifier-dev-etl-orchestration"}
   http.request.header.content_type=application/x-amz-json-1.1 http.request.header.x_amz_date=20260515T233551Z http.request_content_length=69 http.method=POST http.request.header.x_amz_security_token="*****" http.resend_count=3 net.peer.name=logs.us-east-1.amazonaws.com tf_aws.signing_region="" http.request.header.amz_sdk_invocation_id=bcf699da-6ad5-4b26-977f-b24ce91748f7 http.request.header.x_amz_target=Logs_20140328.CreateLogGroup tf_resource_type=aws_cloudwatch_log_group timestamp=2026-05-15T17:35:51.097-0600
2026-05-15T17:35:51.141-0600 [DEBUG] provider.terraform-provider-aws_v5.100.0_x5: HTTP Response Received: http.response.header.content_type=application/xml http.response.header.date="Fri, 15 May 2026 23:35:52 GMT" http.response.header.x_amz_bucket_region=us-east-1 http.response.header.x_amz_id_2="AR566CNp3lpLuAKPyegMH9uO9JKj0aM8DMKCKWgNDS9iCqcefo2EpFdoTRRXNUEkOQiQ+G4wnUi2W4mt/+T+6fwFOpdJJPjC" rpc.method=HeadBucket tf_resource_type=aws_s3_bucket http.response.header.x_amz_bucket_arn=arn:aws:s3:::waste-classifier-dev-processed-v3 aws.region=aws-global aws.s3.bucket=waste-classifier-dev-processed-v3 http.duration=10300 rpc.system=aws-api http.response.body="" http.response.header.x_amz_request_id=XMFJSTSB5AW5FPA3 http.status_code=200 rpc.service=S3 tf_aws.signing_region="" tf_mux_provider="*schema.GRPCProviderServer" tf_rpc=ApplyResourceChange @caller=github.com/hashicorp/aws-sdk-go-base/v2@v2.0.0-beta.65/logging/tf_logger.go:45 @module=aws http.response.header.server=AmazonS3 http.response.header.x_amz_access_point_alias=false tf_aws.sdk=aws-sdk-go-v2 tf_provider_addr=registry.terraform.io/hashicorp/aws tf_req_id=33d7a23a-0d70-bbeb-94a5-a3031df82075 timestamp=2026-05-15T17:35:51.141-0600
2026-05-15T17:35:51.142-0600 [ERROR] provider.terraform-provider-aws_v5.100.0_x5: Response contains error diagnostic: tf_proto_version=5.8 tf_provider_addr=registry.terraform.io/hashicorp/aws tf_req_id=33d7a23a-0d70-bbeb-94a5-a3031df82075 tf_resource_type=aws_s3_bucket @caller=github.com/hashicorp/terraform-plugin-go@v0.26.0/tfprotov5/internal/diag/diagnostics.go:58 diagnostic_severity=ERROR diagnostic_summary="creating S3 Bucket (waste-classifier-dev-processed-v3): BucketAlreadyExists" tf_rpc=ApplyResourceChange @module=sdk.proto diagnostic_detail="" timestamp=2026-05-15T17:35:51.141-0600
2026-05-15T17:35:51.144-0600 [DEBUG] State storage *statemgr.Filesystem declined to persist a state snapshot
2026-05-15T17:35:51.144-0600 [ERROR] vertex "module.storage.aws_s3_bucket.processed" error: creating S3 Bucket (waste-classifier-dev-processed-v3): BucketAlreadyExists
2026-05-15T17:35:51.158-0600 [DEBUG] provider.terraform-provider-aws_v5.100.0_x5: HTTP Response Received: @module=aws tf_mux_provider="*schema.GRPCProviderServer" tf_req_id=7977b6b5-07e5-6363-610a-529ccd880c1d tf_resource_type=aws_s3_bucket_notification @caller=github.com/hashicorp/aws-sdk-go-base/v2@v2.0.0-beta.65/logging/tf_logger.go:45 http.duration=10312
  http.response.body=
  | <?xml version="1.0" encoding="UTF-8"?>
  | <Error><Code>NoSuchBucket</Code><Message>The specified bucket does not exist</Message><BucketName>waste-classifier-dev-raw</BucketName><RequestId>XMFPRDJSMN4J3NZ2</RequestId><HostId>2knbDJGoBMOLS1WYyjtcwLe5THjpi63ZefZga3pL3VZWaHYAGegSU+UUhpvILxUW2mxdesXPXSJdKkFcaDLyt+ryPCVVU5LI</HostId></Error>
   http.response.header.content_type=application/xml http.response.header.date="Fri, 15 May 2026 23:35:51 GMT" http.response.header.x_amz_id_2="2knbDJGoBMOLS1WYyjtcwLe5THjpi63ZefZga3pL3VZWaHYAGegSU+UUhpvILxUW2mxdesXPXSJdKkFcaDLyt+ryPCVVU5LI" http.status_code=404 rpc.method=PutBucketNotificationConfiguration aws.region=aws-global http.response.header.server=AmazonS3 http.response.header.x_amz_request_id=XMFPRDJSMN4J3NZ2 rpc.service=S3 rpc.system=aws-api tf_aws.sdk=aws-sdk-go-v2 tf_provider_addr=registry.terraform.io/hashicorp/aws tf_aws.signing_region="" tf_rpc=ApplyResourceChange timestamp=2026-05-15T17:35:51.158-0600
2026-05-15T17:35:51.158-0600 [DEBUG] provider.terraform-provider-aws_v5.100.0_x5: request failed with unretryable error https response error StatusCode: 404, RequestID: XMFPRDJSMN4J3NZ2, HostID: 2knbDJGoBMOLS1WYyjtcwLe5THjpi63ZefZga3pL3VZWaHYAGegSU+UUhpvILxUW2mxdesXPXSJdKkFcaDLyt+ryPCVVU5LI, api error NoSuchBucket: The specified bucket does not exist: tf_resource_type=aws_s3_bucket_notification tf_mux_provider="*schema.GRPCProviderServer" rpc.method=PutBucketNotificationConfiguration tf_aws.sdk=aws-sdk-go-v2 tf_req_id=7977b6b5-07e5-6363-610a-529ccd880c1d @caller=github.com/hashicorp/aws-sdk-go-base/v2@v2.0.0-beta.65/logging/tf_logger.go:45 @module=aws rpc.service=S3 rpc.system=aws-api tf_provider_addr=registry.terraform.io/hashicorp/aws tf_rpc=ApplyResourceChange aws.region=aws-global timestamp=2026-05-15T17:35:51.158-0600
2026-05-15T17:35:51.195-0600 [DEBUG] provider.terraform-provider-aws_v5.100.0_x5: HTTP Response Received: tf_aws.signing_region="" tf_provider_addr=registry.terraform.io/hashicorp/aws tf_resource_type=aws_s3_bucket tf_rpc=ApplyResourceChange http.response.header.date="Fri, 15 May 2026 23:35:52 GMT" rpc.method=HeadBucket tf_mux_provider="*schema.GRPCProviderServer" tf_req_id=1d33b3a8-2cb8-754b-2b6a-f066993df8af @caller=github.com/hashicorp/aws-sdk-go-base/v2@v2.0.0-beta.65/logging/tf_logger.go:45 @module=aws aws.region=aws-global http.response.header.server=AmazonS3 http.response.header.x_amz_id_2="EEpK9RAYkOH+1LBVoIVG4xbIcaOkA7HC9P5oCIboEr/BA77X67x+LTBterHrcfz/QaO37PaF8mo=" http.status_code=200 rpc.system=aws-api http.duration=10318 http.response.body="" http.response.header.content_type=application/xml http.response.header.x_amz_bucket_region=us-east-1 rpc.service=S3 tf_aws.sdk=aws-sdk-go-v2 aws.s3.bucket=waste-classifier-dev-raw-v3 http.response.header.x_amz_access_point_alias=false http.response.header.x_amz_bucket_arn=arn:aws:s3:::waste-classifier-dev-raw-v3 http.response.header.x_amz_request_id=XMFT7KDYAENSEB7P timestamp=2026-05-15T17:35:51.195-0600
2026-05-15T17:35:51.195-0600 [ERROR] provider.terraform-provider-aws_v5.100.0_x5: Response contains error diagnostic: diagnostic_summary="creating S3 Bucket (waste-classifier-dev-raw-v3): BucketAlreadyExists" tf_proto_version=5.8 tf_req_id=1d33b3a8-2cb8-754b-2b6a-f066993df8af @caller=github.com/hashicorp/terraform-plugin-go@v0.26.0/tfprotov5/internal/diag/diagnostics.go:58 @module=sdk.proto diagnostic_detail="" diagnostic_severity=ERROR tf_provider_addr=registry.terraform.io/hashicorp/aws tf_resource_type=aws_s3_bucket tf_rpc=ApplyResourceChange timestamp=2026-05-15T17:35:51.195-0600
2026-05-15T17:35:51.197-0600 [DEBUG] State storage *statemgr.Filesystem declined to persist a state snapshot
2026-05-15T17:35:51.197-0600 [ERROR] vertex "module.storage.aws_s3_bucket.raw" error: creating S3 Bucket (waste-classifier-dev-raw-v3): BucketAlreadyExists
[0m[1mmodule.data_eng.aws_iam_role.glue_job_role: Still creating... [00m10s elapsed][0m[0m
2026-05-15T17:35:51.659-0600 [DEBUG] provider.terraform-provider-aws_v5.100.0_x5: HTTP Request Sent: http.request.header.x_amz_security_token="*****" rpc.method=PutBucketNotificationConfiguration http.request.header.x_amz_content_sha256=88f2e83f368ad7ee1b2859512539a8e91caea5a7fd35809bb7ae3733054bd897 tf_aws.signing_region="" tf_resource_type=aws_s3_bucket_notification @module=aws http.url=https://waste-classifier-dev-raw.s3.amazonaws.com/?notification= net.peer.name=waste-classifier-dev-raw.s3.amazonaws.com tf_mux_provider="*schema.GRPCProviderServer" tf_provider_addr=registry.terraform.io/hashicorp/aws @caller=github.com/hashicorp/aws-sdk-go-base/v2@v2.0.0-beta.65/logging/tf_logger.go:45 http.method=PUT http.request.header.authorization="AWS4-HMAC-SHA256 Credential=ASIA************3UTS/20260515/us-east-1/s3/aws4_request, SignedHeaders=accept-encoding;amz-sdk-invocation-id;amz-sdk-request;content-length;content-type;host;x-amz-content-sha256;x-amz-date;x-amz-security-token, Signature=*****" tf_aws.sdk=aws-sdk-go-v2 http.request.header.x_amz_date=20260515T233551Z tf_req_id=7977b6b5-07e5-6363-610a-529ccd880c1d aws.region=aws-global http.request.header.accept_encoding=identity http.user_agent="APN/1.0 HashiCorp/1.0 Terraform/1.14.8 (+https://www.terraform.io) terraform-provider-aws/5.100.0 (+https://registry.terraform.io/providers/hashicorp/aws) aws-sdk-go-v2/1.36.3 ua/2.1 os/linux lang/go#1.23.10 md/GOOS#linux md/GOARCH#amd64 api/s3#1.80.1 m/g" rpc.system=aws-api
  http.request.body=
  | <NotificationConfiguration xmlns="http://s3.amazonaws.com/doc/2006-03-01/"><EventBridgeConfiguration></EventBridgeConfiguration></NotificationConfiguration>
   tf_rpc=ApplyResourceChange http.request.header.amz_sdk_invocation_id=55ad1826-3ae5-475b-ac15-1a48add3196b http.request.header.content_type=application/xml http.request_content_length=156 rpc.service=S3 http.request.header.amz_sdk_request="attempt=1; max=25" timestamp=2026-05-15T17:35:51.659-0600
2026-05-15T17:35:56.205-0600 [DEBUG] provider.terraform-provider-aws_v5.100.0_x5: HTTP Response Received: http.response.header.x_amz_request_id=M3FWGNQCFCKKP3HX http.status_code=404 http.response.header.date="Fri, 15 May 2026 23:35:55 GMT" rpc.method=PutBucketNotificationConfiguration tf_aws.signing_region="" tf_provider_addr=registry.terraform.io/hashicorp/aws
  http.response.body=
  | <?xml version="1.0" encoding="UTF-8"?>
  | <Error><Code>NoSuchBucket</Code><Message>The specified bucket does not exist</Message><BucketName>waste-classifier-dev-raw</BucketName><RequestId>M3FWGNQCFCKKP3HX</RequestId><HostId>GwCwQIcF2Tz6Pbhu9A+j/KaF6dWWYP7hoMTB0NviBmMQqChiaVcijDBtvKWzSDzM1lKhm1kZlYUCfDlApwvp55mHls4t8xTM</HostId></Error>
   rpc.system=aws-api tf_aws.sdk=aws-sdk-go-v2 tf_mux_provider="*schema.GRPCProviderServer" http.response.header.x_amz_id_2="GwCwQIcF2Tz6Pbhu9A+j/KaF6dWWYP7hoMTB0NviBmMQqChiaVcijDBtvKWzSDzM1lKhm1kZlYUCfDlApwvp55mHls4t8xTM" @caller=github.com/hashicorp/aws-sdk-go-base/v2@v2.0.0-beta.65/logging/tf_logger.go:45 @module=aws aws.region=aws-global http.duration=4545 tf_req_id=7977b6b5-07e5-6363-610a-529ccd880c1d http.response.header.content_type=application/xml http.response.header.server=AmazonS3 rpc.service=S3 tf_resource_type=aws_s3_bucket_notification tf_rpc=ApplyResourceChange timestamp=2026-05-15T17:35:56.205-0600
2026-05-15T17:35:56.205-0600 [DEBUG] provider.terraform-provider-aws_v5.100.0_x5: request failed with unretryable error https response error StatusCode: 404, RequestID: M3FWGNQCFCKKP3HX, HostID: GwCwQIcF2Tz6Pbhu9A+j/KaF6dWWYP7hoMTB0NviBmMQqChiaVcijDBtvKWzSDzM1lKhm1kZlYUCfDlApwvp55mHls4t8xTM, api error NoSuchBucket: The specified bucket does not exist: rpc.service=S3 tf_req_id=7977b6b5-07e5-6363-610a-529ccd880c1d tf_resource_type=aws_s3_bucket_notification tf_rpc=ApplyResourceChange aws.region=aws-global rpc.method=PutBucketNotificationConfiguration rpc.system=aws-api tf_aws.sdk=aws-sdk-go-v2 tf_mux_provider="*schema.GRPCProviderServer" @caller=github.com/hashicorp/aws-sdk-go-base/v2@v2.0.0-beta.65/logging/tf_logger.go:45 @module=aws tf_provider_addr=registry.terraform.io/hashicorp/aws timestamp=2026-05-15T17:35:56.205-0600
2026-05-15T17:35:57.209-0600 [DEBUG] provider.terraform-provider-aws_v5.100.0_x5: HTTP Request Sent: tf_provider_addr=registry.terraform.io/hashicorp/aws @caller=github.com/hashicorp/aws-sdk-go-base/v2@v2.0.0-beta.65/logging/tf_logger.go:45 rpc.method=PutBucketNotificationConfiguration rpc.service=S3 tf_aws.sdk=aws-sdk-go-v2 tf_aws.signing_region="" tf_resource_type=aws_s3_bucket_notification http.request.header.x_amz_security_token="*****" tf_rpc=ApplyResourceChange @module=aws http.request.header.accept_encoding=identity rpc.system=aws-api http.url=https://waste-classifier-dev-raw.s3.amazonaws.com/?notification= http.user_agent="APN/1.0 HashiCorp/1.0 Terraform/1.14.8 (+https://www.terraform.io) terraform-provider-aws/5.100.0 (+https://registry.terraform.io/providers/hashicorp/aws) aws-sdk-go-v2/1.36.3 ua/2.1 os/linux lang/go#1.23.10 md/GOOS#linux md/GOARCH#amd64 api/s3#1.80.1 m/g" tf_mux_provider="*schema.GRPCProviderServer" http.request.header.amz_sdk_invocation_id=4e9e977f-eade-43df-a35e-8d9b4b9e23b2 http.request.header.x_amz_date=20260515T233557Z http.request.header.authorization="AWS4-HMAC-SHA256 Credential=ASIA************3UTS/20260515/us-east-1/s3/aws4_request, SignedHeaders=accept-encoding;amz-sdk-invocation-id;amz-sdk-request;content-length;content-type;host;x-amz-content-sha256;x-amz-date;x-amz-security-token, Signature=*****" http.request.header.x_amz_content_sha256=88f2e83f368ad7ee1b2859512539a8e91caea5a7fd35809bb7ae3733054bd897 tf_req_id=7977b6b5-07e5-6363-610a-529ccd880c1d aws.region=aws-global http.method=PUT
  http.request.body=
  | <NotificationConfiguration xmlns="http://s3.amazonaws.com/doc/2006-03-01/"><EventBridgeConfiguration></EventBridgeConfiguration></NotificationConfiguration>
   http.request.header.amz_sdk_request="attempt=1; max=25" http.request.header.content_type=application/xml http.request_content_length=156 net.peer.name=waste-classifier-dev-raw.s3.amazonaws.com timestamp=2026-05-15T17:35:57.207-0600
2026-05-15T17:35:57.526-0600 [DEBUG] provider.terraform-provider-aws_v5.100.0_x5: HTTP Response Received: http.response.header.server=AmazonS3 http.response.header.x_amz_request_id=ERDBSTT1J8A1KGKP http.status_code=404 rpc.method=PutBucketNotificationConfiguration tf_aws.sdk=aws-sdk-go-v2 tf_rpc=ApplyResourceChange @module=aws http.duration=316
  http.response.body=
  | <?xml version="1.0" encoding="UTF-8"?>
  | <Error><Code>NoSuchBucket</Code><Message>The specified bucket does not exist</Message><BucketName>waste-classifier-dev-raw</BucketName><RequestId>ERDBSTT1J8A1KGKP</RequestId><HostId>YFT4M4ACoG7tAk9+mVgDaGKA4ea6li1Lf0Bjqsht/bp5M7MiNO0t5g4cu7DPq8OhrzNQ4mtzDIoUdEd1Al44CJiWmvGajViP</HostId></Error>
   http.response.header.x_amz_id_2="YFT4M4ACoG7tAk9+mVgDaGKA4ea6li1Lf0Bjqsht/bp5M7MiNO0t5g4cu7DPq8OhrzNQ4mtzDIoUdEd1Al44CJiWmvGajViP" rpc.system=aws-api @caller=github.com/hashicorp/aws-sdk-go-base/v2@v2.0.0-beta.65/logging/tf_logger.go:45 aws.region=aws-global http.response.header.date="Fri, 15 May 2026 23:35:56 GMT" tf_provider_addr=registry.terraform.io/hashicorp/aws tf_req_id=7977b6b5-07e5-6363-610a-529ccd880c1d rpc.service=S3 tf_aws.signing_region="" tf_mux_provider="*schema.GRPCProviderServer" tf_resource_type=aws_s3_bucket_notification http.response.header.content_type=application/xml timestamp=2026-05-15T17:35:57.526-0600
2026-05-15T17:35:57.526-0600 [DEBUG] provider.terraform-provider-aws_v5.100.0_x5: request failed with unretryable error https response error StatusCode: 404, RequestID: ERDBSTT1J8A1KGKP, HostID: YFT4M4ACoG7tAk9+mVgDaGKA4ea6li1Lf0Bjqsht/bp5M7MiNO0t5g4cu7DPq8OhrzNQ4mtzDIoUdEd1Al44CJiWmvGajViP, api error NoSuchBucket: The specified bucket does not exist: aws.region=aws-global rpc.system=aws-api @caller=github.com/hashicorp/aws-sdk-go-base/v2@v2.0.0-beta.65/logging/tf_logger.go:45 @module=aws tf_mux_provider="*schema.GRPCProviderServer" tf_provider_addr=registry.terraform.io/hashicorp/aws tf_req_id=7977b6b5-07e5-6363-610a-529ccd880c1d rpc.method=PutBucketNotificationConfiguration rpc.service=S3 tf_aws.sdk=aws-sdk-go-v2 tf_resource_type=aws_s3_bucket_notification tf_rpc=ApplyResourceChange timestamp=2026-05-15T17:35:57.526-0600
2026-05-15T17:35:59.531-0600 [DEBUG] provider.terraform-provider-aws_v5.100.0_x5: HTTP Request Sent: http.request.header.content_type=application/xml http.request.header.x_amz_date=20260515T233559Z http.user_agent="APN/1.0 HashiCorp/1.0 Terraform/1.14.8 (+https://www.terraform.io) terraform-provider-aws/5.100.0 (+https://registry.terraform.io/providers/hashicorp/aws) aws-sdk-go-v2/1.36.3 ua/2.1 os/linux lang/go#1.23.10 md/GOOS#linux md/GOARCH#amd64 api/s3#1.80.1 m/g" rpc.system=aws-api tf_aws.signing_region="" aws.region=aws-global http.request.header.amz_sdk_invocation_id=7fe88902-d6d2-4fec-806e-e90ff011fb02 @caller=github.com/hashicorp/aws-sdk-go-base/v2@v2.0.0-beta.65/logging/tf_logger.go:45 http.request.header.x_amz_security_token="*****" rpc.method=PutBucketNotificationConfiguration tf_resource_type=aws_s3_bucket_notification tf_rpc=ApplyResourceChange net.peer.name=waste-classifier-dev-raw.s3.amazonaws.com tf_provider_addr=registry.terraform.io/hashicorp/aws tf_req_id=7977b6b5-07e5-6363-610a-529ccd880c1d @module=aws
  http.request.body=
  | <NotificationConfiguration xmlns="http://s3.amazonaws.com/doc/2006-03-01/"><EventBridgeConfiguration></EventBridgeConfiguration></NotificationConfiguration>
   http.request.header.amz_sdk_request="attempt=1; max=25" http.url=https://waste-classifier-dev-raw.s3.amazonaws.com/?notification= http.request.header.accept_encoding=identity tf_aws.sdk=aws-sdk-go-v2 http.method=PUT http.request.header.x_amz_content_sha256=88f2e83f368ad7ee1b2859512539a8e91caea5a7fd35809bb7ae3733054bd897 tf_mux_provider="*schema.GRPCProviderServer" http.request.header.authorization="AWS4-HMAC-SHA256 Credential=ASIA************3UTS/20260515/us-east-1/s3/aws4_request, SignedHeaders=accept-encoding;amz-sdk-invocation-id;amz-sdk-request;content-length;content-type;host;x-amz-content-sha256;x-amz-date;x-amz-security-token, Signature=*****" http.request_content_length=156 rpc.service=S3 timestamp=2026-05-15T17:35:59.530-0600
2026-05-15T17:35:59.862-0600 [DEBUG] provider.terraform-provider-aws_v5.100.0_x5: HTTP Response Received: http.response.header.server=AmazonS3 tf_aws.signing_region="" tf_rpc=ApplyResourceChange @caller=github.com/hashicorp/aws-sdk-go-base/v2@v2.0.0-beta.65/logging/tf_logger.go:45 http.response.header.x_amz_request_id=TDNYQ07Z1MX773K8 tf_resource_type=aws_s3_bucket_notification @module=aws http.duration=331
  http.response.body=
  | <?xml version="1.0" encoding="UTF-8"?>
  | <Error><Code>NoSuchBucket</Code><Message>The specified bucket does not exist</Message><BucketName>waste-classifier-dev-raw</BucketName><RequestId>TDNYQ07Z1MX773K8</RequestId><HostId>JVFJ0DyolP/hFoUQsPBSB7xG0D9L0ixSE3rHgbIHlpMbMTUxHcg7ZypIRb9vHgBLZ3MEY003EmXgmiPrjVXV1MEXovGfcnQX</HostId></Error>
   http.response.header.x_amz_id_2=JVFJ0DyolP/hFoUQsPBSB7xG0D9L0ixSE3rHgbIHlpMbMTUxHcg7ZypIRb9vHgBLZ3MEY003EmXgmiPrjVXV1MEXovGfcnQX rpc.method=PutBucketNotificationConfiguration rpc.system=aws-api tf_req_id=7977b6b5-07e5-6363-610a-529ccd880c1d http.response.header.content_type=application/xml http.response.header.date="Fri, 15 May 2026 23:35:58 GMT" http.status_code=404 rpc.service=S3 tf_aws.sdk=aws-sdk-go-v2 tf_mux_provider="*schema.GRPCProviderServer" tf_provider_addr=registry.terraform.io/hashicorp/aws aws.region=aws-global timestamp=2026-05-15T17:35:59.862-0600
2026-05-15T17:35:59.862-0600 [DEBUG] provider.terraform-provider-aws_v5.100.0_x5: request failed with unretryable error https response error StatusCode: 404, RequestID: TDNYQ07Z1MX773K8, HostID: JVFJ0DyolP/hFoUQsPBSB7xG0D9L0ixSE3rHgbIHlpMbMTUxHcg7ZypIRb9vHgBLZ3MEY003EmXgmiPrjVXV1MEXovGfcnQX, api error NoSuchBucket: The specified bucket does not exist: @caller=github.com/hashicorp/aws-sdk-go-base/v2@v2.0.0-beta.65/logging/tf_logger.go:45 @module=aws rpc.system=aws-api tf_rpc=ApplyResourceChange rpc.service=S3 tf_mux_provider="*schema.GRPCProviderServer" tf_resource_type=aws_s3_bucket_notification aws.region=aws-global rpc.method=PutBucketNotificationConfiguration tf_aws.sdk=aws-sdk-go-v2 tf_provider_addr=registry.terraform.io/hashicorp/aws tf_req_id=7977b6b5-07e5-6363-610a-529ccd880c1d timestamp=2026-05-15T17:35:59.862-0600
[0m[1maws_cloudwatch_log_group.step_functions: Still creating... [00m30s elapsed][0m[0m
[0m[1maws_s3_bucket_notification.raw_bucket_notifications: Still creating... [00m30s elapsed][0m[0m
[0m[1mmodule.data_eng.aws_glue_catalog_database.main: Still creating... [00m30s elapsed][0m[0m
[0m[1maws_iam_role.eventbridge_role: Still creating... [00m30s elapsed][0m[0m
[0m[1mmodule.data_eng.aws_iam_role.glue_crawler_role: Still creating... [00m30s elapsed][0m[0m
[0m[1maws_iam_role.step_functions_role: Still creating... [00m30s elapsed][0m[0m
[0m[1mmodule.storage.aws_s3_bucket.code: Still creating... [00m30s elapsed][0m[0m
2026-05-15T17:36:01.131-0600 [DEBUG] provider.terraform-provider-aws_v5.100.0_x5: retrying request IAM/CreateRole, attempt 3: tf_resource_type=aws_iam_role aws.region=us-east-1 tf_provider_addr=registry.terraform.io/hashicorp/aws @caller=github.com/hashicorp/aws-sdk-go-base/v2@v2.0.0-beta.65/logging/tf_logger.go:45 rpc.method=CreateRole tf_aws.sdk=aws-sdk-go-v2 tf_req_id=ed9103aa-a19a-8512-9e61-5930b387d1ce tf_rpc=ApplyResourceChange @module=aws rpc.service=IAM rpc.system=aws-api tf_mux_provider="*schema.GRPCProviderServer" timestamp=2026-05-15T17:36:01.131-0600
2026-05-15T17:36:01.131-0600 [DEBUG] provider.terraform-provider-aws_v5.100.0_x5: HTTP Request Sent: rpc.service=IAM tf_rpc=ApplyResourceChange http.method=POST
  http.request.body=
  | Action=CreateRole&AssumeRolePolicyDocument=%7B%22Statement%22%3A%5B%7B%22Action%22%3A%22sts%3AAssumeRole%22%2C%22Effect%22%3A%22Allow%22%2C%22Principal%22%3A%7B%22Service%22%3A%22glue.amazonaws.com%22%7D%7D%5D%2C%22Version%22%3A%222012-10-17%22%7D&MaxSessionDuration=3600&Path=%2F&RoleName=waste-classifier-dev-glue-job-role&Version=2010-05-08
   http.request.header.amz_sdk_invocation_id=349068a4-9b46-4871-8622-3c53b69dbf0d net.peer.name=iam.amazonaws.com http.request.header.x_amz_date=20260515T233601Z @caller=github.com/hashicorp/aws-sdk-go-base/v2@v2.0.0-beta.65/logging/tf_logger.go:45 aws.region=us-east-1 http.request.header.authorization="AWS4-HMAC-SHA256 Credential=ASIA************3UTS/20260515/us-east-1/iam/aws4_request, SignedHeaders=amz-sdk-invocation-id;amz-sdk-request;content-length;content-type;host;x-amz-date;x-amz-security-token, Signature=*****" tf_mux_provider="*schema.GRPCProviderServer" tf_provider_addr=registry.terraform.io/hashicorp/aws tf_aws.sdk=aws-sdk-go-v2 tf_resource_type=aws_iam_role http.user_agent="APN/1.0 HashiCorp/1.0 Terraform/1.14.8 (+https://www.terraform.io) terraform-provider-aws/5.100.0 (+https://registry.terraform.io/providers/hashicorp/aws) aws-sdk-go-v2/1.36.3 ua/2.1 os/linux lang/go#1.23.10 md/GOOS#linux md/GOARCH#amd64 api/iam#1.42.0 m/g" rpc.system=aws-api tf_req_id=ed9103aa-a19a-8512-9e61-5930b387d1ce http.request.header.x_amz_security_token="*****" @module=aws http.request.header.amz_sdk_request="attempt=3; max=25" http.request_content_length=343 http.url=https://iam.amazonaws.com/ http.resend_count=3 rpc.method=CreateRole http.request.header.content_type=application/x-www-form-urlencoded tf_aws.signing_region="" timestamp=2026-05-15T17:36:01.131-0600
2026-05-15T17:36:01.277-0600 [DEBUG] provider.terraform-provider-aws_v5.100.0_x5: retrying request IAM/CreateRole, attempt 4: aws.region=us-east-1 rpc.service=IAM tf_provider_addr=registry.terraform.io/hashicorp/aws @caller=github.com/hashicorp/aws-sdk-go-base/v2@v2.0.0-beta.65/logging/tf_logger.go:45 tf_aws.sdk=aws-sdk-go-v2 tf_mux_provider="*schema.GRPCProviderServer" rpc.method=CreateRole tf_req_id=35087195-dab2-6469-8765-33cf2d1f137b tf_resource_type=aws_iam_role @module=aws rpc.system=aws-api tf_rpc=ApplyResourceChange timestamp=2026-05-15T17:36:01.276-0600
2026-05-15T17:36:01.277-0600 [DEBUG] provider.terraform-provider-aws_v5.100.0_x5: HTTP Request Sent: http.request.header.authorization="AWS4-HMAC-SHA256 Credential=ASIA************3UTS/20260515/us-east-1/iam/aws4_request, SignedHeaders=amz-sdk-invocation-id;amz-sdk-request;content-length;content-type;host;x-amz-date;x-amz-security-token, Signature=*****" http.request_content_length=351 http.user_agent="APN/1.0 HashiCorp/1.0 Terraform/1.14.8 (+https://www.terraform.io) terraform-provider-aws/5.100.0 (+https://registry.terraform.io/providers/hashicorp/aws) aws-sdk-go-v2/1.36.3 ua/2.1 os/linux lang/go#1.23.10 md/GOOS#linux md/GOARCH#amd64 api/iam#1.42.0 m/g" @module=aws
  http.request.body=
  | Action=CreateRole&AssumeRolePolicyDocument=%7B%22Statement%22%3A%5B%7B%22Action%22%3A%22sts%3AAssumeRole%22%2C%22Effect%22%3A%22Allow%22%2C%22Principal%22%3A%7B%22Service%22%3A%22states.amazonaws.com%22%7D%7D%5D%2C%22Version%22%3A%222012-10-17%22%7D&MaxSessionDuration=3600&Path=%2F&RoleName=waste-classifier-dev-step-functions-role&Version=2010-05-08
   tf_aws.sdk=aws-sdk-go-v2 tf_mux_provider="*schema.GRPCProviderServer" http.url=https://iam.amazonaws.com/ rpc.method=CreateRole @caller=github.com/hashicorp/aws-sdk-go-base/v2@v2.0.0-beta.65/logging/tf_logger.go:45 http.request.header.amz_sdk_invocation_id=877f298a-0df0-4a44-8d27-90ad0b8600d7 http.request.header.x_amz_date=20260515T233601Z rpc.system=aws-api tf_req_id=35087195-dab2-6469-8765-33cf2d1f137b http.request.header.amz_sdk_request="attempt=4; max=25" net.peer.name=iam.amazonaws.com tf_resource_type=aws_iam_role aws.region=us-east-1 http.method=POST http.request.header.content_type=application/x-www-form-urlencoded http.request.header.x_amz_security_token="*****" tf_rpc=ApplyResourceChange tf_aws.signing_region="" tf_provider_addr=registry.terraform.io/hashicorp/aws http.resend_count=4 rpc.service=IAM timestamp=2026-05-15T17:36:01.277-0600
2026-05-15T17:36:01.303-0600 [DEBUG] provider.terraform-provider-aws_v5.100.0_x5: HTTP Response Received: rpc.method=CreateDatabase rpc.system=aws-api tf_aws.sdk=aws-sdk-go-v2 tf_req_id=e75d4a10-9b3b-296d-bd19-60ea61824c9e tf_rpc=ApplyResourceChange @module=aws http.response.header.x_amzn_requestid=b6615d70-8b72-407b-9461-741329059015 tf_resource_type=aws_glue_catalog_database http.response.header.cache_control=no-cache http.response_content_length=72 http.status_code=400 rpc.service=Glue aws.region=us-east-1 http.duration=10331
  http.response.body=
  | {"__type":"AlreadyExistsException","Message":"Database already exists."}
   http.response.header.content_type=application/x-amz-json-1.1 http.response.header.date="Fri, 15 May 2026 23:36:01 GMT" tf_aws.signing_region="" tf_mux_provider="*schema.GRPCProviderServer" tf_provider_addr=registry.terraform.io/hashicorp/aws @caller=github.com/hashicorp/aws-sdk-go-base/v2@v2.0.0-beta.65/logging/tf_logger.go:45 timestamp=2026-05-15T17:36:01.303-0600
2026-05-15T17:36:01.303-0600 [DEBUG] provider.terraform-provider-aws_v5.100.0_x5: request failed with unretryable error https response error StatusCode: 400, RequestID: b6615d70-8b72-407b-9461-741329059015, AlreadyExistsException: Database already exists.: tf_aws.sdk=aws-sdk-go-v2 tf_mux_provider="*schema.GRPCProviderServer" tf_req_id=e75d4a10-9b3b-296d-bd19-60ea61824c9e @module=aws tf_rpc=ApplyResourceChange rpc.method=CreateDatabase tf_provider_addr=registry.terraform.io/hashicorp/aws tf_resource_type=aws_glue_catalog_database @caller=github.com/hashicorp/aws-sdk-go-base/v2@v2.0.0-beta.65/logging/tf_logger.go:45 aws.region=us-east-1 rpc.service=Glue rpc.system=aws-api timestamp=2026-05-15T17:36:01.303-0600
2026-05-15T17:36:01.303-0600 [ERROR] provider.terraform-provider-aws_v5.100.0_x5: Response contains error diagnostic: diagnostic_detail="" diagnostic_severity=ERROR tf_proto_version=5.8 tf_provider_addr=registry.terraform.io/hashicorp/aws tf_resource_type=aws_glue_catalog_database @caller=github.com/hashicorp/terraform-plugin-go@v0.26.0/tfprotov5/internal/diag/diagnostics.go:58 diagnostic_summary="creating Glue Catalog Database (waste-classifier_dev_catalog): operation error Glue: CreateDatabase, https response error StatusCode: 400, RequestID: b6615d70-8b72-407b-9461-741329059015, AlreadyExistsException: Database already exists." tf_req_id=e75d4a10-9b3b-296d-bd19-60ea61824c9e tf_rpc=ApplyResourceChange @module=sdk.proto timestamp=2026-05-15T17:36:01.303-0600
2026-05-15T17:36:01.305-0600 [DEBUG] State storage *statemgr.Filesystem declined to persist a state snapshot
2026-05-15T17:36:01.305-0600 [ERROR] vertex "module.data_eng.aws_glue_catalog_database.main" error: creating Glue Catalog Database (waste-classifier_dev_catalog): operation error Glue: CreateDatabase, https response error StatusCode: 400, RequestID: b6615d70-8b72-407b-9461-741329059015, AlreadyExistsException: Database already exists.
2026-05-15T17:36:01.373-0600 [DEBUG] provider.terraform-provider-aws_v5.100.0_x5: retrying request IAM/CreateRole, attempt 4: @module=aws rpc.service=IAM tf_req_id=6560a94a-aea7-43cb-ff5d-56401ddcb967 rpc.system=aws-api tf_aws.sdk=aws-sdk-go-v2 tf_provider_addr=registry.terraform.io/hashicorp/aws @caller=github.com/hashicorp/aws-sdk-go-base/v2@v2.0.0-beta.65/logging/tf_logger.go:45 tf_mux_provider="*schema.GRPCProviderServer" tf_rpc=ApplyResourceChange aws.region=us-east-1 rpc.method=CreateRole tf_resource_type=aws_iam_role timestamp=2026-05-15T17:36:01.373-0600
2026-05-15T17:36:01.373-0600 [DEBUG] provider.terraform-provider-aws_v5.100.0_x5: HTTP Request Sent: tf_resource_type=aws_iam_role @module=aws http.method=POST http.request.header.amz_sdk_invocation_id=04d7657b-204f-4af7-8b63-c53f169d7443 http.resend_count=4 rpc.system=aws-api tf_mux_provider="*schema.GRPCProviderServer" tf_provider_addr=registry.terraform.io/hashicorp/aws net.peer.name=iam.amazonaws.com tf_aws.sdk=aws-sdk-go-v2 @caller=github.com/hashicorp/aws-sdk-go-base/v2@v2.0.0-beta.65/logging/tf_logger.go:45 http.request.header.amz_sdk_request="attempt=4; max=25" http.user_agent="APN/1.0 HashiCorp/1.0 Terraform/1.14.8 (+https://www.terraform.io) terraform-provider-aws/5.100.0 (+https://registry.terraform.io/providers/hashicorp/aws) aws-sdk-go-v2/1.36.3 ua/2.1 os/linux lang/go#1.23.10 md/GOOS#linux md/GOARCH#amd64 api/iam#1.42.0 m/g" tf_rpc=ApplyResourceChange http.request.header.x_amz_date=20260515T233601Z rpc.method=CreateRole tf_aws.signing_region="" aws.region=us-east-1
  http.request.body=
  | Action=CreateRole&AssumeRolePolicyDocument=%7B%22Statement%22%3A%5B%7B%22Action%22%3A%22sts%3AAssumeRole%22%2C%22Effect%22%3A%22Allow%22%2C%22Principal%22%3A%7B%22Service%22%3A%22glue.amazonaws.com%22%7D%7D%5D%2C%22Version%22%3A%222012-10-17%22%7D&MaxSessionDuration=3600&Path=%2F&RoleName=waste-classifier-dev-glue-crawler-role&Version=2010-05-08
   http.request.header.authorization="AWS4-HMAC-SHA256 Credential=ASIA************3UTS/20260515/us-east-1/iam/aws4_request, SignedHeaders=amz-sdk-invocation-id;amz-sdk-request;content-length;content-type;host;x-amz-date;x-amz-security-token, Signature=*****" http.request.header.content_type=application/x-www-form-urlencoded rpc.service=IAM http.request_content_length=347 http.url=https://iam.amazonaws.com/ tf_req_id=6560a94a-aea7-43cb-ff5d-56401ddcb967 http.request.header.x_amz_security_token="*****" timestamp=2026-05-15T17:36:01.373-0600
2026-05-15T17:36:01.381-0600 [DEBUG] provider.terraform-provider-aws_v5.100.0_x5: retrying request IAM/CreateRole, attempt 4: tf_aws.sdk=aws-sdk-go-v2 @caller=github.com/hashicorp/aws-sdk-go-base/v2@v2.0.0-beta.65/logging/tf_logger.go:45 aws.region=us-east-1 rpc.method=CreateRole @module=aws tf_mux_provider="*schema.GRPCProviderServer" tf_req_id=43522324-cfd5-1f1c-f805-33e5c8c8d573 tf_resource_type=aws_iam_role tf_rpc=ApplyResourceChange rpc.service=IAM rpc.system=aws-api tf_provider_addr=registry.terraform.io/hashicorp/aws timestamp=2026-05-15T17:36:01.381-0600
2026-05-15T17:36:01.381-0600 [DEBUG] provider.terraform-provider-aws_v5.100.0_x5: HTTP Request Sent: @module=aws http.request.header.amz_sdk_request="attempt=4; max=25" tf_provider_addr=registry.terraform.io/hashicorp/aws aws.region=us-east-1 http.method=POST http.request.header.content_type=application/x-www-form-urlencoded http.request_content_length=348 rpc.service=IAM rpc.system=aws-api tf_aws.signing_region="" @caller=github.com/hashicorp/aws-sdk-go-base/v2@v2.0.0-beta.65/logging/tf_logger.go:45 http.request.header.amz_sdk_invocation_id=8f6fa858-9f30-4ba1-9722-82cc3c520d98 tf_aws.sdk=aws-sdk-go-v2 tf_mux_provider="*schema.GRPCProviderServer" http.user_agent="APN/1.0 HashiCorp/1.0 Terraform/1.14.8 (+https://www.terraform.io) terraform-provider-aws/5.100.0 (+https://registry.terraform.io/providers/hashicorp/aws) aws-sdk-go-v2/1.36.3 ua/2.1 os/linux lang/go#1.23.10 md/GOOS#linux md/GOARCH#amd64 api/iam#1.42.0 m/g" http.request.header.x_amz_date=20260515T233601Z tf_req_id=43522324-cfd5-1f1c-f805-33e5c8c8d573 tf_resource_type=aws_iam_role
  http.request.body=
  | Action=CreateRole&AssumeRolePolicyDocument=%7B%22Statement%22%3A%5B%7B%22Action%22%3A%22sts%3AAssumeRole%22%2C%22Effect%22%3A%22Allow%22%2C%22Principal%22%3A%7B%22Service%22%3A%22events.amazonaws.com%22%7D%7D%5D%2C%22Version%22%3A%222012-10-17%22%7D&MaxSessionDuration=3600&Path=%2F&RoleName=waste-classifier-dev-eventbridge-role&Version=2010-05-08
   http.request.header.x_amz_security_token="*****" http.resend_count=4 http.url=https://iam.amazonaws.com/ http.request.header.authorization="AWS4-HMAC-SHA256 Credential=ASIA************3UTS/20260515/us-east-1/iam/aws4_request, SignedHeaders=amz-sdk-invocation-id;amz-sdk-request;content-length;content-type;host;x-amz-date;x-amz-security-token, Signature=*****" net.peer.name=iam.amazonaws.com rpc.method=CreateRole tf_rpc=ApplyResourceChange timestamp=2026-05-15T17:36:01.381-0600
2026-05-15T17:36:01.384-0600 [DEBUG] provider.terraform-provider-aws_v5.100.0_x5: HTTP Response Received: rpc.method=HeadBucket rpc.service=S3 rpc.system=aws-api tf_aws.sdk=aws-sdk-go-v2 tf_mux_provider="*schema.GRPCProviderServer" http.response.header.x_amz_bucket_arn=arn:aws:s3:::waste-classifier-dev-code-v3 http.duration=10316 http.response.header.date="Fri, 15 May 2026 23:36:02 GMT" http.response.header.x_amz_request_id=RK0QQ8PJSWQVSMCV tf_aws.signing_region="" tf_resource_type=aws_s3_bucket @caller=github.com/hashicorp/aws-sdk-go-base/v2@v2.0.0-beta.65/logging/tf_logger.go:45 @module=aws http.response.header.content_type=application/xml http.response.header.x_amz_bucket_region=us-east-1 tf_provider_addr=registry.terraform.io/hashicorp/aws aws.region=aws-global http.response.header.server=AmazonS3 http.response.header.x_amz_access_point_alias=false http.response.header.x_amz_id_2="L6BdI9n2+jgSN/B+j7QXsXDfZeyS7c0LvgwS4Y3pvGuyfxm2M+blc1BPowdYgq6xUHffkDJQh8QHh+VFGLGXHT8qo7Zbish/" tf_req_id=b975131d-21d0-78d1-fafd-412989a4b6cc tf_rpc=ApplyResourceChange aws.s3.bucket=waste-classifier-dev-code-v3 http.response.body="" http.status_code=200 timestamp=2026-05-15T17:36:01.384-0600
2026-05-15T17:36:01.384-0600 [ERROR] provider.terraform-provider-aws_v5.100.0_x5: Response contains error diagnostic: @module=sdk.proto diagnostic_detail="" diagnostic_severity=ERROR tf_provider_addr=registry.terraform.io/hashicorp/aws tf_resource_type=aws_s3_bucket @caller=github.com/hashicorp/terraform-plugin-go@v0.26.0/tfprotov5/internal/diag/diagnostics.go:58 diagnostic_summary="creating S3 Bucket (waste-classifier-dev-code-v3): BucketAlreadyExists" tf_proto_version=5.8 tf_req_id=b975131d-21d0-78d1-fafd-412989a4b6cc tf_rpc=ApplyResourceChange timestamp=2026-05-15T17:36:01.384-0600
2026-05-15T17:36:01.386-0600 [DEBUG] State storage *statemgr.Filesystem declined to persist a state snapshot
2026-05-15T17:36:01.386-0600 [ERROR] vertex "module.storage.aws_s3_bucket.code" error: creating S3 Bucket (waste-classifier-dev-code-v3): BucketAlreadyExists
2026-05-15T17:36:01.494-0600 [DEBUG] provider.terraform-provider-aws_v5.100.0_x5: retrying request CloudWatch Logs/CreateLogGroup, attempt 4: tf_req_id=98d89b74-3576-fc8b-8ff3-50119b180926 @caller=github.com/hashicorp/aws-sdk-go-base/v2@v2.0.0-beta.65/logging/tf_logger.go:45 aws.region=us-east-1 rpc.service="CloudWatch Logs" tf_aws.sdk=aws-sdk-go-v2 rpc.method=CreateLogGroup rpc.system=aws-api tf_resource_type=aws_cloudwatch_log_group tf_mux_provider="*schema.GRPCProviderServer" tf_provider_addr=registry.terraform.io/hashicorp/aws tf_rpc=ApplyResourceChange @module=aws timestamp=2026-05-15T17:36:01.494-0600
2026-05-15T17:36:01.495-0600 [DEBUG] provider.terraform-provider-aws_v5.100.0_x5: HTTP Request Sent: net.peer.name=logs.us-east-1.amazonaws.com rpc.service="CloudWatch Logs" tf_resource_type=aws_cloudwatch_log_group tf_provider_addr=registry.terraform.io/hashicorp/aws http.request.header.amz_sdk_request="attempt=4; max=25" rpc.method=CreateLogGroup rpc.system=aws-api tf_rpc=ApplyResourceChange http.request.header.x_amz_security_token="*****" tf_aws.sdk=aws-sdk-go-v2 tf_aws.signing_region=""
  http.request.body=
  | {"logGroupName":"/aws/states/waste-classifier-dev-etl-orchestration"}
   http.request.header.x_amz_target=Logs_20140328.CreateLogGroup http.method=POST http.request_content_length=69 tf_mux_provider="*schema.GRPCProviderServer" http.request.header.content_type=application/x-amz-json-1.1 http.request.header.x_amz_date=20260515T233601Z @module=aws aws.region=us-east-1 http.request.header.authorization="AWS4-HMAC-SHA256 Credential=ASIA************3UTS/20260515/us-east-1/logs/aws4_request, SignedHeaders=amz-sdk-invocation-id;amz-sdk-request;content-length;content-type;host;x-amz-date;x-amz-security-token;x-amz-target, Signature=*****" http.request.header.amz_sdk_invocation_id=bcf699da-6ad5-4b26-977f-b24ce91748f7 http.url=https://logs.us-east-1.amazonaws.com/ http.user_agent="APN/1.0 HashiCorp/1.0 Terraform/1.14.8 (+https://www.terraform.io) terraform-provider-aws/5.100.0 (+https://registry.terraform.io/providers/hashicorp/aws) aws-sdk-go-v2/1.36.3 ua/2.1 os/linux lang/go#1.23.10 md/GOOS#linux md/GOARCH#amd64 api/cloudwatchlogs#1.50.1 m/g" tf_req_id=98d89b74-3576-fc8b-8ff3-50119b180926 @caller=github.com/hashicorp/aws-sdk-go-base/v2@v2.0.0-beta.65/logging/tf_logger.go:45 http.resend_count=4 timestamp=2026-05-15T17:36:01.495-0600
[0m[1mmodule.data_eng.aws_iam_role.glue_job_role: Still creating... [00m20s elapsed][0m[0m
2026-05-15T17:36:03.864-0600 [DEBUG] provider.terraform-provider-aws_v5.100.0_x5: HTTP Request Sent: http.method=PUT http.request.header.accept_encoding=identity http.request.header.authorization="AWS4-HMAC-SHA256 Credential=ASIA************3UTS/20260515/us-east-1/s3/aws4_request, SignedHeaders=accept-encoding;amz-sdk-invocation-id;amz-sdk-request;content-length;content-type;host;x-amz-content-sha256;x-amz-date;x-amz-security-token, Signature=*****" http.request_content_length=156 tf_aws.sdk=aws-sdk-go-v2 tf_resource_type=aws_s3_bucket_notification rpc.method=PutBucketNotificationConfiguration tf_mux_provider="*schema.GRPCProviderServer" tf_rpc=ApplyResourceChange @module=aws aws.region=aws-global
  http.request.body=
  | <NotificationConfiguration xmlns="http://s3.amazonaws.com/doc/2006-03-01/"><EventBridgeConfiguration></EventBridgeConfiguration></NotificationConfiguration>
   http.request.header.amz_sdk_invocation_id=abbdc814-9aee-4c48-bb19-f41ab223e9b9 rpc.system=aws-api tf_provider_addr=registry.terraform.io/hashicorp/aws http.request.header.amz_sdk_request="attempt=1; max=25" http.request.header.content_type=application/xml http.request.header.x_amz_date=20260515T233603Z rpc.service=S3 tf_req_id=7977b6b5-07e5-6363-610a-529ccd880c1d http.request.header.x_amz_security_token="*****" http.url=https://waste-classifier-dev-raw.s3.amazonaws.com/?notification= http.user_agent="APN/1.0 HashiCorp/1.0 Terraform/1.14.8 (+https://www.terraform.io) terraform-provider-aws/5.100.0 (+https://registry.terraform.io/providers/hashicorp/aws) aws-sdk-go-v2/1.36.3 ua/2.1 os/linux lang/go#1.23.10 md/GOOS#linux md/GOARCH#amd64 api/s3#1.80.1 m/g" net.peer.name=waste-classifier-dev-raw.s3.amazonaws.com http.request.header.x_amz_content_sha256=88f2e83f368ad7ee1b2859512539a8e91caea5a7fd35809bb7ae3733054bd897 @caller=github.com/hashicorp/aws-sdk-go-base/v2@v2.0.0-beta.65/logging/tf_logger.go:45 tf_aws.signing_region="" timestamp=2026-05-15T17:36:03.864-0600
2026-05-15T17:36:04.247-0600 [DEBUG] provider.terraform-provider-aws_v5.100.0_x5: HTTP Response Received: aws.region=aws-global tf_resource_type=aws_s3_bucket_notification @caller=github.com/hashicorp/aws-sdk-go-base/v2@v2.0.0-beta.65/logging/tf_logger.go:45 http.response.header.content_type=application/xml http.response.header.date="Fri, 15 May 2026 23:36:03 GMT" tf_aws.sdk=aws-sdk-go-v2 tf_provider_addr=registry.terraform.io/hashicorp/aws http.duration=381
  http.response.body=
  | <?xml version="1.0" encoding="UTF-8"?>
  | <Error><Code>NoSuchBucket</Code><Message>The specified bucket does not exist</Message><BucketName>waste-classifier-dev-raw</BucketName><RequestId>E3QWCHJ86N135FHM</RequestId><HostId>wqJcr/D9f0uTeA1IG2hS+ZBW18Bzgk+Frapz8Xd6ZEVflGVPooPzTWUDuva8LHisuNvYhLct1U4=</HostId></Error>
   http.response.header.server=AmazonS3 rpc.system=aws-api tf_mux_provider="*schema.GRPCProviderServer" http.response.header.x_amz_id_2="wqJcr/D9f0uTeA1IG2hS+ZBW18Bzgk+Frapz8Xd6ZEVflGVPooPzTWUDuva8LHisuNvYhLct1U4=" rpc.method=PutBucketNotificationConfiguration rpc.service=S3 tf_aws.signing_region="" tf_req_id=7977b6b5-07e5-6363-610a-529ccd880c1d tf_rpc=ApplyResourceChange http.response.header.x_amz_request_id=E3QWCHJ86N135FHM http.status_code=404 @module=aws timestamp=2026-05-15T17:36:04.246-0600
2026-05-15T17:36:04.247-0600 [DEBUG] provider.terraform-provider-aws_v5.100.0_x5: request failed with unretryable error https response error StatusCode: 404, RequestID: E3QWCHJ86N135FHM, HostID: wqJcr/D9f0uTeA1IG2hS+ZBW18Bzgk+Frapz8Xd6ZEVflGVPooPzTWUDuva8LHisuNvYhLct1U4=, api error NoSuchBucket: The specified bucket does not exist: rpc.service=S3 tf_aws.sdk=aws-sdk-go-v2 tf_mux_provider="*schema.GRPCProviderServer" tf_req_id=7977b6b5-07e5-6363-610a-529ccd880c1d tf_resource_type=aws_s3_bucket_notification tf_provider_addr=registry.terraform.io/hashicorp/aws rpc.method=PutBucketNotificationConfiguration rpc.system=aws-api @caller=github.com/hashicorp/aws-sdk-go-base/v2@v2.0.0-beta.65/logging/tf_logger.go:45 @module=aws aws.region=aws-global tf_rpc=ApplyResourceChange timestamp=2026-05-15T17:36:04.247-0600
2026-05-15T17:36:06.557-0600 [DEBUG] provider.terraform-provider-aws_v5.100.0_x5: HTTP Response Received: @module=aws http.duration=5424 rpc.method=CreateRole http.response.header.x_amzn_requestid=1d4f177a-35da-4f5d-9dda-1f581038a4f4 rpc.system=aws-api tf_aws.sdk=aws-sdk-go-v2 tf_provider_addr=registry.terraform.io/hashicorp/aws tf_resource_type=aws_iam_role tf_rpc=ApplyResourceChange @caller=github.com/hashicorp/aws-sdk-go-base/v2@v2.0.0-beta.65/logging/tf_logger.go:45 aws.region=us-east-1 http.response.header.content_type=text/xml http.response.header.date="Fri, 15 May 2026 23:36:06 GMT" http.response_content_length=793 http.status_code=200 tf_mux_provider="*schema.GRPCProviderServer" tf_req_id=ed9103aa-a19a-8512-9e61-5930b387d1ce
  http.response.body=
  | <CreateRoleResponse xmlns="https://iam.amazonaws.com/doc/2010-05-08/">
  |   <CreateRoleResult>
  |     <Role>
  |       <Path>/</Path>
  |       <AssumeRolePolicyDocument>%7B%22Statement%22%3A%5B%7B%22Action%22%3A%22sts%3AAssumeRole%22%2C%22Effect%22%3A%22Allow%22%2C%22Principal%22%3A%7B%22Service%22%3A%22glue.amazonaws.com%22%7D%7D%5D%2C%22Version%22%3A%222012-10-17%22%7D</AssumeRolePolicyDocument>
  |       <RoleId>AROA*************LSSN</RoleId>
  |       <RoleName>waste-classifier-dev-glue-job-role</RoleName>
  |       <Arn>arn:aws:iam::979054355848:role/waste-classifier-dev-glue-job-role</Arn>
  |       <CreateDate>2026-05-15T23:36:06Z</CreateDate>
  |     </Role>
  |   </CreateRoleResult>
  |   <ResponseMetadata>
  |     <RequestId>1d4f177a-35da-4f5d-9dda-1f581038a4f4</RequestId>
  |   </ResponseMetadata>
  | </CreateRoleResponse>
   rpc.service=IAM tf_aws.signing_region="" timestamp=2026-05-15T17:36:06.557-0600
2026-05-15T17:36:06.557-0600 [DEBUG] provider.terraform-provider-aws_v5.100.0_x5: [DEBUG] Waiting for state to become: [success]
2026-05-15T17:36:06.558-0600 [DEBUG] provider.terraform-provider-aws_v5.100.0_x5: HTTP Request Sent: @caller=github.com/hashicorp/aws-sdk-go-base/v2@v2.0.0-beta.65/logging/tf_logger.go:45 http.request.header.content_type=application/x-www-form-urlencoded http.request.header.x_amz_security_token="*****" http.url=https://iam.amazonaws.com/ net.peer.name=iam.amazonaws.com rpc.method=GetRole rpc.service=IAM aws.region=us-east-1 http.request.header.authorization="AWS4-HMAC-SHA256 Credential=ASIA************3UTS/20260515/us-east-1/iam/aws4_request, SignedHeaders=amz-sdk-invocation-id;amz-sdk-request;content-length;content-type;host;x-amz-date;x-amz-security-token, Signature=*****" rpc.system=aws-api tf_aws.sdk=aws-sdk-go-v2 tf_mux_provider="*schema.GRPCProviderServer" tf_req_id=ed9103aa-a19a-8512-9e61-5930b387d1ce tf_resource_type=aws_iam_role http.method=POST
  http.request.body=
  | Action=GetRole&RoleName=waste-classifier-dev-glue-job-role&Version=2010-05-08
   http.request.header.x_amz_date=20260515T233606Z http.request_content_length=77 http.user_agent="APN/1.0 HashiCorp/1.0 Terraform/1.14.8 (+https://www.terraform.io) terraform-provider-aws/5.100.0 (+https://registry.terraform.io/providers/hashicorp/aws) aws-sdk-go-v2/1.36.3 ua/2.1 os/linux lang/go#1.23.10 md/GOOS#linux md/GOARCH#amd64 api/iam#1.42.0 m/g" tf_aws.signing_region="" tf_rpc=ApplyResourceChange @module=aws http.request.header.amz_sdk_invocation_id=47a857ed-858a-4b92-8e7a-abf435ef45f8 http.request.header.amz_sdk_request="attempt=1; max=25" tf_provider_addr=registry.terraform.io/hashicorp/aws timestamp=2026-05-15T17:36:06.558-0600
2026-05-15T17:36:06.572-0600 [DEBUG] provider.terraform-provider-aws_v5.100.0_x5: HTTP Response Received: rpc.method=CreateRole tf_aws.sdk=aws-sdk-go-v2 tf_resource_type=aws_iam_role tf_rpc=ApplyResourceChange @caller=github.com/hashicorp/aws-sdk-go-base/v2@v2.0.0-beta.65/logging/tf_logger.go:45 @module=aws aws.region=us-east-1 http.response.header.content_type=text/xml http.response.header.x_amzn_requestid=131a8799-1cce-4aa4-8c6b-7edd4b0bf3c1 http.status_code=200 rpc.system=aws-api tf_provider_addr=registry.terraform.io/hashicorp/aws
  http.response.body=
  | <CreateRoleResponse xmlns="https://iam.amazonaws.com/doc/2010-05-08/">
  |   <CreateRoleResult>
  |     <Role>
  |       <Path>/</Path>
  |       <AssumeRolePolicyDocument>%7B%22Statement%22%3A%5B%7B%22Action%22%3A%22sts%3AAssumeRole%22%2C%22Effect%22%3A%22Allow%22%2C%22Principal%22%3A%7B%22Service%22%3A%22states.amazonaws.com%22%7D%7D%5D%2C%22Version%22%3A%222012-10-17%22%7D</AssumeRolePolicyDocument>
  |       <RoleId>AROA*************DKTL</RoleId>
  |       <RoleName>waste-classifier-dev-step-functions-role</RoleName>
  |       <Arn>arn:aws:iam::979054355848:role/waste-classifier-dev-step-functions-role</Arn>
  |       <CreateDate>2026-05-15T23:36:06Z</CreateDate>
  |     </Role>
  |   </CreateRoleResult>
  |   <ResponseMetadata>
  |     <RequestId>131a8799-1cce-4aa4-8c6b-7edd4b0bf3c1</RequestId>
  |   </ResponseMetadata>
  | </CreateRoleResponse>
   http.response_content_length=807 rpc.service=IAM tf_mux_provider="*schema.GRPCProviderServer" http.duration=5294 http.response.header.date="Fri, 15 May 2026 23:36:06 GMT" tf_aws.signing_region="" tf_req_id=35087195-dab2-6469-8765-33cf2d1f137b timestamp=2026-05-15T17:36:06.572-0600
2026-05-15T17:36:06.572-0600 [DEBUG] provider.terraform-provider-aws_v5.100.0_x5: [DEBUG] Waiting for state to become: [success]
2026-05-15T17:36:06.573-0600 [DEBUG] provider.terraform-provider-aws_v5.100.0_x5: HTTP Request Sent: tf_aws.signing_region="" aws.region=us-east-1 http.method=POST http.request.header.amz_sdk_invocation_id=21e3f61f-6c27-4ac8-b123-bd87a821fc87 http.request.header.amz_sdk_request="attempt=1; max=25" net.peer.name=iam.amazonaws.com tf_req_id=35087195-dab2-6469-8765-33cf2d1f137b @module=aws
  http.request.body=
  | Action=GetRole&RoleName=waste-classifier-dev-step-functions-role&Version=2010-05-08
   http.request.header.authorization="AWS4-HMAC-SHA256 Credential=ASIA************3UTS/20260515/us-east-1/iam/aws4_request, SignedHeaders=amz-sdk-invocation-id;amz-sdk-request;content-length;content-type;host;x-amz-date;x-amz-security-token, Signature=*****" http.user_agent="APN/1.0 HashiCorp/1.0 Terraform/1.14.8 (+https://www.terraform.io) terraform-provider-aws/5.100.0 (+https://registry.terraform.io/providers/hashicorp/aws) aws-sdk-go-v2/1.36.3 ua/2.1 os/linux lang/go#1.23.10 md/GOOS#linux md/GOARCH#amd64 api/iam#1.42.0 m/g" tf_rpc=ApplyResourceChange http.request.header.x_amz_security_token="*****" rpc.method=GetRole tf_aws.sdk=aws-sdk-go-v2 tf_mux_provider="*schema.GRPCProviderServer" tf_provider_addr=registry.terraform.io/hashicorp/aws tf_resource_type=aws_iam_role @caller=github.com/hashicorp/aws-sdk-go-base/v2@v2.0.0-beta.65/logging/tf_logger.go:45 http.request.header.content_type=application/x-www-form-urlencoded http.request.header.x_amz_date=20260515T233606Z http.request_content_length=83 http.url=https://iam.amazonaws.com/ rpc.service=IAM rpc.system=aws-api timestamp=2026-05-15T17:36:06.573-0600
2026-05-15T17:36:06.583-0600 [DEBUG] provider.terraform-provider-aws_v5.100.0_x5: HTTP Response Received:
  http.response.body=
  | <CreateRoleResponse xmlns="https://iam.amazonaws.com/doc/2010-05-08/">
  |   <CreateRoleResult>
  |     <Role>
  |       <Path>/</Path>
  |       <AssumeRolePolicyDocument>%7B%22Statement%22%3A%5B%7B%22Action%22%3A%22sts%3AAssumeRole%22%2C%22Effect%22%3A%22Allow%22%2C%22Principal%22%3A%7B%22Service%22%3A%22events.amazonaws.com%22%7D%7D%5D%2C%22Version%22%3A%222012-10-17%22%7D</AssumeRolePolicyDocument>
  |       <RoleId>AROA*************MYOV</RoleId>
  |       <RoleName>waste-classifier-dev-eventbridge-role</RoleName>
  |       <Arn>arn:aws:iam::979054355848:role/waste-classifier-dev-eventbridge-role</Arn>
  |       <CreateDate>2026-05-15T23:36:06Z</CreateDate>
  |     </Role>
  |   </CreateRoleResult>
  |   <ResponseMetadata>
  |     <RequestId>66a034d9-d9ec-4fd4-b0df-2b0396f4a562</RequestId>
  |   </ResponseMetadata>
  | </CreateRoleResponse>
   http.status_code=200 rpc.method=CreateRole tf_mux_provider="*schema.GRPCProviderServer" tf_resource_type=aws_iam_role @caller=github.com/hashicorp/aws-sdk-go-base/v2@v2.0.0-beta.65/logging/tf_logger.go:45 @module=aws aws.region=us-east-1 http.response.header.date="Fri, 15 May 2026 23:36:06 GMT" http.response.header.x_amzn_requestid=66a034d9-d9ec-4fd4-b0df-2b0396f4a562 http.response_content_length=801 rpc.service=IAM tf_provider_addr=registry.terraform.io/hashicorp/aws http.duration=5201 http.response.header.content_type=text/xml rpc.system=aws-api tf_aws.sdk=aws-sdk-go-v2 tf_aws.signing_region="" tf_req_id=43522324-cfd5-1f1c-f805-33e5c8c8d573 tf_rpc=ApplyResourceChange timestamp=2026-05-15T17:36:06.583-0600
2026-05-15T17:36:06.583-0600 [DEBUG] provider.terraform-provider-aws_v5.100.0_x5: [DEBUG] Waiting for state to become: [success]
2026-05-15T17:36:06.584-0600 [DEBUG] provider.terraform-provider-aws_v5.100.0_x5: HTTP Request Sent: http.request.header.authorization="AWS4-HMAC-SHA256 Credential=ASIA************3UTS/20260515/us-east-1/iam/aws4_request, SignedHeaders=amz-sdk-invocation-id;amz-sdk-request;content-length;content-type;host;x-amz-date;x-amz-security-token, Signature=*****" http.request_content_length=80 http.user_agent="APN/1.0 HashiCorp/1.0 Terraform/1.14.8 (+https://www.terraform.io) terraform-provider-aws/5.100.0 (+https://registry.terraform.io/providers/hashicorp/aws) aws-sdk-go-v2/1.36.3 ua/2.1 os/linux lang/go#1.23.10 md/GOOS#linux md/GOARCH#amd64 api/iam#1.42.0 m/g" http.request.header.x_amz_security_token="*****" @module=aws
  http.request.body=
  | Action=GetRole&RoleName=waste-classifier-dev-eventbridge-role&Version=2010-05-08
   http.request.header.amz_sdk_invocation_id=211bd3a3-39ed-47d1-bc57-96e1e3731b4c http.request.header.content_type=application/x-www-form-urlencoded http.request.header.x_amz_date=20260515T233606Z rpc.method=GetRole http.method=POST tf_aws.sdk=aws-sdk-go-v2 tf_aws.signing_region="" tf_provider_addr=registry.terraform.io/hashicorp/aws tf_req_id=43522324-cfd5-1f1c-f805-33e5c8c8d573 tf_resource_type=aws_iam_role tf_rpc=ApplyResourceChange @caller=github.com/hashicorp/aws-sdk-go-base/v2@v2.0.0-beta.65/logging/tf_logger.go:45 aws.region=us-east-1 http.url=https://iam.amazonaws.com/ net.peer.name=iam.amazonaws.com rpc.service=IAM rpc.system=aws-api tf_mux_provider="*schema.GRPCProviderServer" http.request.header.amz_sdk_request="attempt=1; max=25" timestamp=2026-05-15T17:36:06.584-0600
2026-05-15T17:36:06.590-0600 [DEBUG] provider.terraform-provider-aws_v5.100.0_x5: HTTP Response Received: aws.region=us-east-1 http.response.header.x_amzn_requestid=4cfa66fe-dcbc-4721-b343-a6970e87f36b tf_aws.sdk=aws-sdk-go-v2 tf_rpc=ApplyResourceChange
  http.response.body=
  | <CreateRoleResponse xmlns="https://iam.amazonaws.com/doc/2010-05-08/">
  |   <CreateRoleResult>
  |     <Role>
  |       <Path>/</Path>
  |       <AssumeRolePolicyDocument>%7B%22Statement%22%3A%5B%7B%22Action%22%3A%22sts%3AAssumeRole%22%2C%22Effect%22%3A%22Allow%22%2C%22Principal%22%3A%7B%22Service%22%3A%22glue.amazonaws.com%22%7D%7D%5D%2C%22Version%22%3A%222012-10-17%22%7D</AssumeRolePolicyDocument>
  |       <RoleId>AROA*************ZEPX</RoleId>
  |       <RoleName>waste-classifier-dev-glue-crawler-role</RoleName>
  |       <Arn>arn:aws:iam::979054355848:role/waste-classifier-dev-glue-crawler-role</Arn>
  |       <CreateDate>2026-05-15T23:36:06Z</CreateDate>
  |     </Role>
  |   </CreateRoleResult>
  |   <ResponseMetadata>
  |     <RequestId>4cfa66fe-dcbc-4721-b343-a6970e87f36b</RequestId>
  |   </ResponseMetadata>
  | </CreateRoleResponse>
   http.response.header.date="Fri, 15 May 2026 23:36:06 GMT" http.response_content_length=801 rpc.system=aws-api tf_provider_addr=registry.terraform.io/hashicorp/aws tf_req_id=6560a94a-aea7-43cb-ff5d-56401ddcb967 @caller=github.com/hashicorp/aws-sdk-go-base/v2@v2.0.0-beta.65/logging/tf_logger.go:45 @module=aws http.duration=5216 http.status_code=200 rpc.service=IAM tf_resource_type=aws_iam_role http.response.header.content_type=text/xml rpc.method=CreateRole tf_aws.signing_region="" tf_mux_provider="*schema.GRPCProviderServer" timestamp=2026-05-15T17:36:06.589-0600
2026-05-15T17:36:06.590-0600 [DEBUG] provider.terraform-provider-aws_v5.100.0_x5: [DEBUG] Waiting for state to become: [success]
2026-05-15T17:36:06.590-0600 [DEBUG] provider.terraform-provider-aws_v5.100.0_x5: HTTP Request Sent: tf_resource_type=aws_iam_role http.request.header.authorization="AWS4-HMAC-SHA256 Credential=ASIA************3UTS/20260515/us-east-1/iam/aws4_request, SignedHeaders=amz-sdk-invocation-id;amz-sdk-request;content-length;content-type;host;x-amz-date;x-amz-security-token, Signature=*****" http.request.header.x_amz_security_token="*****" @caller=github.com/hashicorp/aws-sdk-go-base/v2@v2.0.0-beta.65/logging/tf_logger.go:45 http.request.header.amz_sdk_request="attempt=1; max=25" net.peer.name=iam.amazonaws.com tf_aws.sdk=aws-sdk-go-v2 http.request.header.x_amz_date=20260515T233606Z rpc.method=GetRole tf_provider_addr=registry.terraform.io/hashicorp/aws tf_rpc=ApplyResourceChange http.request.header.content_type=application/x-www-form-urlencoded http.method=POST
  http.request.body=
  | Action=GetRole&RoleName=waste-classifier-dev-glue-crawler-role&Version=2010-05-08
   http.request.header.amz_sdk_invocation_id=bae54269-fd14-46e7-96ee-5c654fc2bd73 http.request_content_length=81 http.url=https://iam.amazonaws.com/ rpc.system=aws-api @module=aws aws.region=us-east-1 http.user_agent="APN/1.0 HashiCorp/1.0 Terraform/1.14.8 (+https://www.terraform.io) terraform-provider-aws/5.100.0 (+https://registry.terraform.io/providers/hashicorp/aws) aws-sdk-go-v2/1.36.3 ua/2.1 os/linux lang/go#1.23.10 md/GOOS#linux md/GOARCH#amd64 api/iam#1.42.0 m/g" rpc.service=IAM tf_aws.signing_region="" tf_mux_provider="*schema.GRPCProviderServer" tf_req_id=6560a94a-aea7-43cb-ff5d-56401ddcb967 timestamp=2026-05-15T17:36:06.590-0600
2026-05-15T17:36:06.689-0600 [DEBUG] provider.terraform-provider-aws_v5.100.0_x5: HTTP Response Received: tf_rpc=ApplyResourceChange @caller=github.com/hashicorp/aws-sdk-go-base/v2@v2.0.0-beta.65/logging/tf_logger.go:45 aws.region=us-east-1 http.response.header.content_type=text/xml http.response.header.date="Fri, 15 May 2026 23:36:06 GMT" rpc.method=GetRole tf_req_id=ed9103aa-a19a-8512-9e61-5930b387d1ce @module=aws http.duration=130 http.response_content_length=855 rpc.system=aws-api http.status_code=200 rpc.service=IAM tf_aws.sdk=aws-sdk-go-v2 tf_aws.signing_region="" tf_mux_provider="*schema.GRPCProviderServer" tf_provider_addr=registry.terraform.io/hashicorp/aws tf_resource_type=aws_iam_role
  http.response.body=
  | <GetRoleResponse xmlns="https://iam.amazonaws.com/doc/2010-05-08/">
  |   <GetRoleResult>
  |     <Role>
  |       <Path>/</Path>
  |       <AssumeRolePolicyDocument>%7B%22Version%22%3A%222012-10-17%22%2C%22Statement%22%3A%5B%7B%22Effect%22%3A%22Allow%22%2C%22Principal%22%3A%7B%22Service%22%3A%22glue.amazonaws.com%22%7D%2C%22Action%22%3A%22sts%3AAssumeRole%22%7D%5D%7D</AssumeRolePolicyDocument>
  |       <MaxSessionDuration>3600</MaxSessionDuration>
  |       <RoleId>AROA*************LSSN</RoleId>
  |       <RoleLastUsed/>
  |       <RoleName>waste-classifier-dev-glue-job-role</RoleName>
  |       <Arn>arn:aws:iam::979054355848:role/waste-classifier-dev-glue-job-role</Arn>
  |       <CreateDate>2026-05-15T23:36:06Z</CreateDate>
  |     </Role>
  |   </GetRoleResult>
  |   <ResponseMetadata>
  |     <RequestId>25f6a600-44b1-4e3a-8b24-ba79e9c70a11</RequestId>
  |   </ResponseMetadata>
  | </GetRoleResponse>
   http.response.header.x_amzn_requestid=25f6a600-44b1-4e3a-8b24-ba79e9c70a11 timestamp=2026-05-15T17:36:06.689-0600
2026-05-15T17:36:06.690-0600 [DEBUG] provider.terraform-provider-aws_v5.100.0_x5: HTTP Request Sent: tf_mux_provider="*schema.GRPCProviderServer" tf_req_id=ed9103aa-a19a-8512-9e61-5930b387d1ce
  http.request.body=
  | Action=ListRolePolicies&RoleName=waste-classifier-dev-glue-job-role&Version=2010-05-08
   http.request.header.authorization="AWS4-HMAC-SHA256 Credential=ASIA************3UTS/20260515/us-east-1/iam/aws4_request, SignedHeaders=amz-sdk-invocation-id;amz-sdk-request;content-length;content-type;host;x-amz-date;x-amz-security-token, Signature=*****" http.request.header.content_type=application/x-www-form-urlencoded http.user_agent="APN/1.0 HashiCorp/1.0 Terraform/1.14.8 (+https://www.terraform.io) terraform-provider-aws/5.100.0 (+https://registry.terraform.io/providers/hashicorp/aws) aws-sdk-go-v2/1.36.3 ua/2.1 os/linux lang/go#1.23.10 md/GOOS#linux md/GOARCH#amd64 api/iam#1.42.0 m/C,g" tf_provider_addr=registry.terraform.io/hashicorp/aws tf_resource_type=aws_iam_role @module=aws http.request.header.x_amz_security_token="*****" http.request_content_length=86 net.peer.name=iam.amazonaws.com rpc.method=ListRolePolicies tf_rpc=ApplyResourceChange @caller=github.com/hashicorp/aws-sdk-go-base/v2@v2.0.0-beta.65/logging/tf_logger.go:45 aws.region=us-east-1 http.request.header.amz_sdk_invocation_id=ad8baac4-f188-4ba8-8617-4f7441e868cf rpc.service=IAM rpc.system=aws-api tf_aws.sdk=aws-sdk-go-v2 http.method=POST http.request.header.amz_sdk_request="attempt=1; max=25" http.request.header.x_amz_date=20260515T233606Z http.url=https://iam.amazonaws.com/ tf_aws.signing_region="" timestamp=2026-05-15T17:36:06.690-0600
2026-05-15T17:36:06.695-0600 [DEBUG] provider.terraform-provider-aws_v5.100.0_x5: HTTP Response Received: http.response.header.content_type=text/xml http.response.header.date="Fri, 15 May 2026 23:36:06 GMT" http.status_code=200 rpc.method=GetRole @caller=github.com/hashicorp/aws-sdk-go-base/v2@v2.0.0-beta.65/logging/tf_logger.go:45 aws.region=us-east-1 http.response_content_length=869 rpc.system=aws-api tf_mux_provider="*schema.GRPCProviderServer" tf_resource_type=aws_iam_role @module=aws
  http.response.body=
  | <GetRoleResponse xmlns="https://iam.amazonaws.com/doc/2010-05-08/">
  |   <GetRoleResult>
  |     <Role>
  |       <Path>/</Path>
  |       <AssumeRolePolicyDocument>%7B%22Version%22%3A%222012-10-17%22%2C%22Statement%22%3A%5B%7B%22Effect%22%3A%22Allow%22%2C%22Principal%22%3A%7B%22Service%22%3A%22states.amazonaws.com%22%7D%2C%22Action%22%3A%22sts%3AAssumeRole%22%7D%5D%7D</AssumeRolePolicyDocument>
  |       <MaxSessionDuration>3600</MaxSessionDuration>
  |       <RoleId>AROA*************DKTL</RoleId>
  |       <RoleLastUsed/>
  |       <RoleName>waste-classifier-dev-step-functions-role</RoleName>
  |       <Arn>arn:aws:iam::979054355848:role/waste-classifier-dev-step-functions-role</Arn>
  |       <CreateDate>2026-05-15T23:36:06Z</CreateDate>
  |     </Role>
  |   </GetRoleResult>
  |   <ResponseMetadata>
  |     <RequestId>8f7995b3-2228-4e6e-a4ec-295cca0a034b</RequestId>
  |   </ResponseMetadata>
  | </GetRoleResponse>
   http.response.header.x_amzn_requestid=8f7995b3-2228-4e6e-a4ec-295cca0a034b tf_aws.sdk=aws-sdk-go-v2 tf_aws.signing_region="" tf_req_id=35087195-dab2-6469-8765-33cf2d1f137b tf_rpc=ApplyResourceChange http.duration=121 rpc.service=IAM tf_provider_addr=registry.terraform.io/hashicorp/aws timestamp=2026-05-15T17:36:06.695-0600
2026-05-15T17:36:06.696-0600 [DEBUG] provider.terraform-provider-aws_v5.100.0_x5: HTTP Request Sent: tf_aws.signing_region="" http.request.header.content_type=application/x-www-form-urlencoded http.request.header.x_amz_security_token="*****" net.peer.name=iam.amazonaws.com rpc.method=ListRolePolicies rpc.service=IAM tf_provider_addr=registry.terraform.io/hashicorp/aws tf_req_id=35087195-dab2-6469-8765-33cf2d1f137b
  http.request.body=
  | Action=ListRolePolicies&RoleName=waste-classifier-dev-step-functions-role&Version=2010-05-08
   http.request.header.amz_sdk_invocation_id=35d750a6-9c0f-4449-89c9-ce2e14c4a19c tf_aws.sdk=aws-sdk-go-v2 tf_mux_provider="*schema.GRPCProviderServer" tf_resource_type=aws_iam_role tf_rpc=ApplyResourceChange http.method=POST http.request.header.amz_sdk_request="attempt=1; max=25" http.request.header.authorization="AWS4-HMAC-SHA256 Credential=ASIA************3UTS/20260515/us-east-1/iam/aws4_request, SignedHeaders=amz-sdk-invocation-id;amz-sdk-request;content-length;content-type;host;x-amz-date;x-amz-security-token, Signature=*****" http.request.header.x_amz_date=20260515T233606Z http.url=https://iam.amazonaws.com/ @caller=github.com/hashicorp/aws-sdk-go-base/v2@v2.0.0-beta.65/logging/tf_logger.go:45 @module=aws aws.region=us-east-1 http.request_content_length=92 http.user_agent="APN/1.0 HashiCorp/1.0 Terraform/1.14.8 (+https://www.terraform.io) terraform-provider-aws/5.100.0 (+https://registry.terraform.io/providers/hashicorp/aws) aws-sdk-go-v2/1.36.3 ua/2.1 os/linux lang/go#1.23.10 md/GOOS#linux md/GOARCH#amd64 api/iam#1.42.0 m/C,g" rpc.system=aws-api timestamp=2026-05-15T17:36:06.696-0600
2026-05-15T17:36:06.717-0600 [DEBUG] provider.terraform-provider-aws_v5.100.0_x5: HTTP Response Received: http.response.header.content_type=text/xml http.response_content_length=863 rpc.service=IAM
  http.response.body=
  | <GetRoleResponse xmlns="https://iam.amazonaws.com/doc/2010-05-08/">
  |   <GetRoleResult>
  |     <Role>
  |       <Path>/</Path>
  |       <AssumeRolePolicyDocument>%7B%22Version%22%3A%222012-10-17%22%2C%22Statement%22%3A%5B%7B%22Effect%22%3A%22Allow%22%2C%22Principal%22%3A%7B%22Service%22%3A%22events.amazonaws.com%22%7D%2C%22Action%22%3A%22sts%3AAssumeRole%22%7D%5D%7D</AssumeRolePolicyDocument>
  |       <MaxSessionDuration>3600</MaxSessionDuration>
  |       <RoleId>AROA*************MYOV</RoleId>
  |       <RoleLastUsed/>
  |       <RoleName>waste-classifier-dev-eventbridge-role</RoleName>
  |       <Arn>arn:aws:iam::979054355848:role/waste-classifier-dev-eventbridge-role</Arn>
  |       <CreateDate>2026-05-15T23:36:06Z</CreateDate>
  |     </Role>
  |   </GetRoleResult>
  |   <ResponseMetadata>
  |     <RequestId>4717d62a-bb0d-43a7-9a1a-1a5680a11521</RequestId>
  |   </ResponseMetadata>
  | </GetRoleResponse>
   http.status_code=200 tf_mux_provider="*schema.GRPCProviderServer" tf_req_id=43522324-cfd5-1f1c-f805-33e5c8c8d573 @caller=github.com/hashicorp/aws-sdk-go-base/v2@v2.0.0-beta.65/logging/tf_logger.go:45 @module=aws aws.region=us-east-1 http.response.header.x_amzn_requestid=4717d62a-bb0d-43a7-9a1a-1a5680a11521 rpc.method=GetRole tf_aws.signing_region="" tf_rpc=ApplyResourceChange http.response.header.date="Fri, 15 May 2026 23:36:06 GMT" rpc.system=aws-api tf_aws.sdk=aws-sdk-go-v2 tf_provider_addr=registry.terraform.io/hashicorp/aws tf_resource_type=aws_iam_role http.duration=132 timestamp=2026-05-15T17:36:06.717-0600
2026-05-15T17:36:06.717-0600 [DEBUG] provider.terraform-provider-aws_v5.100.0_x5: HTTP Response Received: @module=aws http.duration=126 http.response.header.date="Fri, 15 May 2026 23:36:06 GMT" tf_aws.signing_region="" tf_provider_addr=registry.terraform.io/hashicorp/aws http.response.header.x_amzn_requestid=66a20562-89e3-4b7c-8d72-f7bcf8805eba http.status_code=200 rpc.service=IAM @caller=github.com/hashicorp/aws-sdk-go-base/v2@v2.0.0-beta.65/logging/tf_logger.go:45 aws.region=us-east-1
  http.response.body=
  | <GetRoleResponse xmlns="https://iam.amazonaws.com/doc/2010-05-08/">
  |   <GetRoleResult>
  |     <Role>
  |       <Path>/</Path>
  |       <AssumeRolePolicyDocument>%7B%22Version%22%3A%222012-10-17%22%2C%22Statement%22%3A%5B%7B%22Effect%22%3A%22Allow%22%2C%22Principal%22%3A%7B%22Service%22%3A%22glue.amazonaws.com%22%7D%2C%22Action%22%3A%22sts%3AAssumeRole%22%7D%5D%7D</AssumeRolePolicyDocument>
  |       <MaxSessionDuration>3600</MaxSessionDuration>
  |       <RoleId>AROA*************ZEPX</RoleId>
  |       <RoleLastUsed/>
  |       <RoleName>waste-classifier-dev-glue-crawler-role</RoleName>
  |       <Arn>arn:aws:iam::979054355848:role/waste-classifier-dev-glue-crawler-role</Arn>
  |       <CreateDate>2026-05-15T23:36:06Z</CreateDate>
  |     </Role>
  |   </GetRoleResult>
  |   <ResponseMetadata>
  |     <RequestId>66a20562-89e3-4b7c-8d72-f7bcf8805eba</RequestId>
  |   </ResponseMetadata>
  | </GetRoleResponse>
   tf_aws.sdk=aws-sdk-go-v2 tf_rpc=ApplyResourceChange http.response.header.content_type=text/xml rpc.system=aws-api tf_mux_provider="*schema.GRPCProviderServer" tf_req_id=6560a94a-aea7-43cb-ff5d-56401ddcb967 tf_resource_type=aws_iam_role http.response_content_length=863 rpc.method=GetRole timestamp=2026-05-15T17:36:06.717-0600
2026-05-15T17:36:06.718-0600 [DEBUG] provider.terraform-provider-aws_v5.100.0_x5: HTTP Request Sent: aws.region=us-east-1
  http.request.body=
  | Action=ListRolePolicies&RoleName=waste-classifier-dev-eventbridge-role&Version=2010-05-08
   http.request.header.amz_sdk_invocation_id=5893723f-ac94-474c-a82c-ff570b645239 http.user_agent="APN/1.0 HashiCorp/1.0 Terraform/1.14.8 (+https://www.terraform.io) terraform-provider-aws/5.100.0 (+https://registry.terraform.io/providers/hashicorp/aws) aws-sdk-go-v2/1.36.3 ua/2.1 os/linux lang/go#1.23.10 md/GOOS#linux md/GOARCH#amd64 api/iam#1.42.0 m/C,g" tf_aws.signing_region="" tf_mux_provider="*schema.GRPCProviderServer" tf_resource_type=aws_iam_role tf_rpc=ApplyResourceChange http.request.header.x_amz_security_token="*****" @caller=github.com/hashicorp/aws-sdk-go-base/v2@v2.0.0-beta.65/logging/tf_logger.go:45 http.method=POST http.request.header.amz_sdk_request="attempt=1; max=25" http.request.header.authorization="AWS4-HMAC-SHA256 Credential=ASIA************3UTS/20260515/us-east-1/iam/aws4_request, SignedHeaders=amz-sdk-invocation-id;amz-sdk-request;content-length;content-type;host;x-amz-date;x-amz-security-token, Signature=*****" http.request.header.content_type=application/x-www-form-urlencoded http.request_content_length=89 rpc.service=IAM http.url=https://iam.amazonaws.com/ net.peer.name=iam.amazonaws.com rpc.method=ListRolePolicies rpc.system=aws-api tf_aws.sdk=aws-sdk-go-v2 tf_provider_addr=registry.terraform.io/hashicorp/aws tf_req_id=43522324-cfd5-1f1c-f805-33e5c8c8d573 http.request.header.x_amz_date=20260515T233606Z @module=aws timestamp=2026-05-15T17:36:06.717-0600
2026-05-15T17:36:06.718-0600 [DEBUG] provider.terraform-provider-aws_v5.100.0_x5: HTTP Request Sent: aws.region=us-east-1 http.request.header.authorization="AWS4-HMAC-SHA256 Credential=ASIA************3UTS/20260515/us-east-1/iam/aws4_request, SignedHeaders=amz-sdk-invocation-id;amz-sdk-request;content-length;content-type;host;x-amz-date;x-amz-security-token, Signature=*****" http.request_content_length=90 net.peer.name=iam.amazonaws.com rpc.method=ListRolePolicies rpc.system=aws-api tf_provider_addr=registry.terraform.io/hashicorp/aws @caller=github.com/hashicorp/aws-sdk-go-base/v2@v2.0.0-beta.65/logging/tf_logger.go:45 @module=aws http.request.header.x_amz_security_token="*****" rpc.service=IAM tf_req_id=6560a94a-aea7-43cb-ff5d-56401ddcb967 http.method=POST
  http.request.body=
  | Action=ListRolePolicies&RoleName=waste-classifier-dev-glue-crawler-role&Version=2010-05-08
   http.request.header.amz_sdk_invocation_id=3806aa2d-aee9-4827-a22b-644f4b2d3e81 http.request.header.amz_sdk_request="attempt=1; max=25" http.request.header.x_amz_date=20260515T233606Z http.url=https://iam.amazonaws.com/ http.user_agent="APN/1.0 HashiCorp/1.0 Terraform/1.14.8 (+https://www.terraform.io) terraform-provider-aws/5.100.0 (+https://registry.terraform.io/providers/hashicorp/aws) aws-sdk-go-v2/1.36.3 ua/2.1 os/linux lang/go#1.23.10 md/GOOS#linux md/GOARCH#amd64 api/iam#1.42.0 m/C,g" http.request.header.content_type=application/x-www-form-urlencoded tf_aws.sdk=aws-sdk-go-v2 tf_aws.signing_region="" tf_mux_provider="*schema.GRPCProviderServer" tf_resource_type=aws_iam_role tf_rpc=ApplyResourceChange timestamp=2026-05-15T17:36:06.717-0600
2026-05-15T17:36:06.806-0600 [DEBUG] provider.terraform-provider-aws_v5.100.0_x5: HTTP Response Received: http.response.header.date="Fri, 15 May 2026 23:36:06 GMT" http.status_code=200 tf_aws.sdk=aws-sdk-go-v2 tf_req_id=35087195-dab2-6469-8765-33cf2d1f137b http.duration=109 http.response.header.x_amzn_requestid=f9422b72-1faf-455d-bfdb-400df8e6c081 rpc.system=aws-api tf_aws.signing_region="" tf_rpc=ApplyResourceChange aws.region=us-east-1 http.response_content_length=323 rpc.service=IAM tf_mux_provider="*schema.GRPCProviderServer"
  http.response.body=
  | <ListRolePoliciesResponse xmlns="https://iam.amazonaws.com/doc/2010-05-08/">
  |   <ListRolePoliciesResult>
  |     <IsTruncated>false</IsTruncated>
  |     <PolicyNames/>
  |   </ListRolePoliciesResult>
  |   <ResponseMetadata>
  |     <RequestId>f9422b72-1faf-455d-bfdb-400df8e6c081</RequestId>
  |   </ResponseMetadata>
  | </ListRolePoliciesResponse>
   rpc.method=ListRolePolicies tf_provider_addr=registry.terraform.io/hashicorp/aws tf_resource_type=aws_iam_role @caller=github.com/hashicorp/aws-sdk-go-base/v2@v2.0.0-beta.65/logging/tf_logger.go:45 @module=aws http.response.header.content_type=text/xml timestamp=2026-05-15T17:36:06.806-0600
2026-05-15T17:36:06.807-0600 [DEBUG] provider.terraform-provider-aws_v5.100.0_x5: HTTP Request Sent: http.method=POST
  http.request.body=
  | Action=ListAttachedRolePolicies&RoleName=waste-classifier-dev-step-functions-role&Version=2010-05-08
   http.request.header.authorization="AWS4-HMAC-SHA256 Credential=ASIA************3UTS/20260515/us-east-1/iam/aws4_request, SignedHeaders=amz-sdk-invocation-id;amz-sdk-request;content-length;content-type;host;x-amz-date;x-amz-security-token, Signature=*****" http.request.header.x_amz_date=20260515T233606Z http.request_content_length=100 rpc.service=IAM tf_mux_provider="*schema.GRPCProviderServer" @caller=github.com/hashicorp/aws-sdk-go-base/v2@v2.0.0-beta.65/logging/tf_logger.go:45 http.request.header.content_type=application/x-www-form-urlencoded net.peer.name=iam.amazonaws.com tf_aws.signing_region="" tf_provider_addr=registry.terraform.io/hashicorp/aws tf_req_id=35087195-dab2-6469-8765-33cf2d1f137b tf_resource_type=aws_iam_role http.request.header.amz_sdk_invocation_id=337e835b-e915-4615-8bbf-141625033488 http.user_agent="APN/1.0 HashiCorp/1.0 Terraform/1.14.8 (+https://www.terraform.io) terraform-provider-aws/5.100.0 (+https://registry.terraform.io/providers/hashicorp/aws) aws-sdk-go-v2/1.36.3 ua/2.1 os/linux lang/go#1.23.10 md/GOOS#linux md/GOARCH#amd64 api/iam#1.42.0 m/C,g" rpc.method=ListAttachedRolePolicies rpc.system=aws-api tf_aws.sdk=aws-sdk-go-v2 @module=aws aws.region=us-east-1 http.request.header.amz_sdk_request="attempt=1; max=25" http.request.header.x_amz_security_token="*****" http.url=https://iam.amazonaws.com/ tf_rpc=ApplyResourceChange timestamp=2026-05-15T17:36:06.807-0600
2026-05-15T17:36:06.811-0600 [DEBUG] provider.terraform-provider-aws_v5.100.0_x5: HTTP Response Received: @caller=github.com/hashicorp/aws-sdk-go-base/v2@v2.0.0-beta.65/logging/tf_logger.go:45
  http.response.body=
  | <ListRolePoliciesResponse xmlns="https://iam.amazonaws.com/doc/2010-05-08/">
  |   <ListRolePoliciesResult>
  |     <IsTruncated>false</IsTruncated>
  |     <PolicyNames/>
  |   </ListRolePoliciesResult>
  |   <ResponseMetadata>
  |     <RequestId>f713a677-0d4d-4bd8-9c9c-97934899e0ac</RequestId>
  |   </ResponseMetadata>
  | </ListRolePoliciesResponse>
   http.response.header.date="Fri, 15 May 2026 23:36:06 GMT" http.response.header.x_amzn_requestid=f713a677-0d4d-4bd8-9c9c-97934899e0ac rpc.service=IAM tf_aws.signing_region="" tf_provider_addr=registry.terraform.io/hashicorp/aws @module=aws rpc.method=ListRolePolicies rpc.system=aws-api tf_mux_provider="*schema.GRPCProviderServer" tf_rpc=ApplyResourceChange http.response_content_length=323 http.duration=120 http.response.header.content_type=text/xml tf_req_id=ed9103aa-a19a-8512-9e61-5930b387d1ce tf_resource_type=aws_iam_role aws.region=us-east-1 http.status_code=200 tf_aws.sdk=aws-sdk-go-v2 timestamp=2026-05-15T17:36:06.811-0600
2026-05-15T17:36:06.811-0600 [DEBUG] provider.terraform-provider-aws_v5.100.0_x5: HTTP Request Sent: aws.region=us-east-1 http.request.header.amz_sdk_invocation_id=57d50778-5fc7-42bc-aed8-20145e49af16 http.request.header.content_type=application/x-www-form-urlencoded http.request_content_length=94 tf_aws.sdk=aws-sdk-go-v2 tf_mux_provider="*schema.GRPCProviderServer" @caller=github.com/hashicorp/aws-sdk-go-base/v2@v2.0.0-beta.65/logging/tf_logger.go:45 http.request.header.x_amz_date=20260515T233606Z http.url=https://iam.amazonaws.com/ net.peer.name=iam.amazonaws.com tf_provider_addr=registry.terraform.io/hashicorp/aws tf_req_id=ed9103aa-a19a-8512-9e61-5930b387d1ce http.method=POST
  http.request.body=
  | Action=ListAttachedRolePolicies&RoleName=waste-classifier-dev-glue-job-role&Version=2010-05-08
   http.request.header.authorization="AWS4-HMAC-SHA256 Credential=ASIA************3UTS/20260515/us-east-1/iam/aws4_request, SignedHeaders=amz-sdk-invocation-id;amz-sdk-request;content-length;content-type;host;x-amz-date;x-amz-security-token, Signature=*****" http.user_agent="APN/1.0 HashiCorp/1.0 Terraform/1.14.8 (+https://www.terraform.io) terraform-provider-aws/5.100.0 (+https://registry.terraform.io/providers/hashicorp/aws) aws-sdk-go-v2/1.36.3 ua/2.1 os/linux lang/go#1.23.10 md/GOOS#linux md/GOARCH#amd64 api/iam#1.42.0 m/C,g" rpc.method=ListAttachedRolePolicies tf_aws.signing_region="" tf_resource_type=aws_iam_role http.request.header.amz_sdk_request="attempt=1; max=25" rpc.service=IAM rpc.system=aws-api tf_rpc=ApplyResourceChange http.request.header.x_amz_security_token="*****" @module=aws timestamp=2026-05-15T17:36:06.811-0600
2026-05-15T17:36:06.937-0600 [DEBUG] provider.terraform-provider-aws_v5.100.0_x5: HTTP Response Received: http.response_content_length=323 rpc.method=ListRolePolicies @caller=github.com/hashicorp/aws-sdk-go-base/v2@v2.0.0-beta.65/logging/tf_logger.go:45 aws.region=us-east-1 http.duration=219
  http.response.body=
  | <ListRolePoliciesResponse xmlns="https://iam.amazonaws.com/doc/2010-05-08/">
  |   <ListRolePoliciesResult>
  |     <IsTruncated>false</IsTruncated>
  |     <PolicyNames/>
  |   </ListRolePoliciesResult>
  |   <ResponseMetadata>
  |     <RequestId>e720155d-6e16-4e6f-8e93-f688281af537</RequestId>
  |   </ResponseMetadata>
  | </ListRolePoliciesResponse>
   @module=aws http.status_code=200 http.response.header.content_type=text/xml rpc.service=IAM tf_provider_addr=registry.terraform.io/hashicorp/aws tf_req_id=6560a94a-aea7-43cb-ff5d-56401ddcb967 tf_resource_type=aws_iam_role tf_rpc=ApplyResourceChange http.response.header.x_amzn_requestid=e720155d-6e16-4e6f-8e93-f688281af537 rpc.system=aws-api tf_aws.signing_region="" tf_mux_provider="*schema.GRPCProviderServer" http.response.header.date="Fri, 15 May 2026 23:36:06 GMT" tf_aws.sdk=aws-sdk-go-v2 timestamp=2026-05-15T17:36:06.937-0600
2026-05-15T17:36:06.937-0600 [DEBUG] provider.terraform-provider-aws_v5.100.0_x5: HTTP Response Received: @module=aws aws.region=us-east-1 http.duration=219
  http.response.body=
  | <ListRolePoliciesResponse xmlns="https://iam.amazonaws.com/doc/2010-05-08/">
  |   <ListRolePoliciesResult>
  |     <IsTruncated>false</IsTruncated>
  |     <PolicyNames/>
  |   </ListRolePoliciesResult>
  |   <ResponseMetadata>
  |     <RequestId>0490ed3c-6a85-4a7a-af48-7fc06af3e750</RequestId>
  |   </ResponseMetadata>
  | </ListRolePoliciesResponse>
   http.response.header.date="Fri, 15 May 2026 23:36:06 GMT" http.response_content_length=323 tf_resource_type=aws_iam_role tf_aws.sdk=aws-sdk-go-v2 tf_provider_addr=registry.terraform.io/hashicorp/aws http.response.header.content_type=text/xml http.response.header.x_amzn_requestid=0490ed3c-6a85-4a7a-af48-7fc06af3e750 rpc.method=ListRolePolicies rpc.system=aws-api tf_aws.signing_region="" tf_mux_provider="*schema.GRPCProviderServer" tf_rpc=ApplyResourceChange @caller=github.com/hashicorp/aws-sdk-go-base/v2@v2.0.0-beta.65/logging/tf_logger.go:45 http.status_code=200 rpc.service=IAM tf_req_id=43522324-cfd5-1f1c-f805-33e5c8c8d573 timestamp=2026-05-15T17:36:06.937-0600
2026-05-15T17:36:06.938-0600 [DEBUG] provider.terraform-provider-aws_v5.100.0_x5: HTTP Request Sent: http.request.header.x_amz_date=20260515T233606Z net.peer.name=iam.amazonaws.com rpc.service=IAM tf_provider_addr=registry.terraform.io/hashicorp/aws @caller=github.com/hashicorp/aws-sdk-go-base/v2@v2.0.0-beta.65/logging/tf_logger.go:45 http.request.header.x_amz_security_token="*****" http.user_agent="APN/1.0 HashiCorp/1.0 Terraform/1.14.8 (+https://www.terraform.io) terraform-provider-aws/5.100.0 (+https://registry.terraform.io/providers/hashicorp/aws) aws-sdk-go-v2/1.36.3 ua/2.1 os/linux lang/go#1.23.10 md/GOOS#linux md/GOARCH#amd64 api/iam#1.42.0 m/C,g" rpc.system=aws-api tf_mux_provider="*schema.GRPCProviderServer" tf_req_id=6560a94a-aea7-43cb-ff5d-56401ddcb967 @module=aws aws.region=us-east-1
  http.request.body=
  | Action=ListAttachedRolePolicies&RoleName=waste-classifier-dev-glue-crawler-role&Version=2010-05-08
   http.request.header.amz_sdk_invocation_id=1c11e419-c15b-4edd-a58b-99d41870c6fd http.request.header.content_type=application/x-www-form-urlencoded http.request_content_length=98 tf_resource_type=aws_iam_role http.request.header.amz_sdk_request="attempt=1; max=25" http.request.header.authorization="AWS4-HMAC-SHA256 Credential=ASIA************3UTS/20260515/us-east-1/iam/aws4_request, SignedHeaders=amz-sdk-invocation-id;amz-sdk-request;content-length;content-type;host;x-amz-date;x-amz-security-token, Signature=*****" http.url=https://iam.amazonaws.com/ rpc.method=ListAttachedRolePolicies tf_aws.sdk=aws-sdk-go-v2 tf_aws.signing_region="" tf_rpc=ApplyResourceChange http.method=POST timestamp=2026-05-15T17:36:06.938-0600
2026-05-15T17:36:06.938-0600 [DEBUG] provider.terraform-provider-aws_v5.100.0_x5: HTTP Request Sent: rpc.service=IAM rpc.system=aws-api rpc.method=ListAttachedRolePolicies tf_aws.signing_region="" tf_provider_addr=registry.terraform.io/hashicorp/aws tf_req_id=43522324-cfd5-1f1c-f805-33e5c8c8d573 tf_resource_type=aws_iam_role tf_rpc=ApplyResourceChange
  http.request.body=
  | Action=ListAttachedRolePolicies&RoleName=waste-classifier-dev-eventbridge-role&Version=2010-05-08
   http.request.header.content_type=application/x-www-form-urlencoded http.request_content_length=97 http.user_agent="APN/1.0 HashiCorp/1.0 Terraform/1.14.8 (+https://www.terraform.io) terraform-provider-aws/5.100.0 (+https://registry.terraform.io/providers/hashicorp/aws) aws-sdk-go-v2/1.36.3 ua/2.1 os/linux lang/go#1.23.10 md/GOOS#linux md/GOARCH#amd64 api/iam#1.42.0 m/C,g" tf_mux_provider="*schema.GRPCProviderServer" @module=aws aws.region=us-east-1 http.method=POST http.request.header.authorization="AWS4-HMAC-SHA256 Credential=ASIA************3UTS/20260515/us-east-1/iam/aws4_request, SignedHeaders=amz-sdk-invocation-id;amz-sdk-request;content-length;content-type;host;x-amz-date;x-amz-security-token, Signature=*****" http.request.header.x_amz_security_token="*****" net.peer.name=iam.amazonaws.com tf_aws.sdk=aws-sdk-go-v2 @caller=github.com/hashicorp/aws-sdk-go-base/v2@v2.0.0-beta.65/logging/tf_logger.go:45 http.request.header.amz_sdk_invocation_id=9de51816-183d-4f20-ba70-fd7a8246a83b http.request.header.amz_sdk_request="attempt=1; max=25" http.request.header.x_amz_date=20260515T233606Z http.url=https://iam.amazonaws.com/ timestamp=2026-05-15T17:36:06.938-0600
2026-05-15T17:36:06.945-0600 [DEBUG] provider.terraform-provider-aws_v5.100.0_x5: HTTP Response Received:
  http.response.body=
  | <ListAttachedRolePoliciesResponse xmlns="https://iam.amazonaws.com/doc/2010-05-08/">
  |   <ListAttachedRolePoliciesResult>
  |     <IsTruncated>false</IsTruncated>
  |     <AttachedPolicies/>
  |   </ListAttachedRolePoliciesResult>
  |   <ResponseMetadata>
  |     <RequestId>564c47da-38f6-4384-9de6-cf31f5e0c01a</RequestId>
  |   </ResponseMetadata>
  | </ListAttachedRolePoliciesResponse>
   http.response.header.x_amzn_requestid=564c47da-38f6-4384-9de6-cf31f5e0c01a http.response_content_length=360 rpc.service=IAM tf_aws.signing_region="" aws.region=us-east-1 rpc.system=aws-api tf_aws.sdk=aws-sdk-go-v2 tf_rpc=ApplyResourceChange http.response.header.date="Fri, 15 May 2026 23:36:06 GMT" rpc.method=ListAttachedRolePolicies tf_resource_type=aws_iam_role @caller=github.com/hashicorp/aws-sdk-go-base/v2@v2.0.0-beta.65/logging/tf_logger.go:45 @module=aws http.duration=130 http.response.header.content_type=text/xml http.status_code=200 tf_mux_provider="*schema.GRPCProviderServer" tf_provider_addr=registry.terraform.io/hashicorp/aws tf_req_id=35087195-dab2-6469-8765-33cf2d1f137b timestamp=2026-05-15T17:36:06.944-0600
2026-05-15T17:36:06.945-0600 [DEBUG] provider.terraform-provider-aws_v5.100.0_x5: HTTP Response Received: http.duration=133
  http.response.body=
  | <ListAttachedRolePoliciesResponse xmlns="https://iam.amazonaws.com/doc/2010-05-08/">
  |   <ListAttachedRolePoliciesResult>
  |     <IsTruncated>false</IsTruncated>
  |     <AttachedPolicies/>
  |   </ListAttachedRolePoliciesResult>
  |   <ResponseMetadata>
  |     <RequestId>7f3f12d6-f598-4cfe-9610-b43f9c502e93</RequestId>
  |   </ResponseMetadata>
  | </ListAttachedRolePoliciesResponse>
   rpc.method=ListAttachedRolePolicies tf_req_id=ed9103aa-a19a-8512-9e61-5930b387d1ce tf_rpc=ApplyResourceChange http.response.header.content_type=text/xml tf_mux_provider="*schema.GRPCProviderServer" tf_provider_addr=registry.terraform.io/hashicorp/aws tf_resource_type=aws_iam_role aws.region=us-east-1 http.response.header.date="Fri, 15 May 2026 23:36:06 GMT" http.status_code=200 http.response.header.x_amzn_requestid=7f3f12d6-f598-4cfe-9610-b43f9c502e93 http.response_content_length=360 rpc.service=IAM rpc.system=aws-api tf_aws.sdk=aws-sdk-go-v2 tf_aws.signing_region="" @caller=github.com/hashicorp/aws-sdk-go-base/v2@v2.0.0-beta.65/logging/tf_logger.go:45 @module=aws timestamp=2026-05-15T17:36:06.944-0600
2026-05-15T17:36:06.945-0600 [WARN]  Provider "provider[\"registry.terraform.io/hashicorp/aws\"]" produced an unexpected new value for aws_iam_role.step_functions_role, but we are tolerating it because it is using the legacy plugin SDK.
    The following problems may be the cause of any confusing errors from downstream operations:
      - .permissions_boundary: was null, but now cty.StringVal("")
      - .description: was null, but now cty.StringVal("")
2026-05-15T17:36:06.945-0600 [WARN]  Provider "provider[\"registry.terraform.io/hashicorp/aws\"]" produced an unexpected new value for module.data_eng.aws_iam_role.glue_job_role, but we are tolerating it because it is using the legacy plugin SDK.
    The following problems may be the cause of any confusing errors from downstream operations:
      - .description: was null, but now cty.StringVal("")
      - .permissions_boundary: was null, but now cty.StringVal("")
[0m[1maws_iam_role.step_functions_role: Creation complete after 36s [id=waste-classifier-dev-step-functions-role][0m
[0m[1mmodule.data_eng.aws_iam_role.glue_job_role: Creation complete after 25s [id=waste-classifier-dev-glue-job-role][0m
2026-05-15T17:36:06.949-0600 [DEBUG] State storage *statemgr.Filesystem declined to persist a state snapshot
2026-05-15T17:36:06.951-0600 [WARN]  Provider "registry.terraform.io/hashicorp/aws" produced an invalid plan for module.data_eng.aws_iam_role_policy.glue_job_policy, but we are tolerating it because it is using the legacy plugin SDK.
    The following problems may be the cause of any confusing errors from downstream operations:
      - .policy: planned value cty.StringVal("{\"Version\":\"2012-10-17\",\"Statement\":[{\"Action\":[\"logs:CreateLogGroup\",\"logs:CreateLogStream\",\"logs:PutLogEvents\"],\"Effect\":\"Allow\",\"Resource\":\"arn:aws:logs:*:*:*\"},{\"Action\":[\"s3:GetObject\",\"s3:PutObject\",\"s3:ListBucket\"],\"Effect\":\"Allow\",\"Resource\":[\"arn:aws:s3:::waste-classifier-dev-raw-v3\",\"arn:aws:s3:::waste-classifier-dev-raw-v3/*\",\"arn:aws:s3:::waste-classifier-dev-processed-v3\",\"arn:aws:s3:::waste-classifier-dev-processed-v3/*\",\"arn:aws:s3:::waste-classifier-dev-code-v3\",\"arn:aws:s3:::waste-classifier-dev-code-v3/*\"]}]}") does not match config value cty.StringVal("{\"Statement\":[{\"Action\":[\"logs:CreateLogGroup\",\"logs:CreateLogStream\",\"logs:PutLogEvents\"],\"Effect\":\"Allow\",\"Resource\":\"arn:aws:logs:*:*:*\"},{\"Action\":[\"s3:GetObject\",\"s3:PutObject\",\"s3:ListBucket\"],\"Effect\":\"Allow\",\"Resource\":[\"arn:aws:s3:::waste-classifier-dev-raw-v3\",\"arn:aws:s3:::waste-classifier-dev-raw-v3/*\",\"arn:aws:s3:::waste-classifier-dev-processed-v3\",\"arn:aws:s3:::waste-classifier-dev-processed-v3/*\",\"arn:aws:s3:::waste-classifier-dev-code-v3\",\"arn:aws:s3:::waste-classifier-dev-code-v3/*\"]}],\"Version\":\"2012-10-17\"}")
[0m[1mmodule.data_eng.aws_iam_role_policy.glue_job_policy: Creating...[0m[0m
2026-05-15T17:36:06.951-0600 [INFO]  Starting apply for module.data_eng.aws_iam_role_policy.glue_job_policy
2026-05-15T17:36:06.951-0600 [WARN]  Provider "registry.terraform.io/hashicorp/aws" produced an invalid plan for aws_iam_role_policy.step_functions_policy, but we are tolerating it because it is using the legacy plugin SDK.
    The following problems may be the cause of any confusing errors from downstream operations:
      - .policy: planned value cty.StringVal("{\"Version\":\"2012-10-17\",\"Statement\":[{\"Action\":[\"glue:StartCrawler\",\"glue:GetCrawler\",\"glue:StartJobRun\",\"glue:GetJobRun\"],\"Effect\":\"Allow\",\"Resource\":[\"arn:aws:glue:*:*:crawler/waste-classifier-dev-raw-crawler\",\"arn:aws:glue:*:*:job/waste-classifier-dev-image-resize\"]},{\"Action\":[\"logs:CreateLogDelivery\",\"logs:GetLogDelivery\",\"logs:UpdateLogDelivery\",\"logs:DeleteLogDelivery\",\"logs:ListLogDeliveries\",\"logs:PutResourcePolicy\",\"logs:DescribeResourcePolicies\",\"logs:DescribeLogGroups\"],\"Effect\":\"Allow\",\"Resource\":\"*\"}]}") does not match config value cty.StringVal("{\"Statement\":[{\"Action\":[\"glue:StartCrawler\",\"glue:GetCrawler\",\"glue:StartJobRun\",\"glue:GetJobRun\"],\"Effect\":\"Allow\",\"Resource\":[\"arn:aws:glue:*:*:crawler/waste-classifier-dev-raw-crawler\",\"arn:aws:glue:*:*:job/waste-classifier-dev-image-resize\"]},{\"Action\":[\"logs:CreateLogDelivery\",\"logs:GetLogDelivery\",\"logs:UpdateLogDelivery\",\"logs:DeleteLogDelivery\",\"logs:ListLogDeliveries\",\"logs:PutResourcePolicy\",\"logs:DescribeResourcePolicies\",\"logs:DescribeLogGroups\"],\"Effect\":\"Allow\",\"Resource\":\"*\"}],\"Version\":\"2012-10-17\"}")
[0m[1maws_iam_role_policy.step_functions_policy: Creating...[0m[0m
2026-05-15T17:36:06.951-0600 [INFO]  Starting apply for aws_iam_role_policy.step_functions_policy
2026-05-15T17:36:06.951-0600 [DEBUG] module.data_eng.aws_iam_role_policy.glue_job_policy: applying the planned Create change
2026-05-15T17:36:06.951-0600 [DEBUG] aws_iam_role_policy.step_functions_policy: applying the planned Create change
2026-05-15T17:36:06.952-0600 [WARN]  Provider "registry.terraform.io/hashicorp/aws" produced an invalid plan for module.data_eng.aws_glue_job.image_resize, but we are tolerating it because it is using the legacy plugin SDK.
    The following problems may be the cause of any confusing errors from downstream operations:
      - .execution_property: attribute representing nested block must not be unknown itself; set nested attribute values to unknown instead
      - .notification_property: attribute representing nested block must not be unknown itself; set nested attribute values to unknown instead
[0m[1mmodule.data_eng.aws_glue_job.image_resize: Creating...[0m[0m
2026-05-15T17:36:06.952-0600 [DEBUG] provider.terraform-provider-aws_v5.100.0_x5: HTTP Request Sent: tf_aws.signing_region="" aws.region=us-east-1 http.request.header.amz_sdk_invocation_id=d34b23e2-31b8-4312-a2f8-742b724372a0 rpc.system=aws-api tf_provider_addr=registry.terraform.io/hashicorp/aws http.request.header.x_amz_security_token="*****" @caller=github.com/hashicorp/aws-sdk-go-base/v2@v2.0.0-beta.65/logging/tf_logger.go:45
  http.request.body=
  | Action=PutRolePolicy&PolicyDocument=%7B%22Version%22%3A%222012-10-17%22%2C%22Statement%22%3A%5B%7B%22Action%22%3A%5B%22logs%3ACreateLogGroup%22%2C%22logs%3ACreateLogStream%22%2C%22logs%3APutLogEvents%22%5D%2C%22Effect%22%3A%22Allow%22%2C%22Resource%22%3A%22arn%3Aaws%3Alogs%3A%2A%3A%2A%3A%2A%22%7D%2C%7B%22Action%22%3A%5B%22s3%3AGetObject%22%2C%22s3%3APutObject%22%2C%22s3%3AListBucket%22%5D%2C%22Effect%22%3A%22Allow%22%2C%22Resource%22%3A%5B%22arn%3Aaws%3As3%3A%3A%3Awaste-classifier-dev-raw-v3%22%2C%22arn%3Aaws%3As3%3A%3A%3Awaste-classifier-dev-raw-v3%2F%2A%22%2C%22arn%3Aaws%3As3%3A%3A%3Awaste-classifier-dev-processed-v3%22%2C%22arn%3Aaws%3As3%3A%3A%3Awaste-classifier-dev-processed-v3%2F%2A%22%2C%22arn%3Aaws%3As3%3A%3A%3Awaste-classifier-dev-code-v3%22%2C%22arn%3Aaws%3As3%3A%3A%3Awaste-classifier-dev-code-v3%2F%2A%22%5D%7D%5D%7D&PolicyName=waste-classifier-dev-glue-job-policy&RoleName=waste-classifier-dev-glue-job-role&Version=2010-05-08
   http.request_content_length=949 tf_aws.sdk=aws-sdk-go-v2 tf_mux_provider="*schema.GRPCProviderServer" tf_resource_type=aws_iam_role_policy tf_rpc=ApplyResourceChange @module=aws http.request.header.authorization="AWS4-HMAC-SHA256 Credential=ASIA************3UTS/20260515/us-east-1/iam/aws4_request, SignedHeaders=amz-sdk-invocation-id;amz-sdk-request;content-length;content-type;host;x-amz-date;x-amz-security-token, Signature=*****" http.url=https://iam.amazonaws.com/ http.user_agent="APN/1.0 HashiCorp/1.0 Terraform/1.14.8 (+https://www.terraform.io) terraform-provider-aws/5.100.0 (+https://registry.terraform.io/providers/hashicorp/aws) aws-sdk-go-v2/1.36.3 ua/2.1 os/linux lang/go#1.23.10 md/GOOS#linux md/GOARCH#amd64 api/iam#1.42.0 m/g" net.peer.name=iam.amazonaws.com rpc.service=IAM tf_req_id=0aa535b3-ff7a-1895-83fb-f594879f06bc http.method=POST http.request.header.amz_sdk_request="attempt=1; max=25" http.request.header.content_type=application/x-www-form-urlencoded http.request.header.x_amz_date=20260515T233606Z rpc.method=PutRolePolicy timestamp=2026-05-15T17:36:06.952-0600
2026-05-15T17:36:06.952-0600 [DEBUG] provider.terraform-provider-aws_v5.100.0_x5: HTTP Request Sent: @module=aws aws.region=us-east-1
  http.request.body=
  | Action=PutRolePolicy&PolicyDocument=%7B%22Version%22%3A%222012-10-17%22%2C%22Statement%22%3A%5B%7B%22Action%22%3A%5B%22glue%3AStartCrawler%22%2C%22glue%3AGetCrawler%22%2C%22glue%3AStartJobRun%22%2C%22glue%3AGetJobRun%22%5D%2C%22Effect%22%3A%22Allow%22%2C%22Resource%22%3A%5B%22arn%3Aaws%3Aglue%3A%2A%3A%2A%3Acrawler%2Fwaste-classifier-dev-raw-crawler%22%2C%22arn%3Aaws%3Aglue%3A%2A%3A%2A%3Ajob%2Fwaste-classifier-dev-image-resize%22%5D%7D%2C%7B%22Action%22%3A%5B%22logs%3ACreateLogDelivery%22%2C%22logs%3AGetLogDelivery%22%2C%22logs%3AUpdateLogDelivery%22%2C%22logs%3ADeleteLogDelivery%22%2C%22logs%3AListLogDeliveries%22%2C%22logs%3APutResourcePolicy%22%2C%22logs%3ADescribeResourcePolicies%22%2C%22logs%3ADescribeLogGroups%22%5D%2C%22Effect%22%3A%22Allow%22%2C%22Resource%22%3A%22%2A%22%7D%5D%7D&PolicyName=waste-classifier-dev-step-functions-policy&RoleName=waste-classifier-dev-step-functions-role&Version=2010-05-08
   http.request_content_length=920 rpc.method=PutRolePolicy tf_req_id=7a696506-2dea-dd2c-e42f-a27a612495a7 tf_rpc=ApplyResourceChange http.request.header.content_type=application/x-www-form-urlencoded http.request.header.x_amz_date=20260515T233606Z http.request.header.x_amz_security_token="*****" rpc.system=aws-api tf_provider_addr=registry.terraform.io/hashicorp/aws http.request.header.amz_sdk_invocation_id=2562f634-1101-4816-8b60-469a097de533 http.request.header.amz_sdk_request="attempt=1; max=25" http.request.header.authorization="AWS4-HMAC-SHA256 Credential=ASIA************3UTS/20260515/us-east-1/iam/aws4_request, SignedHeaders=amz-sdk-invocation-id;amz-sdk-request;content-length;content-type;host;x-amz-date;x-amz-security-token, Signature=*****" net.peer.name=iam.amazonaws.com tf_aws.signing_region="" @caller=github.com/hashicorp/aws-sdk-go-base/v2@v2.0.0-beta.65/logging/tf_logger.go:45 http.method=POST http.url=https://iam.amazonaws.com/ http.user_agent="APN/1.0 HashiCorp/1.0 Terraform/1.14.8 (+https://www.terraform.io) terraform-provider-aws/5.100.0 (+https://registry.terraform.io/providers/hashicorp/aws) aws-sdk-go-v2/1.36.3 ua/2.1 os/linux lang/go#1.23.10 md/GOOS#linux md/GOARCH#amd64 api/iam#1.42.0 m/g" rpc.service=IAM tf_aws.sdk=aws-sdk-go-v2 tf_mux_provider="*schema.GRPCProviderServer" tf_resource_type=aws_iam_role_policy timestamp=2026-05-15T17:36:06.952-0600
2026-05-15T17:36:06.952-0600 [INFO]  Starting apply for module.data_eng.aws_glue_job.image_resize
2026-05-15T17:36:06.953-0600 [DEBUG] module.data_eng.aws_glue_job.image_resize: applying the planned Create change
2026-05-15T17:36:06.953-0600 [DEBUG] provider.terraform-provider-aws_v5.100.0_x5: [DEBUG] setting computed for "tags_all" from ComputedKeys
2026-05-15T17:36:06.953-0600 [DEBUG] provider.terraform-provider-aws_v5.100.0_x5: [DEBUG] setting computed for "execution_property" from ComputedKeys
2026-05-15T17:36:06.953-0600 [DEBUG] provider.terraform-provider-aws_v5.100.0_x5: [DEBUG] setting computed for "notification_property" from ComputedKeys
2026-05-15T17:36:06.954-0600 [DEBUG] provider.terraform-provider-aws_v5.100.0_x5: HTTP Request Sent: rpc.system=aws-api tf_aws.sdk=aws-sdk-go-v2 http.method=POST http.request.header.amz_sdk_invocation_id=e0885760-06e3-4300-8284-5447d40926c6 rpc.service=Glue @caller=github.com/hashicorp/aws-sdk-go-base/v2@v2.0.0-beta.65/logging/tf_logger.go:45 @module=aws
  http.request.body=
  | {"Command":{"Name":"glueetl","PythonVersion":"3","ScriptLocation":"s3://waste-classifier-dev-code-v3/scripts/glue_etl.py"},"DefaultArguments":{"--input_bucket":"waste-classifier-dev-raw-v3","--output_prefix":"resized/","--size":"256","--TempDir":"s3://waste-classifier-dev-code-v3/temp/","--output_bucket":"waste-classifier-dev-processed-v3"},"Name":"waste-classifier-dev-image-resize","NumberOfWorkers":2,"Role":"arn:aws:iam::979054355848:role/waste-classifier-dev-glue-job-role","WorkerType":"G.1X"}
   tf_mux_provider="*schema.GRPCProviderServer" aws.region=us-east-1 http.request.header.x_amz_target=AWSGlue.CreateJob http.request_content_length=501 http.url=https://glue.us-east-1.amazonaws.com/ http.request.header.amz_sdk_request="attempt=1; max=25" tf_resource_type=aws_glue_job tf_provider_addr=registry.terraform.io/hashicorp/aws tf_req_id=d3108d35-d572-b102-4581-daf190dea7f7 http.request.header.x_amz_date=20260515T233606Z http.user_agent="APN/1.0 HashiCorp/1.0 Terraform/1.14.8 (+https://www.terraform.io) terraform-provider-aws/5.100.0 (+https://registry.terraform.io/providers/hashicorp/aws) aws-sdk-go-v2/1.36.3 ua/2.1 os/linux lang/go#1.23.10 md/GOOS#linux md/GOARCH#amd64 api/glue#1.113.0 m/g" http.request.header.content_type=application/x-amz-json-1.1 tf_aws.signing_region="" tf_rpc=ApplyResourceChange http.request.header.x_amz_security_token="*****" http.request.header.authorization="AWS4-HMAC-SHA256 Credential=ASIA************3UTS/20260515/us-east-1/glue/aws4_request, SignedHeaders=amz-sdk-invocation-id;amz-sdk-request;content-length;content-type;host;x-amz-date;x-amz-security-token;x-amz-target, Signature=*****" net.peer.name=glue.us-east-1.amazonaws.com rpc.method=CreateJob timestamp=2026-05-15T17:36:06.954-0600
2026-05-15T17:36:07.047-0600 [DEBUG] provider.terraform-provider-aws_v5.100.0_x5: HTTP Response Received: @module=aws http.response.header.content_type=text/xml http.response_content_length=360 rpc.service=IAM
  http.response.body=
  | <ListAttachedRolePoliciesResponse xmlns="https://iam.amazonaws.com/doc/2010-05-08/">
  |   <ListAttachedRolePoliciesResult>
  |     <IsTruncated>false</IsTruncated>
  |     <AttachedPolicies/>
  |   </ListAttachedRolePoliciesResult>
  |   <ResponseMetadata>
  |     <RequestId>657b5fc7-de58-40bb-bcbf-ac86fe7de02c</RequestId>
  |   </ResponseMetadata>
  | </ListAttachedRolePoliciesResponse>
   rpc.method=ListAttachedRolePolicies rpc.system=aws-api tf_req_id=6560a94a-aea7-43cb-ff5d-56401ddcb967 tf_rpc=ApplyResourceChange http.response.header.date="Fri, 15 May 2026 23:36:06 GMT" http.response.header.x_amzn_requestid=657b5fc7-de58-40bb-bcbf-ac86fe7de02c tf_aws.sdk=aws-sdk-go-v2 tf_aws.signing_region="" tf_mux_provider="*schema.GRPCProviderServer" @caller=github.com/hashicorp/aws-sdk-go-base/v2@v2.0.0-beta.65/logging/tf_logger.go:45 aws.region=us-east-1 http.duration=109 tf_provider_addr=registry.terraform.io/hashicorp/aws tf_resource_type=aws_iam_role http.status_code=200 timestamp=2026-05-15T17:36:07.047-0600
2026-05-15T17:36:07.048-0600 [WARN]  Provider "provider[\"registry.terraform.io/hashicorp/aws\"]" produced an unexpected new value for module.data_eng.aws_iam_role.glue_crawler_role, but we are tolerating it because it is using the legacy plugin SDK.
    The following problems may be the cause of any confusing errors from downstream operations:
      - .permissions_boundary: was null, but now cty.StringVal("")
      - .description: was null, but now cty.StringVal("")
[0m[1mmodule.data_eng.aws_iam_role.glue_crawler_role: Creation complete after 36s [id=waste-classifier-dev-glue-crawler-role][0m
2026-05-15T17:36:07.050-0600 [DEBUG] State storage *statemgr.Filesystem declined to persist a state snapshot
2026-05-15T17:36:07.052-0600 [WARN]  Provider "registry.terraform.io/hashicorp/aws" produced an invalid plan for module.data_eng.aws_iam_role_policy.glue_crawler_policy, but we are tolerating it because it is using the legacy plugin SDK.
    The following problems may be the cause of any confusing errors from downstream operations:
      - .policy: planned value cty.StringVal("{\"Version\":\"2012-10-17\",\"Statement\":[{\"Action\":[\"s3:GetObject\",\"s3:ListBucket\"],\"Effect\":\"Allow\",\"Resource\":[\"arn:aws:s3:::waste-classifier-dev-raw-v3\",\"arn:aws:s3:::waste-classifier-dev-raw-v3/*\"]},{\"Action\":[\"glue:GetDatabase\",\"glue:GetDatabases\",\"glue:CreateTable\",\"glue:GetTable\",\"glue:GetTables\",\"glue:UpdateTable\",\"glue:DeleteTable\",\"glue:BatchCreatePartition\",\"glue:CreatePartition\",\"glue:UpdatePartition\",\"glue:DeletePartition\",\"glue:GetPartition\",\"glue:GetPartitions\"],\"Effect\":\"Allow\",\"Resource\":\"*\"},{\"Action\":[\"logs:CreateLogGroup\",\"logs:CreateLogStream\",\"logs:PutLogEvents\"],\"Effect\":\"Allow\",\"Resource\":\"arn:aws:logs:*:*:*\"}]}") does not match config value cty.StringVal("{\"Statement\":[{\"Action\":[\"s3:GetObject\",\"s3:ListBucket\"],\"Effect\":\"Allow\",\"Resource\":[\"arn:aws:s3:::waste-classifier-dev-raw-v3\",\"arn:aws:s3:::waste-classifier-dev-raw-v3/*\"]},{\"Action\":[\"glue:GetDatabase\",\"glue:GetDatabases\",\"glue:CreateTable\",\"glue:GetTable\",\"glue:GetTables\",\"glue:UpdateTable\",\"glue:DeleteTable\",\"glue:BatchCreatePartition\",\"glue:CreatePartition\",\"glue:UpdatePartition\",\"glue:DeletePartition\",\"glue:GetPartition\",\"glue:GetPartitions\"],\"Effect\":\"Allow\",\"Resource\":\"*\"},{\"Action\":[\"logs:CreateLogGroup\",\"logs:CreateLogStream\",\"logs:PutLogEvents\"],\"Effect\":\"Allow\",\"Resource\":\"arn:aws:logs:*:*:*\"}],\"Version\":\"2012-10-17\"}")
[0m[1mmodule.data_eng.aws_iam_role_policy.glue_crawler_policy: Creating...[0m[0m
2026-05-15T17:36:07.052-0600 [INFO]  Starting apply for module.data_eng.aws_iam_role_policy.glue_crawler_policy
2026-05-15T17:36:07.052-0600 [DEBUG] module.data_eng.aws_iam_role_policy.glue_crawler_policy: applying the planned Create change
2026-05-15T17:36:07.053-0600 [DEBUG] provider.terraform-provider-aws_v5.100.0_x5: HTTP Request Sent: @module=aws http.request.header.amz_sdk_request="attempt=1; max=25" http.user_agent="APN/1.0 HashiCorp/1.0 Terraform/1.14.8 (+https://www.terraform.io) terraform-provider-aws/5.100.0 (+https://registry.terraform.io/providers/hashicorp/aws) aws-sdk-go-v2/1.36.3 ua/2.1 os/linux lang/go#1.23.10 md/GOOS#linux md/GOARCH#amd64 api/iam#1.42.0 m/g" rpc.service=IAM tf_aws.signing_region="" tf_mux_provider="*schema.GRPCProviderServer" tf_req_id=eeffd37a-dc65-181e-3e1c-7ba495c98ca9 tf_rpc=ApplyResourceChange @caller=github.com/hashicorp/aws-sdk-go-base/v2@v2.0.0-beta.65/logging/tf_logger.go:45 http.request.header.content_type=application/x-www-form-urlencoded http.request.header.x_amz_security_token="*****" http.url=https://iam.amazonaws.com/ rpc.method=PutRolePolicy tf_aws.sdk=aws-sdk-go-v2 http.method=POST
  http.request.body=
  | Action=PutRolePolicy&PolicyDocument=%7B%22Version%22%3A%222012-10-17%22%2C%22Statement%22%3A%5B%7B%22Action%22%3A%5B%22s3%3AGetObject%22%2C%22s3%3AListBucket%22%5D%2C%22Effect%22%3A%22Allow%22%2C%22Resource%22%3A%5B%22arn%3Aaws%3As3%3A%3A%3Awaste-classifier-dev-raw-v3%22%2C%22arn%3Aaws%3As3%3A%3A%3Awaste-classifier-dev-raw-v3%2F%2A%22%5D%7D%2C%7B%22Action%22%3A%5B%22glue%3AGetDatabase%22%2C%22glue%3AGetDatabases%22%2C%22glue%3ACreateTable%22%2C%22glue%3AGetTable%22%2C%22glue%3AGetTables%22%2C%22glue%3AUpdateTable%22%2C%22glue%3ADeleteTable%22%2C%22glue%3ABatchCreatePartition%22%2C%22glue%3ACreatePartition%22%2C%22glue%3AUpdatePartition%22%2C%22glue%3ADeletePartition%22%2C%22glue%3AGetPartition%22%2C%22glue%3AGetPartitions%22%5D%2C%22Effect%22%3A%22Allow%22%2C%22Resource%22%3A%22%2A%22%7D%2C%7B%22Action%22%3A%5B%22logs%3ACreateLogGroup%22%2C%22logs%3ACreateLogStream%22%2C%22logs%3APutLogEvents%22%5D%2C%22Effect%22%3A%22Allow%22%2C%22Resource%22%3A%22arn%3Aaws%3Alogs%3A%2A%3A%2A%3A%2A%22%7D%5D%7D&PolicyName=waste-classifier-dev-glue-crawler-policy&RoleName=waste-classifier-dev-glue-crawler-role&Version=2010-05-08
  | [truncated...]
   tf_provider_addr=registry.terraform.io/hashicorp/aws tf_resource_type=aws_iam_role_policy aws.region=us-east-1 http.request.header.amz_sdk_invocation_id=464f494c-2f14-4f81-8847-b4e9aac84de8 http.request.header.authorization="AWS4-HMAC-SHA256 Credential=ASIA************3UTS/20260515/us-east-1/iam/aws4_request, SignedHeaders=amz-sdk-invocation-id;amz-sdk-request;content-length;content-type;host;x-amz-date;x-amz-security-token, Signature=*****" http.request.header.x_amz_date=20260515T233607Z http.request_content_length=1128 net.peer.name=iam.amazonaws.com rpc.system=aws-api timestamp=2026-05-15T17:36:07.053-0600
2026-05-15T17:36:07.058-0600 [DEBUG] provider.terraform-provider-aws_v5.100.0_x5: HTTP Response Received: tf_req_id=43522324-cfd5-1f1c-f805-33e5c8c8d573 tf_rpc=ApplyResourceChange @caller=github.com/hashicorp/aws-sdk-go-base/v2@v2.0.0-beta.65/logging/tf_logger.go:45 aws.region=us-east-1 http.duration=120
  http.response.body=
  | <ListAttachedRolePoliciesResponse xmlns="https://iam.amazonaws.com/doc/2010-05-08/">
  |   <ListAttachedRolePoliciesResult>
  |     <IsTruncated>false</IsTruncated>
  |     <AttachedPolicies/>
  |   </ListAttachedRolePoliciesResult>
  |   <ResponseMetadata>
  |     <RequestId>281fc5f1-6a48-46ac-ad8b-b08676367690</RequestId>
  |   </ResponseMetadata>
  | </ListAttachedRolePoliciesResponse>
   http.response_content_length=360 tf_aws.sdk=aws-sdk-go-v2 @module=aws http.response.header.content_type=text/xml http.status_code=200 rpc.method=ListAttachedRolePolicies rpc.service=IAM rpc.system=aws-api tf_aws.signing_region="" tf_mux_provider="*schema.GRPCProviderServer" tf_resource_type=aws_iam_role http.response.header.date="Fri, 15 May 2026 23:36:06 GMT" http.response.header.x_amzn_requestid=281fc5f1-6a48-46ac-ad8b-b08676367690 tf_provider_addr=registry.terraform.io/hashicorp/aws timestamp=2026-05-15T17:36:07.058-0600
2026-05-15T17:36:07.059-0600 [WARN]  Provider "provider[\"registry.terraform.io/hashicorp/aws\"]" produced an unexpected new value for aws_iam_role.eventbridge_role, but we are tolerating it because it is using the legacy plugin SDK.
    The following problems may be the cause of any confusing errors from downstream operations:
      - .permissions_boundary: was null, but now cty.StringVal("")
      - .description: was null, but now cty.StringVal("")
[0m[1maws_iam_role.eventbridge_role: Creation complete after 36s [id=waste-classifier-dev-eventbridge-role][0m
2026-05-15T17:36:07.061-0600 [DEBUG] State storage *statemgr.Filesystem declined to persist a state snapshot
2026-05-15T17:36:07.098-0600 [DEBUG] provider.terraform-provider-aws_v5.100.0_x5: HTTP Response Received: @module=aws http.duration=145 http.response.header.x_amzn_requestid=b679b1ca-926a-420e-b680-19e467939282 tf_aws.sdk=aws-sdk-go-v2 tf_mux_provider="*schema.GRPCProviderServer" tf_provider_addr=registry.terraform.io/hashicorp/aws @caller=github.com/hashicorp/aws-sdk-go-base/v2@v2.0.0-beta.65/logging/tf_logger.go:45 http.response.header.content_type=text/xml http.response.header.date="Fri, 15 May 2026 23:36:06 GMT" http.status_code=200 tf_aws.signing_region="" tf_req_id=0aa535b3-ff7a-1895-83fb-f594879f06bc tf_resource_type=aws_iam_role_policy tf_rpc=ApplyResourceChange
  http.response.body=
  | <PutRolePolicyResponse xmlns="https://iam.amazonaws.com/doc/2010-05-08/">
  |   <ResponseMetadata>
  |     <RequestId>b679b1ca-926a-420e-b680-19e467939282</RequestId>
  |   </ResponseMetadata>
  | </PutRolePolicyResponse>
   rpc.service=IAM rpc.system=aws-api aws.region=us-east-1 http.response_content_length=206 rpc.method=PutRolePolicy timestamp=2026-05-15T17:36:07.098-0600
2026-05-15T17:36:07.098-0600 [DEBUG] provider.terraform-provider-aws_v5.100.0_x5: [DEBUG] Waiting for state to become: [success]
2026-05-15T17:36:07.098-0600 [DEBUG] provider.terraform-provider-aws_v5.100.0_x5: HTTP Request Sent: http.request.header.x_amz_security_token="*****" net.peer.name=iam.amazonaws.com tf_aws.sdk=aws-sdk-go-v2 tf_provider_addr=registry.terraform.io/hashicorp/aws tf_req_id=0aa535b3-ff7a-1895-83fb-f594879f06bc @module=aws http.request.header.authorization="AWS4-HMAC-SHA256 Credential=ASIA************3UTS/20260515/us-east-1/iam/aws4_request, SignedHeaders=amz-sdk-invocation-id;amz-sdk-request;content-length;content-type;host;x-amz-date;x-amz-security-token, Signature=*****" http.request.header.content_type=application/x-www-form-urlencoded http.url=https://iam.amazonaws.com/ tf_aws.signing_region="" tf_mux_provider="*schema.GRPCProviderServer" aws.region=us-east-1 http.request.header.x_amz_date=20260515T233607Z http.request_content_length=131 http.user_agent="APN/1.0 HashiCorp/1.0 Terraform/1.14.8 (+https://www.terraform.io) terraform-provider-aws/5.100.0 (+https://registry.terraform.io/providers/hashicorp/aws) aws-sdk-go-v2/1.36.3 ua/2.1 os/linux lang/go#1.23.10 md/GOOS#linux md/GOARCH#amd64 api/iam#1.42.0 m/g" rpc.method=GetRolePolicy rpc.service=IAM rpc.system=aws-api http.request.header.amz_sdk_invocation_id=85f31b57-0b3c-4e3b-9a70-194d3dc2005f http.request.header.amz_sdk_request="attempt=1; max=25" tf_resource_type=aws_iam_role_policy tf_rpc=ApplyResourceChange @caller=github.com/hashicorp/aws-sdk-go-base/v2@v2.0.0-beta.65/logging/tf_logger.go:45 http.method=POST
  http.request.body=
  | Action=GetRolePolicy&PolicyName=waste-classifier-dev-glue-job-policy&RoleName=waste-classifier-dev-glue-job-role&Version=2010-05-08
   timestamp=2026-05-15T17:36:07.098-0600
2026-05-15T17:36:07.103-0600 [DEBUG] provider.terraform-provider-aws_v5.100.0_x5: HTTP Response Received: aws.region=us-east-1 http.duration=148 tf_provider_addr=registry.terraform.io/hashicorp/aws tf_resource_type=aws_glue_job @caller=github.com/hashicorp/aws-sdk-go-base/v2@v2.0.0-beta.65/logging/tf_logger.go:45 @module=aws http.status_code=400 rpc.system=aws-api tf_aws.sdk=aws-sdk-go-v2
  http.response.body=
  | {"__type":"IdempotentParameterMismatchException","Message":"Job already submitted with different configuration."}
   http.response.header.cache_control=no-cache http.response.header.content_type=application/x-amz-json-1.1 http.response.header.date="Fri, 15 May 2026 23:36:06 GMT" http.response_content_length=113 rpc.method=CreateJob rpc.service=Glue tf_req_id=d3108d35-d572-b102-4581-daf190dea7f7 http.response.header.x_amzn_requestid=6f94f7ef-3a5e-438c-bf9d-7bb23bbd321c tf_aws.signing_region="" tf_mux_provider="*schema.GRPCProviderServer" tf_rpc=ApplyResourceChange timestamp=2026-05-15T17:36:07.103-0600
2026-05-15T17:36:07.103-0600 [DEBUG] provider.terraform-provider-aws_v5.100.0_x5: request failed with unretryable error https response error StatusCode: 400, RequestID: 6f94f7ef-3a5e-438c-bf9d-7bb23bbd321c, IdempotentParameterMismatchException: Job already submitted with different configuration.: aws.region=us-east-1 rpc.system=aws-api @module=aws rpc.method=CreateJob tf_aws.sdk=aws-sdk-go-v2 @caller=github.com/hashicorp/aws-sdk-go-base/v2@v2.0.0-beta.65/logging/tf_logger.go:45 rpc.service=Glue tf_resource_type=aws_glue_job tf_mux_provider="*schema.GRPCProviderServer" tf_provider_addr=registry.terraform.io/hashicorp/aws tf_req_id=d3108d35-d572-b102-4581-daf190dea7f7 tf_rpc=ApplyResourceChange timestamp=2026-05-15T17:36:07.103-0600
2026-05-15T17:36:07.103-0600 [ERROR] provider.terraform-provider-aws_v5.100.0_x5: Response contains error diagnostic: @module=sdk.proto diagnostic_summary="creating Glue Job (waste-classifier-dev-image-resize): operation error Glue: CreateJob, https response error StatusCode: 400, RequestID: 6f94f7ef-3a5e-438c-bf9d-7bb23bbd321c, IdempotentParameterMismatchException: Job already submitted with different configuration." tf_provider_addr=registry.terraform.io/hashicorp/aws tf_req_id=d3108d35-d572-b102-4581-daf190dea7f7 tf_resource_type=aws_glue_job diagnostic_detail="" diagnostic_severity=ERROR tf_proto_version=5.8 tf_rpc=ApplyResourceChange @caller=github.com/hashicorp/terraform-plugin-go@v0.26.0/tfprotov5/internal/diag/diagnostics.go:58 timestamp=2026-05-15T17:36:07.103-0600
2026-05-15T17:36:07.105-0600 [DEBUG] State storage *statemgr.Filesystem declined to persist a state snapshot
2026-05-15T17:36:07.105-0600 [ERROR] vertex "module.data_eng.aws_glue_job.image_resize" error: creating Glue Job (waste-classifier-dev-image-resize): operation error Glue: CreateJob, https response error StatusCode: 400, RequestID: 6f94f7ef-3a5e-438c-bf9d-7bb23bbd321c, IdempotentParameterMismatchException: Job already submitted with different configuration.
2026-05-15T17:36:07.126-0600 [DEBUG] provider.terraform-provider-aws_v5.100.0_x5: HTTP Response Received: http.response_content_length=206 tf_aws.sdk=aws-sdk-go-v2 tf_resource_type=aws_iam_role_policy tf_rpc=ApplyResourceChange http.response.header.date="Fri, 15 May 2026 23:36:07 GMT" http.status_code=200 tf_aws.signing_region="" tf_provider_addr=registry.terraform.io/hashicorp/aws tf_req_id=7a696506-2dea-dd2c-e42f-a27a612495a7 @module=aws aws.region=us-east-1 http.duration=173 http.response.header.x_amzn_requestid=48be7817-d274-4903-9913-92bb67201c17 rpc.system=aws-api tf_mux_provider="*schema.GRPCProviderServer" @caller=github.com/hashicorp/aws-sdk-go-base/v2@v2.0.0-beta.65/logging/tf_logger.go:45
  http.response.body=
  | <PutRolePolicyResponse xmlns="https://iam.amazonaws.com/doc/2010-05-08/">
  |   <ResponseMetadata>
  |     <RequestId>48be7817-d274-4903-9913-92bb67201c17</RequestId>
  |   </ResponseMetadata>
  | </PutRolePolicyResponse>
   http.response.header.content_type=text/xml rpc.method=PutRolePolicy rpc.service=IAM timestamp=2026-05-15T17:36:07.126-0600
2026-05-15T17:36:07.126-0600 [DEBUG] provider.terraform-provider-aws_v5.100.0_x5: [DEBUG] Waiting for state to become: [success]
2026-05-15T17:36:07.126-0600 [DEBUG] provider.terraform-provider-aws_v5.100.0_x5: HTTP Request Sent: aws.region=us-east-1 http.request.header.amz_sdk_invocation_id=b79e4962-d977-4082-8e93-a3066653983e http.request.header.amz_sdk_request="attempt=1; max=25" http.user_agent="APN/1.0 HashiCorp/1.0 Terraform/1.14.8 (+https://www.terraform.io) terraform-provider-aws/5.100.0 (+https://registry.terraform.io/providers/hashicorp/aws) aws-sdk-go-v2/1.36.3 ua/2.1 os/linux lang/go#1.23.10 md/GOOS#linux md/GOARCH#amd64 api/iam#1.42.0 m/g" tf_aws.sdk=aws-sdk-go-v2 tf_provider_addr=registry.terraform.io/hashicorp/aws tf_resource_type=aws_iam_role_policy @module=aws
  http.request.body=
  | Action=GetRolePolicy&PolicyName=waste-classifier-dev-step-functions-policy&RoleName=waste-classifier-dev-step-functions-role&Version=2010-05-08
   http.request.header.authorization="AWS4-HMAC-SHA256 Credential=ASIA************3UTS/20260515/us-east-1/iam/aws4_request, SignedHeaders=amz-sdk-invocation-id;amz-sdk-request;content-length;content-type;host;x-amz-date;x-amz-security-token, Signature=*****" http.request.header.content_type=application/x-www-form-urlencoded rpc.method=GetRolePolicy tf_mux_provider="*schema.GRPCProviderServer" tf_req_id=7a696506-2dea-dd2c-e42f-a27a612495a7 @caller=github.com/hashicorp/aws-sdk-go-base/v2@v2.0.0-beta.65/logging/tf_logger.go:45 http.method=POST http.request.header.x_amz_security_token="*****" http.request_content_length=143 http.url=https://iam.amazonaws.com/ net.peer.name=iam.amazonaws.com rpc.system=aws-api http.request.header.x_amz_date=20260515T233607Z rpc.service=IAM tf_aws.signing_region="" tf_rpc=ApplyResourceChange timestamp=2026-05-15T17:36:07.126-0600
2026-05-15T17:36:07.218-0600 [DEBUG] provider.terraform-provider-aws_v5.100.0_x5: HTTP Response Received: tf_provider_addr=registry.terraform.io/hashicorp/aws tf_rpc=ApplyResourceChange http.duration=119
  http.response.body=
  | <GetRolePolicyResponse xmlns="https://iam.amazonaws.com/doc/2010-05-08/">
  |   <GetRolePolicyResult>
  |     <PolicyDocument>%7B%22Version%22%3A%222012-10-17%22%2C%22Statement%22%3A%5B%7B%22Action%22%3A%5B%22logs%3ACreateLogGroup%22%2C%22logs%3ACreateLogStream%22%2C%22logs%3APutLogEvents%22%5D%2C%22Effect%22%3A%22Allow%22%2C%22Resource%22%3A%22arn%3Aaws%3Alogs%3A%2A%3A%2A%3A%2A%22%7D%2C%7B%22Action%22%3A%5B%22s3%3AGetObject%22%2C%22s3%3APutObject%22%2C%22s3%3AListBucket%22%5D%2C%22Effect%22%3A%22Allow%22%2C%22Resource%22%3A%5B%22arn%3Aaws%3As3%3A%3A%3Awaste-classifier-dev-raw-v3%22%2C%22arn%3Aaws%3As3%3A%3A%3Awaste-classifier-dev-raw-v3%2F%2A%22%2C%22arn%3Aaws%3As3%3A%3A%3Awaste-classifier-dev-processed-v3%22%2C%22arn%3Aaws%3As3%3A%3A%3Awaste-classifier-dev-processed-v3%2F%2A%22%2C%22arn%3Aaws%3As3%3A%3A%3Awaste-classifier-dev-code-v3%22%2C%22arn%3Aaws%3As3%3A%3A%3Awaste-classifier-dev-code-v3%2F%2A%22%5D%7D%5D%7D</PolicyDocument>
  |     <PolicyName>waste-classifier-dev-glue-job-policy</PolicyName>
  |     <RoleName>waste-classifier-dev-glue-job-role</RoleName>
  |   </GetRolePolicyResult>
  |   <ResponseMetadata>
  |     <RequestId>7c3eb4f7-3355-4a68-aac4-0f7966ece8a3</RequestId>
  |   </ResponseMetadata>
  | </GetRolePolicyResponse>
   http.response.header.x_amzn_requestid=7c3eb4f7-3355-4a68-aac4-0f7966ece8a3 http.status_code=200 rpc.system=aws-api tf_aws.sdk=aws-sdk-go-v2 tf_aws.signing_region="" tf_req_id=0aa535b3-ff7a-1895-83fb-f594879f06bc tf_resource_type=aws_iam_role_policy @caller=github.com/hashicorp/aws-sdk-go-base/v2@v2.0.0-beta.65/logging/tf_logger.go:45 @module=aws aws.region=us-east-1 http.response.header.content_type=text/xml http.response_content_length=1221 rpc.service=IAM tf_mux_provider="*schema.GRPCProviderServer" http.response.header.date="Fri, 15 May 2026 23:36:07 GMT" rpc.method=GetRolePolicy timestamp=2026-05-15T17:36:07.218-0600
2026-05-15T17:36:07.218-0600 [DEBUG] provider.terraform-provider-aws_v5.100.0_x5: HTTP Request Sent: http.user_agent="APN/1.0 HashiCorp/1.0 Terraform/1.14.8 (+https://www.terraform.io) terraform-provider-aws/5.100.0 (+https://registry.terraform.io/providers/hashicorp/aws) aws-sdk-go-v2/1.36.3 ua/2.1 os/linux lang/go#1.23.10 md/GOOS#linux md/GOARCH#amd64 api/iam#1.42.0 m/g" rpc.system=aws-api tf_aws.signing_region="" tf_mux_provider="*schema.GRPCProviderServer" tf_resource_type=aws_iam_role_policy tf_rpc=ApplyResourceChange http.request.header.x_amz_security_token="*****" aws.region=us-east-1 http.request.header.amz_sdk_request="attempt=1; max=25" http.request_content_length=131 http.url=https://iam.amazonaws.com/ net.peer.name=iam.amazonaws.com rpc.service=IAM tf_req_id=0aa535b3-ff7a-1895-83fb-f594879f06bc @module=aws
  http.request.body=
  | Action=GetRolePolicy&PolicyName=waste-classifier-dev-glue-job-policy&RoleName=waste-classifier-dev-glue-job-role&Version=2010-05-08
   tf_aws.sdk=aws-sdk-go-v2 http.method=POST http.request.header.amz_sdk_invocation_id=4acb0b7f-33d1-4fdd-b818-1cbf7f32c4ed http.request.header.authorization="AWS4-HMAC-SHA256 Credential=ASIA************3UTS/20260515/us-east-1/iam/aws4_request, SignedHeaders=amz-sdk-invocation-id;amz-sdk-request;content-length;content-type;host;x-amz-date;x-amz-security-token, Signature=*****" http.request.header.content_type=application/x-www-form-urlencoded http.request.header.x_amz_date=20260515T233607Z rpc.method=GetRolePolicy tf_provider_addr=registry.terraform.io/hashicorp/aws @caller=github.com/hashicorp/aws-sdk-go-base/v2@v2.0.0-beta.65/logging/tf_logger.go:45 timestamp=2026-05-15T17:36:07.218-0600
2026-05-15T17:36:07.221-0600 [DEBUG] provider.terraform-provider-aws_v5.100.0_x5: HTTP Response Received:
  http.response.body=
  | <PutRolePolicyResponse xmlns="https://iam.amazonaws.com/doc/2010-05-08/">
  |   <ResponseMetadata>
  |     <RequestId>dbd9315c-f6e0-4ba7-8d60-af3870505eb4</RequestId>
  |   </ResponseMetadata>
  | </PutRolePolicyResponse>
   http.response.header.content_type=text/xml http.response.header.x_amzn_requestid=dbd9315c-f6e0-4ba7-8d60-af3870505eb4 @caller=github.com/hashicorp/aws-sdk-go-base/v2@v2.0.0-beta.65/logging/tf_logger.go:45 @module=aws aws.region=us-east-1 http.duration=167 rpc.method=PutRolePolicy rpc.service=IAM tf_aws.sdk=aws-sdk-go-v2 tf_aws.signing_region="" http.response_content_length=206 http.status_code=200 rpc.system=aws-api tf_mux_provider="*schema.GRPCProviderServer" tf_provider_addr=registry.terraform.io/hashicorp/aws tf_req_id=eeffd37a-dc65-181e-3e1c-7ba495c98ca9 tf_rpc=ApplyResourceChange http.response.header.date="Fri, 15 May 2026 23:36:07 GMT" tf_resource_type=aws_iam_role_policy timestamp=2026-05-15T17:36:07.220-0600
2026-05-15T17:36:07.221-0600 [DEBUG] provider.terraform-provider-aws_v5.100.0_x5: [DEBUG] Waiting for state to become: [success]
2026-05-15T17:36:07.221-0600 [DEBUG] provider.terraform-provider-aws_v5.100.0_x5: HTTP Request Sent: tf_resource_type=aws_iam_role_policy http.url=https://iam.amazonaws.com/ rpc.method=GetRolePolicy rpc.system=aws-api tf_aws.signing_region="" tf_mux_provider="*schema.GRPCProviderServer" tf_req_id=eeffd37a-dc65-181e-3e1c-7ba495c98ca9 tf_rpc=ApplyResourceChange @module=aws aws.region=us-east-1
  http.request.body=
  | Action=GetRolePolicy&PolicyName=waste-classifier-dev-glue-crawler-policy&RoleName=waste-classifier-dev-glue-crawler-role&Version=2010-05-08
   http.request.header.authorization="AWS4-HMAC-SHA256 Credential=ASIA************3UTS/20260515/us-east-1/iam/aws4_request, SignedHeaders=amz-sdk-invocation-id;amz-sdk-request;content-length;content-type;host;x-amz-date;x-amz-security-token, Signature=*****" http.request.header.content_type=application/x-www-form-urlencoded http.request.header.x_amz_date=20260515T233607Z rpc.service=IAM @caller=github.com/hashicorp/aws-sdk-go-base/v2@v2.0.0-beta.65/logging/tf_logger.go:45 http.request.header.amz_sdk_invocation_id=8590ee33-a851-4ef8-a7c9-918fea145d75 http.request.header.amz_sdk_request="attempt=1; max=25" http.request_content_length=139 net.peer.name=iam.amazonaws.com tf_aws.sdk=aws-sdk-go-v2 tf_provider_addr=registry.terraform.io/hashicorp/aws http.method=POST http.request.header.x_amz_security_token="*****" http.user_agent="APN/1.0 HashiCorp/1.0 Terraform/1.14.8 (+https://www.terraform.io) terraform-provider-aws/5.100.0 (+https://registry.terraform.io/providers/hashicorp/aws) aws-sdk-go-v2/1.36.3 ua/2.1 os/linux lang/go#1.23.10 md/GOOS#linux md/GOARCH#amd64 api/iam#1.42.0 m/g" timestamp=2026-05-15T17:36:07.221-0600
2026-05-15T17:36:07.244-0600 [DEBUG] provider.terraform-provider-aws_v5.100.0_x5: HTTP Response Received: http.duration=117 http.response.header.content_type=text/xml http.response.header.date="Fri, 15 May 2026 23:36:07 GMT" http.response.header.x_amzn_requestid=c507b6b3-92f3-4d53-88d2-429d475ec9a5 http.response_content_length=1192 rpc.system=aws-api @caller=github.com/hashicorp/aws-sdk-go-base/v2@v2.0.0-beta.65/logging/tf_logger.go:45 @module=aws rpc.service=IAM tf_req_id=7a696506-2dea-dd2c-e42f-a27a612495a7 tf_resource_type=aws_iam_role_policy rpc.method=GetRolePolicy http.status_code=200 tf_aws.signing_region="" tf_mux_provider="*schema.GRPCProviderServer" aws.region=us-east-1
  http.response.body=
  | <GetRolePolicyResponse xmlns="https://iam.amazonaws.com/doc/2010-05-08/">
  |   <GetRolePolicyResult>
  |     <PolicyDocument>%7B%22Version%22%3A%222012-10-17%22%2C%22Statement%22%3A%5B%7B%22Action%22%3A%5B%22glue%3AStartCrawler%22%2C%22glue%3AGetCrawler%22%2C%22glue%3AStartJobRun%22%2C%22glue%3AGetJobRun%22%5D%2C%22Effect%22%3A%22Allow%22%2C%22Resource%22%3A%5B%22arn%3Aaws%3Aglue%3A%2A%3A%2A%3Acrawler%2Fwaste-classifier-dev-raw-crawler%22%2C%22arn%3Aaws%3Aglue%3A%2A%3A%2A%3Ajob%2Fwaste-classifier-dev-image-resize%22%5D%7D%2C%7B%22Action%22%3A%5B%22logs%3ACreateLogDelivery%22%2C%22logs%3AGetLogDelivery%22%2C%22logs%3AUpdateLogDelivery%22%2C%22logs%3ADeleteLogDelivery%22%2C%22logs%3AListLogDeliveries%22%2C%22logs%3APutResourcePolicy%22%2C%22logs%3ADescribeResourcePolicies%22%2C%22logs%3ADescribeLogGroups%22%5D%2C%22Effect%22%3A%22Allow%22%2C%22Resource%22%3A%22%2A%22%7D%5D%7D</PolicyDocument>
  |     <PolicyName>waste-classifier-dev-step-functions-policy</PolicyName>
  |     <RoleName>waste-classifier-dev-step-functions-role</RoleName>
  |   </GetRolePolicyResult>
  |   <ResponseMetadata>
  |     <RequestId>c507b6b3-92f3-4d53-88d2-429d475ec9a5</RequestId>
  |   </ResponseMetadata>
  | </GetRolePolicyResponse>
   tf_aws.sdk=aws-sdk-go-v2 tf_provider_addr=registry.terraform.io/hashicorp/aws tf_rpc=ApplyResourceChange timestamp=2026-05-15T17:36:07.244-0600
2026-05-15T17:36:07.244-0600 [DEBUG] provider.terraform-provider-aws_v5.100.0_x5: HTTP Request Sent: net.peer.name=iam.amazonaws.com
  http.request.body=
  | Action=GetRolePolicy&PolicyName=waste-classifier-dev-step-functions-policy&RoleName=waste-classifier-dev-step-functions-role&Version=2010-05-08
   http.request.header.authorization="AWS4-HMAC-SHA256 Credential=ASIA************3UTS/20260515/us-east-1/iam/aws4_request, SignedHeaders=amz-sdk-invocation-id;amz-sdk-request;content-length;content-type;host;x-amz-date;x-amz-security-token, Signature=*****" rpc.service=IAM rpc.system=aws-api tf_provider_addr=registry.terraform.io/hashicorp/aws http.request.header.x_amz_security_token="*****" http.request.header.amz_sdk_invocation_id=10204cac-cbd7-436f-a6f4-32f298caea1c http.request.header.amz_sdk_request="attempt=1; max=25" http.url=https://iam.amazonaws.com/ rpc.method=GetRolePolicy tf_aws.signing_region="" tf_mux_provider="*schema.GRPCProviderServer" tf_req_id=7a696506-2dea-dd2c-e42f-a27a612495a7 http.request_content_length=143 tf_aws.sdk=aws-sdk-go-v2 tf_resource_type=aws_iam_role_policy tf_rpc=ApplyResourceChange @caller=github.com/hashicorp/aws-sdk-go-base/v2@v2.0.0-beta.65/logging/tf_logger.go:45 @module=aws aws.region=us-east-1 http.method=POST http.request.header.content_type=application/x-www-form-urlencoded http.request.header.x_amz_date=20260515T233607Z http.user_agent="APN/1.0 HashiCorp/1.0 Terraform/1.14.8 (+https://www.terraform.io) terraform-provider-aws/5.100.0 (+https://registry.terraform.io/providers/hashicorp/aws) aws-sdk-go-v2/1.36.3 ua/2.1 os/linux lang/go#1.23.10 md/GOOS#linux md/GOARCH#amd64 api/iam#1.42.0 m/g" timestamp=2026-05-15T17:36:07.244-0600
2026-05-15T17:36:07.347-0600 [DEBUG] provider.terraform-provider-aws_v5.100.0_x5: HTTP Response Received: @module=aws http.duration=123 http.response.header.date="Fri, 15 May 2026 23:36:07 GMT" http.response.header.x_amzn_requestid=3f6cc4da-6c62-426b-8b3b-5a3ab32177de http.response_content_length=1400 rpc.method=GetRolePolicy tf_aws.sdk=aws-sdk-go-v2 aws.region=us-east-1 http.response.header.content_type=text/xml http.status_code=200 rpc.system=aws-api tf_aws.signing_region="" tf_provider_addr=registry.terraform.io/hashicorp/aws tf_req_id=eeffd37a-dc65-181e-3e1c-7ba495c98ca9
  http.response.body=
  | <GetRolePolicyResponse xmlns="https://iam.amazonaws.com/doc/2010-05-08/">
  |   <GetRolePolicyResult>
  |     <PolicyDocument>%7B%22Version%22%3A%222012-10-17%22%2C%22Statement%22%3A%5B%7B%22Action%22%3A%5B%22s3%3AGetObject%22%2C%22s3%3AListBucket%22%5D%2C%22Effect%22%3A%22Allow%22%2C%22Resource%22%3A%5B%22arn%3Aaws%3As3%3A%3A%3Awaste-classifier-dev-raw-v3%22%2C%22arn%3Aaws%3As3%3A%3A%3Awaste-classifier-dev-raw-v3%2F%2A%22%5D%7D%2C%7B%22Action%22%3A%5B%22glue%3AGetDatabase%22%2C%22glue%3AGetDatabases%22%2C%22glue%3ACreateTable%22%2C%22glue%3AGetTable%22%2C%22glue%3AGetTables%22%2C%22glue%3AUpdateTable%22%2C%22glue%3ADeleteTable%22%2C%22glue%3ABatchCreatePartition%22%2C%22glue%3ACreatePartition%22%2C%22glue%3AUpdatePartition%22%2C%22glue%3ADeletePartition%22%2C%22glue%3AGetPartition%22%2C%22glue%3AGetPartitions%22%5D%2C%22Effect%22%3A%22Allow%22%2C%22Resource%22%3A%22%2A%22%7D%2C%7B%22Action%22%3A%5B%22logs%3ACreateLogGroup%22%2C%22logs%3ACreateLogStream%22%2C%22logs%3APutLogEvents%22%5D%2C%22Effect%22%3A%22Allow%22%2C%22Resource%22%3A%22arn%3Aaws%3Alogs%3A%2A%3A%2A%3A%2A%22%7D%5D%7D</PolicyDocument>
  |     <PolicyName>waste-classifier-dev-glue-crawler-policy</PolicyName>
  |     <RoleName>waste-classifier-dev-glue-crawler-role</RoleName>
  |   </GetRolePolicyResult>
  |   <ResponseMetadata>
  |     <RequestId>3f6cc4da-6c62-426b-8b3b-5a3ab32177de</RequestId>
  |   </ResponseMetadata>
  | </GetRolePolicyResponse>
   rpc.service=IAM tf_mux_provider="*schema.GRPCProviderServer" @caller=github.com/hashicorp/aws-sdk-go-base/v2@v2.0.0-beta.65/logging/tf_logger.go:45 tf_resource_type=aws_iam_role_policy tf_rpc=ApplyResourceChange timestamp=2026-05-15T17:36:07.346-0600
2026-05-15T17:36:07.347-0600 [DEBUG] provider.terraform-provider-aws_v5.100.0_x5: HTTP Request Sent: http.request_content_length=139 http.user_agent="APN/1.0 HashiCorp/1.0 Terraform/1.14.8 (+https://www.terraform.io) terraform-provider-aws/5.100.0 (+https://registry.terraform.io/providers/hashicorp/aws) aws-sdk-go-v2/1.36.3 ua/2.1 os/linux lang/go#1.23.10 md/GOOS#linux md/GOARCH#amd64 api/iam#1.42.0 m/g" tf_aws.signing_region="" tf_rpc=ApplyResourceChange @caller=github.com/hashicorp/aws-sdk-go-base/v2@v2.0.0-beta.65/logging/tf_logger.go:45 @module=aws aws.region=us-east-1 http.request.header.amz_sdk_invocation_id=6f7ef885-6448-4fab-b725-79de2dfb0f2e http.request.header.amz_sdk_request="attempt=1; max=25" http.request.header.content_type=application/x-www-form-urlencoded http.url=https://iam.amazonaws.com/ tf_aws.sdk=aws-sdk-go-v2
  http.request.body=
  | Action=GetRolePolicy&PolicyName=waste-classifier-dev-glue-crawler-policy&RoleName=waste-classifier-dev-glue-crawler-role&Version=2010-05-08
   http.request.header.authorization="AWS4-HMAC-SHA256 Credential=ASIA************3UTS/20260515/us-east-1/iam/aws4_request, SignedHeaders=amz-sdk-invocation-id;amz-sdk-request;content-length;content-type;host;x-amz-date;x-amz-security-token, Signature=*****" http.request.header.x_amz_date=20260515T233607Z http.request.header.x_amz_security_token="*****" rpc.method=GetRolePolicy http.method=POST net.peer.name=iam.amazonaws.com rpc.service=IAM rpc.system=aws-api tf_mux_provider="*schema.GRPCProviderServer" tf_provider_addr=registry.terraform.io/hashicorp/aws tf_req_id=eeffd37a-dc65-181e-3e1c-7ba495c98ca9 tf_resource_type=aws_iam_role_policy timestamp=2026-05-15T17:36:07.347-0600
2026-05-15T17:36:07.350-0600 [DEBUG] provider.terraform-provider-aws_v5.100.0_x5: HTTP Response Received: http.duration=104 http.response.header.x_amzn_requestid=5acb538e-f29e-485e-9ead-e9abe97ea342 rpc.service=IAM tf_aws.signing_region="" tf_mux_provider="*schema.GRPCProviderServer" tf_resource_type=aws_iam_role_policy @module=aws http.response.header.date="Fri, 15 May 2026 23:36:07 GMT" http.status_code=200 rpc.system=aws-api tf_aws.sdk=aws-sdk-go-v2 tf_provider_addr=registry.terraform.io/hashicorp/aws @caller=github.com/hashicorp/aws-sdk-go-base/v2@v2.0.0-beta.65/logging/tf_logger.go:45 aws.region=us-east-1 http.response.header.content_type=text/xml http.response_content_length=1192 rpc.method=GetRolePolicy tf_rpc=ApplyResourceChange
  http.response.body=
  | <GetRolePolicyResponse xmlns="https://iam.amazonaws.com/doc/2010-05-08/">
  |   <GetRolePolicyResult>
  |     <PolicyDocument>%7B%22Version%22%3A%222012-10-17%22%2C%22Statement%22%3A%5B%7B%22Action%22%3A%5B%22glue%3AStartCrawler%22%2C%22glue%3AGetCrawler%22%2C%22glue%3AStartJobRun%22%2C%22glue%3AGetJobRun%22%5D%2C%22Effect%22%3A%22Allow%22%2C%22Resource%22%3A%5B%22arn%3Aaws%3Aglue%3A%2A%3A%2A%3Acrawler%2Fwaste-classifier-dev-raw-crawler%22%2C%22arn%3Aaws%3Aglue%3A%2A%3A%2A%3Ajob%2Fwaste-classifier-dev-image-resize%22%5D%7D%2C%7B%22Action%22%3A%5B%22logs%3ACreateLogDelivery%22%2C%22logs%3AGetLogDelivery%22%2C%22logs%3AUpdateLogDelivery%22%2C%22logs%3ADeleteLogDelivery%22%2C%22logs%3AListLogDeliveries%22%2C%22logs%3APutResourcePolicy%22%2C%22logs%3ADescribeResourcePolicies%22%2C%22logs%3ADescribeLogGroups%22%5D%2C%22Effect%22%3A%22Allow%22%2C%22Resource%22%3A%22%2A%22%7D%5D%7D</PolicyDocument>
  |     <PolicyName>waste-classifier-dev-step-functions-policy</PolicyName>
  |     <RoleName>waste-classifier-dev-step-functions-role</RoleName>
  |   </GetRolePolicyResult>
  |   <ResponseMetadata>
  |     <RequestId>5acb538e-f29e-485e-9ead-e9abe97ea342</RequestId>
  |   </ResponseMetadata>
  | </GetRolePolicyResponse>
   tf_req_id=7a696506-2dea-dd2c-e42f-a27a612495a7 timestamp=2026-05-15T17:36:07.350-0600
[0m[1maws_iam_role_policy.step_functions_policy: Creation complete after 0s [id=waste-classifier-dev-step-functions-role:waste-classifier-dev-step-functions-policy][0m
2026-05-15T17:36:07.352-0600 [DEBUG] State storage *statemgr.Filesystem declined to persist a state snapshot
2026-05-15T17:36:07.367-0600 [DEBUG] provider.terraform-provider-aws_v5.100.0_x5: HTTP Response Received: rpc.service=IAM tf_aws.sdk=aws-sdk-go-v2 tf_aws.signing_region="" tf_provider_addr=registry.terraform.io/hashicorp/aws tf_req_id=0aa535b3-ff7a-1895-83fb-f594879f06bc
  http.response.body=
  | <GetRolePolicyResponse xmlns="https://iam.amazonaws.com/doc/2010-05-08/">
  |   <GetRolePolicyResult>
  |     <PolicyDocument>%7B%22Version%22%3A%222012-10-17%22%2C%22Statement%22%3A%5B%7B%22Action%22%3A%5B%22logs%3ACreateLogGroup%22%2C%22logs%3ACreateLogStream%22%2C%22logs%3APutLogEvents%22%5D%2C%22Effect%22%3A%22Allow%22%2C%22Resource%22%3A%22arn%3Aaws%3Alogs%3A%2A%3A%2A%3A%2A%22%7D%2C%7B%22Action%22%3A%5B%22s3%3AGetObject%22%2C%22s3%3APutObject%22%2C%22s3%3AListBucket%22%5D%2C%22Effect%22%3A%22Allow%22%2C%22Resource%22%3A%5B%22arn%3Aaws%3As3%3A%3A%3Awaste-classifier-dev-raw-v3%22%2C%22arn%3Aaws%3As3%3A%3A%3Awaste-classifier-dev-raw-v3%2F%2A%22%2C%22arn%3Aaws%3As3%3A%3A%3Awaste-classifier-dev-processed-v3%22%2C%22arn%3Aaws%3As3%3A%3A%3Awaste-classifier-dev-processed-v3%2F%2A%22%2C%22arn%3Aaws%3As3%3A%3A%3Awaste-classifier-dev-code-v3%22%2C%22arn%3Aaws%3As3%3A%3A%3Awaste-classifier-dev-code-v3%2F%2A%22%5D%7D%5D%7D</PolicyDocument>
  |     <PolicyName>waste-classifier-dev-glue-job-policy</PolicyName>
  |     <RoleName>waste-classifier-dev-glue-job-role</RoleName>
  |   </GetRolePolicyResult>
  |   <ResponseMetadata>
  |     <RequestId>9baa3b4e-4058-44c3-81be-60944cc6438b</RequestId>
  |   </ResponseMetadata>
  | </GetRolePolicyResponse>
   tf_mux_provider="*schema.GRPCProviderServer" tf_resource_type=aws_iam_role_policy tf_rpc=ApplyResourceChange http.duration=148 http.response_content_length=1221 rpc.system=aws-api rpc.method=GetRolePolicy @caller=github.com/hashicorp/aws-sdk-go-base/v2@v2.0.0-beta.65/logging/tf_logger.go:45 aws.region=us-east-1 http.response.header.content_type=text/xml http.response.header.date="Fri, 15 May 2026 23:36:07 GMT" http.response.header.x_amzn_requestid=9baa3b4e-4058-44c3-81be-60944cc6438b @module=aws http.status_code=200 timestamp=2026-05-15T17:36:07.367-0600
[0m[1mmodule.data_eng.aws_iam_role_policy.glue_job_policy: Creation complete after 0s [id=waste-classifier-dev-glue-job-role:waste-classifier-dev-glue-job-policy][0m
2026-05-15T17:36:07.369-0600 [DEBUG] State storage *statemgr.Filesystem declined to persist a state snapshot
2026-05-15T17:36:07.458-0600 [DEBUG] provider.terraform-provider-aws_v5.100.0_x5: HTTP Response Received: http.response.header.content_type=text/xml http.status_code=200 rpc.service=IAM rpc.system=aws-api tf_mux_provider="*schema.GRPCProviderServer" tf_resource_type=aws_iam_role_policy aws.region=us-east-1 http.duration=111 http.response.header.x_amzn_requestid=218ef177-efdc-44fb-9705-80a6783d24e2 rpc.method=GetRolePolicy tf_aws.sdk=aws-sdk-go-v2 tf_provider_addr=registry.terraform.io/hashicorp/aws http.response_content_length=1400 @caller=github.com/hashicorp/aws-sdk-go-base/v2@v2.0.0-beta.65/logging/tf_logger.go:45
  http.response.body=
  | <GetRolePolicyResponse xmlns="https://iam.amazonaws.com/doc/2010-05-08/">
  |   <GetRolePolicyResult>
  |     <PolicyDocument>%7B%22Version%22%3A%222012-10-17%22%2C%22Statement%22%3A%5B%7B%22Action%22%3A%5B%22s3%3AGetObject%22%2C%22s3%3AListBucket%22%5D%2C%22Effect%22%3A%22Allow%22%2C%22Resource%22%3A%5B%22arn%3Aaws%3As3%3A%3A%3Awaste-classifier-dev-raw-v3%22%2C%22arn%3Aaws%3As3%3A%3A%3Awaste-classifier-dev-raw-v3%2F%2A%22%5D%7D%2C%7B%22Action%22%3A%5B%22glue%3AGetDatabase%22%2C%22glue%3AGetDatabases%22%2C%22glue%3ACreateTable%22%2C%22glue%3AGetTable%22%2C%22glue%3AGetTables%22%2C%22glue%3AUpdateTable%22%2C%22glue%3ADeleteTable%22%2C%22glue%3ABatchCreatePartition%22%2C%22glue%3ACreatePartition%22%2C%22glue%3AUpdatePartition%22%2C%22glue%3ADeletePartition%22%2C%22glue%3AGetPartition%22%2C%22glue%3AGetPartitions%22%5D%2C%22Effect%22%3A%22Allow%22%2C%22Resource%22%3A%22%2A%22%7D%2C%7B%22Action%22%3A%5B%22logs%3ACreateLogGroup%22%2C%22logs%3ACreateLogStream%22%2C%22logs%3APutLogEvents%22%5D%2C%22Effect%22%3A%22Allow%22%2C%22Resource%22%3A%22arn%3Aaws%3Alogs%3A%2A%3A%2A%3A%2A%22%7D%5D%7D</PolicyDocument>
  |     <PolicyName>waste-classifier-dev-glue-crawler-policy</PolicyName>
  |     <RoleName>waste-classifier-dev-glue-crawler-role</RoleName>
  |   </GetRolePolicyResult>
  |   <ResponseMetadata>
  |     <RequestId>218ef177-efdc-44fb-9705-80a6783d24e2</RequestId>
  |   </ResponseMetadata>
  | </GetRolePolicyResponse>
   http.response.header.date="Fri, 15 May 2026 23:36:07 GMT" tf_aws.signing_region="" tf_req_id=eeffd37a-dc65-181e-3e1c-7ba495c98ca9 tf_rpc=ApplyResourceChange @module=aws timestamp=2026-05-15T17:36:07.458-0600
[0m[1mmodule.data_eng.aws_iam_role_policy.glue_crawler_policy: Creation complete after 0s [id=waste-classifier-dev-glue-crawler-role:waste-classifier-dev-glue-crawler-policy][0m
2026-05-15T17:36:07.461-0600 [DEBUG] State storage *statemgr.Filesystem declined to persist a state snapshot
[0m[1maws_s3_bucket_notification.raw_bucket_notifications: Still creating... [00m40s elapsed][0m[0m
[0m[1maws_cloudwatch_log_group.step_functions: Still creating... [00m40s elapsed][0m[0m
2026-05-15T17:36:12.187-0600 [DEBUG] provider.terraform-provider-aws_v5.100.0_x5: retrying request CloudWatch Logs/CreateLogGroup, attempt 5: tf_resource_type=aws_cloudwatch_log_group rpc.method=CreateLogGroup tf_aws.sdk=aws-sdk-go-v2 tf_mux_provider="*schema.GRPCProviderServer" tf_rpc=ApplyResourceChange @module=aws aws.region=us-east-1 @caller=github.com/hashicorp/aws-sdk-go-base/v2@v2.0.0-beta.65/logging/tf_logger.go:45 rpc.service="CloudWatch Logs" tf_provider_addr=registry.terraform.io/hashicorp/aws tf_req_id=98d89b74-3576-fc8b-8ff3-50119b180926 rpc.system=aws-api timestamp=2026-05-15T17:36:12.187-0600
2026-05-15T17:36:12.187-0600 [DEBUG] provider.terraform-provider-aws_v5.100.0_x5: HTTP Request Sent:
  http.request.body=
  | {"logGroupName":"/aws/states/waste-classifier-dev-etl-orchestration"}
   http.resend_count=5 rpc.system=aws-api tf_aws.sdk=aws-sdk-go-v2 http.url=https://logs.us-east-1.amazonaws.com/ http.method=POST http.request.header.content_type=application/x-amz-json-1.1 http.request_content_length=69 http.user_agent="APN/1.0 HashiCorp/1.0 Terraform/1.14.8 (+https://www.terraform.io) terraform-provider-aws/5.100.0 (+https://registry.terraform.io/providers/hashicorp/aws) aws-sdk-go-v2/1.36.3 ua/2.1 os/linux lang/go#1.23.10 md/GOOS#linux md/GOARCH#amd64 api/cloudwatchlogs#1.50.1 m/g" rpc.method=CreateLogGroup tf_provider_addr=registry.terraform.io/hashicorp/aws tf_req_id=98d89b74-3576-fc8b-8ff3-50119b180926 tf_rpc=ApplyResourceChange @caller=github.com/hashicorp/aws-sdk-go-base/v2@v2.0.0-beta.65/logging/tf_logger.go:45 aws.region=us-east-1 http.request.header.amz_sdk_invocation_id=bcf699da-6ad5-4b26-977f-b24ce91748f7 http.request.header.x_amz_date=20260515T233612Z @module=aws http.request.header.authorization="AWS4-HMAC-SHA256 Credential=ASIA************3UTS/20260515/us-east-1/logs/aws4_request, SignedHeaders=amz-sdk-invocation-id;amz-sdk-request;content-length;content-type;host;x-amz-date;x-amz-security-token;x-amz-target, Signature=*****" http.request.header.x_amz_security_token="*****" rpc.service="CloudWatch Logs" tf_resource_type=aws_cloudwatch_log_group http.request.header.amz_sdk_request="attempt=5; max=25" http.request.header.x_amz_target=Logs_20140328.CreateLogGroup net.peer.name=logs.us-east-1.amazonaws.com tf_mux_provider="*schema.GRPCProviderServer" tf_aws.signing_region="" timestamp=2026-05-15T17:36:12.187-0600
2026-05-15T17:36:12.248-0600 [DEBUG] provider.terraform-provider-aws_v5.100.0_x5: HTTP Request Sent: tf_aws.signing_region="" @module=aws rpc.system=aws-api tf_mux_provider="*schema.GRPCProviderServer" tf_provider_addr=registry.terraform.io/hashicorp/aws tf_req_id=7977b6b5-07e5-6363-610a-529ccd880c1d
  http.request.body=
  | <NotificationConfiguration xmlns="http://s3.amazonaws.com/doc/2006-03-01/"><EventBridgeConfiguration></EventBridgeConfiguration></NotificationConfiguration>
   http.request.header.accept_encoding=identity http.request.header.x_amz_date=20260515T233612Z http.url=https://waste-classifier-dev-raw.s3.amazonaws.com/?notification= net.peer.name=waste-classifier-dev-raw.s3.amazonaws.com tf_resource_type=aws_s3_bucket_notification @caller=github.com/hashicorp/aws-sdk-go-base/v2@v2.0.0-beta.65/logging/tf_logger.go:45 http.request.header.content_type=application/xml aws.region=aws-global http.request.header.authorization="AWS4-HMAC-SHA256 Credential=ASIA************3UTS/20260515/us-east-1/s3/aws4_request, SignedHeaders=accept-encoding;amz-sdk-invocation-id;amz-sdk-request;content-length;content-type;host;x-amz-content-sha256;x-amz-date;x-amz-security-token, Signature=*****" rpc.service=S3 tf_aws.sdk=aws-sdk-go-v2 http.request_content_length=156 tf_rpc=ApplyResourceChange http.method=PUT http.request.header.amz_sdk_request="attempt=1; max=25" http.request.header.x_amz_security_token="*****" rpc.method=PutBucketNotificationConfiguration http.request.header.amz_sdk_invocation_id=09ddacda-46ce-42e1-b2f2-c29549f99f97 http.request.header.x_amz_content_sha256=88f2e83f368ad7ee1b2859512539a8e91caea5a7fd35809bb7ae3733054bd897 http.user_agent="APN/1.0 HashiCorp/1.0 Terraform/1.14.8 (+https://www.terraform.io) terraform-provider-aws/5.100.0 (+https://registry.terraform.io/providers/hashicorp/aws) aws-sdk-go-v2/1.36.3 ua/2.1 os/linux lang/go#1.23.10 md/GOOS#linux md/GOARCH#amd64 api/s3#1.80.1 m/g" timestamp=2026-05-15T17:36:12.248-0600
2026-05-15T17:36:12.557-0600 [DEBUG] provider.terraform-provider-aws_v5.100.0_x5: HTTP Response Received: http.response.header.content_type=application/xml http.response.header.date="Fri, 15 May 2026 23:36:11 GMT" tf_aws.sdk=aws-sdk-go-v2 http.status_code=404 @caller=github.com/hashicorp/aws-sdk-go-base/v2@v2.0.0-beta.65/logging/tf_logger.go:45 @module=aws aws.region=aws-global http.response.header.x_amz_id_2="2yVzYqhJyqrk/Pd4pkH2c4GNzMyLmME9a/xAOtMA4AvXT1bRuHFD5lEPJb3StlVGxE2D/2wF+ho=" http.response.header.x_amz_request_id=SY5AD2TVHCP5MDJ0 http.duration=308 http.response.header.server=AmazonS3 rpc.service=S3 rpc.system=aws-api tf_mux_provider="*schema.GRPCProviderServer" tf_provider_addr=registry.terraform.io/hashicorp/aws tf_resource_type=aws_s3_bucket_notification
  http.response.body=
  | <?xml version="1.0" encoding="UTF-8"?>
  | <Error><Code>NoSuchBucket</Code><Message>The specified bucket does not exist</Message><BucketName>waste-classifier-dev-raw</BucketName><RequestId>SY5AD2TVHCP5MDJ0</RequestId><HostId>2yVzYqhJyqrk/Pd4pkH2c4GNzMyLmME9a/xAOtMA4AvXT1bRuHFD5lEPJb3StlVGxE2D/2wF+ho=</HostId></Error>
   rpc.method=PutBucketNotificationConfiguration tf_aws.signing_region="" tf_req_id=7977b6b5-07e5-6363-610a-529ccd880c1d tf_rpc=ApplyResourceChange timestamp=2026-05-15T17:36:12.556-0600
2026-05-15T17:36:12.557-0600 [DEBUG] provider.terraform-provider-aws_v5.100.0_x5: request failed with unretryable error https response error StatusCode: 404, RequestID: SY5AD2TVHCP5MDJ0, HostID: 2yVzYqhJyqrk/Pd4pkH2c4GNzMyLmME9a/xAOtMA4AvXT1bRuHFD5lEPJb3StlVGxE2D/2wF+ho=, api error NoSuchBucket: The specified bucket does not exist: rpc.system=aws-api tf_req_id=7977b6b5-07e5-6363-610a-529ccd880c1d tf_provider_addr=registry.terraform.io/hashicorp/aws tf_resource_type=aws_s3_bucket_notification @caller=github.com/hashicorp/aws-sdk-go-base/v2@v2.0.0-beta.65/logging/tf_logger.go:45 @module=aws aws.region=aws-global tf_aws.sdk=aws-sdk-go-v2 rpc.method=PutBucketNotificationConfiguration rpc.service=S3 tf_mux_provider="*schema.GRPCProviderServer" tf_rpc=ApplyResourceChange timestamp=2026-05-15T17:36:12.557-0600
2026-05-15T17:36:16.871-0600 [DEBUG] provider.terraform-provider-aws_v5.100.0_x5: HTTP Response Received: @module=aws http.duration=4683 http.response.body="" http.response.header.x_amzn_requestid=d8a3bde7-e037-44a0-b415-15e0af6d7032 rpc.system=aws-api tf_aws.signing_region="" aws.region=us-east-1 http.response.header.date="Fri, 15 May 2026 23:36:16 GMT" rpc.service="CloudWatch Logs" tf_mux_provider="*schema.GRPCProviderServer" tf_req_id=98d89b74-3576-fc8b-8ff3-50119b180926 tf_rpc=ApplyResourceChange @caller=github.com/hashicorp/aws-sdk-go-base/v2@v2.0.0-beta.65/logging/tf_logger.go:45 rpc.method=CreateLogGroup tf_provider_addr=registry.terraform.io/hashicorp/aws http.response.header.content_type=application/x-amz-json-1.1 http.status_code=200 tf_aws.sdk=aws-sdk-go-v2 tf_resource_type=aws_cloudwatch_log_group timestamp=2026-05-15T17:36:16.871-0600
2026-05-15T17:36:16.871-0600 [DEBUG] provider.terraform-provider-aws_v5.100.0_x5: [DEBUG] Waiting for state to become: [success]
2026-05-15T17:36:16.872-0600 [DEBUG] provider.terraform-provider-aws_v5.100.0_x5: HTTP Request Sent: http.method=POST tf_mux_provider="*schema.GRPCProviderServer" tf_resource_type=aws_cloudwatch_log_group http.user_agent="APN/1.0 HashiCorp/1.0 Terraform/1.14.8 (+https://www.terraform.io) terraform-provider-aws/5.100.0 (+https://registry.terraform.io/providers/hashicorp/aws) aws-sdk-go-v2/1.36.3 ua/2.1 os/linux lang/go#1.23.10 md/GOOS#linux md/GOARCH#amd64 api/cloudwatchlogs#1.50.1 m/g" tf_aws.sdk=aws-sdk-go-v2 tf_req_id=98d89b74-3576-fc8b-8ff3-50119b180926 @module=aws http.request.header.amz_sdk_request="attempt=1; max=25" http.url=https://logs.us-east-1.amazonaws.com/ rpc.method=PutRetentionPolicy http.request.header.authorization="AWS4-HMAC-SHA256 Credential=ASIA************3UTS/20260515/us-east-1/logs/aws4_request, SignedHeaders=amz-sdk-invocation-id;amz-sdk-request;content-length;content-type;host;x-amz-date;x-amz-security-token;x-amz-target, Signature=*****" http.request.header.content_type=application/x-amz-json-1.1 http.request.header.x_amz_date=20260515T233616Z http.request.header.x_amz_security_token="*****" rpc.system=aws-api tf_aws.signing_region="" http.request.header.amz_sdk_invocation_id=c49ead13-aea9-4b64-acd1-d8dfc5b0ca9e http.request.header.x_amz_target=Logs_20140328.PutRetentionPolicy http.request_content_length=90 tf_provider_addr=registry.terraform.io/hashicorp/aws tf_rpc=ApplyResourceChange @caller=github.com/hashicorp/aws-sdk-go-base/v2@v2.0.0-beta.65/logging/tf_logger.go:45 aws.region=us-east-1
  http.request.body=
  | {"logGroupName":"/aws/states/waste-classifier-dev-etl-orchestration","retentionInDays":14}
   net.peer.name=logs.us-east-1.amazonaws.com rpc.service="CloudWatch Logs" timestamp=2026-05-15T17:36:16.871-0600
2026-05-15T17:36:16.989-0600 [DEBUG] provider.terraform-provider-aws_v5.100.0_x5: HTTP Response Received: http.response.header.date="Fri, 15 May 2026 23:36:16 GMT" http.response.header.x_amzn_requestid=6d908fb9-4202-4965-9a2c-b56b8a259f4e rpc.service="CloudWatch Logs" @module=aws http.duration=117 http.response.body="" http.response.header.content_type=application/x-amz-json-1.1 http.status_code=200 rpc.system=aws-api tf_aws.signing_region="" @caller=github.com/hashicorp/aws-sdk-go-base/v2@v2.0.0-beta.65/logging/tf_logger.go:45 aws.region=us-east-1 rpc.method=PutRetentionPolicy tf_aws.sdk=aws-sdk-go-v2 tf_req_id=98d89b74-3576-fc8b-8ff3-50119b180926 tf_mux_provider="*schema.GRPCProviderServer" tf_provider_addr=registry.terraform.io/hashicorp/aws tf_resource_type=aws_cloudwatch_log_group tf_rpc=ApplyResourceChange timestamp=2026-05-15T17:36:16.988-0600
2026-05-15T17:36:16.989-0600 [DEBUG] provider.terraform-provider-aws_v5.100.0_x5: HTTP Request Sent: http.request.header.x_amz_security_token="*****" rpc.system=aws-api tf_aws.signing_region=""
  http.request.body=
  | {"logGroupNamePrefix":"/aws/states/waste-classifier-dev-etl-orchestration"}
   http.request.header.amz_sdk_request="attempt=1; max=25" http.request.header.authorization="AWS4-HMAC-SHA256 Credential=ASIA************3UTS/20260515/us-east-1/logs/aws4_request, SignedHeaders=amz-sdk-invocation-id;amz-sdk-request;content-length;content-type;host;x-amz-date;x-amz-security-token;x-amz-target, Signature=*****" http.request.header.x_amz_date=20260515T233616Z http.request_content_length=75 rpc.method=DescribeLogGroups tf_rpc=ApplyResourceChange @module=aws http.request.header.content_type=application/x-amz-json-1.1 @caller=github.com/hashicorp/aws-sdk-go-base/v2@v2.0.0-beta.65/logging/tf_logger.go:45 tf_resource_type=aws_cloudwatch_log_group http.method=POST http.request.header.amz_sdk_invocation_id=bca66af8-a76c-46d6-a546-ce2bfa975333 http.user_agent="APN/1.0 HashiCorp/1.0 Terraform/1.14.8 (+https://www.terraform.io) terraform-provider-aws/5.100.0 (+https://registry.terraform.io/providers/hashicorp/aws) aws-sdk-go-v2/1.36.3 ua/2.1 os/linux lang/go#1.23.10 md/GOOS#linux md/GOARCH#amd64 api/cloudwatchlogs#1.50.1 m/C,g" net.peer.name=logs.us-east-1.amazonaws.com rpc.service="CloudWatch Logs" tf_req_id=98d89b74-3576-fc8b-8ff3-50119b180926 http.url=https://logs.us-east-1.amazonaws.com/ tf_mux_provider="*schema.GRPCProviderServer" aws.region=us-east-1 tf_provider_addr=registry.terraform.io/hashicorp/aws http.request.header.x_amz_target=Logs_20140328.DescribeLogGroups tf_aws.sdk=aws-sdk-go-v2 timestamp=2026-05-15T17:36:16.989-0600
2026-05-15T17:36:17.101-0600 [DEBUG] provider.terraform-provider-aws_v5.100.0_x5: HTTP Response Received:
  http.response.body=
  | {"logGroups":[{"arn":"arn:aws:logs:us-east-1:979054355848:log-group:/aws/states/waste-classifier-dev-etl-orchestration:*","bearerTokenAuthenticationEnabled":false,"creationTime":1778888176730,"deletionProtectionEnabled":false,"logGroupArn":"arn:aws:logs:us-east-1:979054355848:log-group:/aws/states/waste-classifier-dev-etl-orchestration","logGroupClass":"STANDARD","logGroupName":"/aws/states/waste-classifier-dev-etl-orchestration","metricFilterCount":0,"retentionInDays":14,"storedBytes":0}]}
   http.response.header.content_type=application/x-amz-json-1.1 http.response_content_length=495 tf_mux_provider="*schema.GRPCProviderServer" tf_provider_addr=registry.terraform.io/hashicorp/aws tf_req_id=98d89b74-3576-fc8b-8ff3-50119b180926 tf_resource_type=aws_cloudwatch_log_group aws.region=us-east-1 http.response.header.x_amzn_requestid=d5c79551-c2df-4060-9a1a-0a12f5344e23 http.status_code=200 tf_aws.sdk=aws-sdk-go-v2 tf_aws.signing_region="" @module=aws @caller=github.com/hashicorp/aws-sdk-go-base/v2@v2.0.0-beta.65/logging/tf_logger.go:45 http.duration=112 http.response.header.date="Fri, 15 May 2026 23:36:16 GMT" rpc.method=DescribeLogGroups rpc.service="CloudWatch Logs" rpc.system=aws-api tf_rpc=ApplyResourceChange timestamp=2026-05-15T17:36:17.101-0600
2026-05-15T17:36:17.102-0600 [DEBUG] provider.terraform-provider-aws_v5.100.0_x5: HTTP Request Sent: @caller=github.com/hashicorp/aws-sdk-go-base/v2@v2.0.0-beta.65/logging/tf_logger.go:45 http.request.header.content_type=application/x-amz-json-1.1 http.request.header.x_amz_date=20260515T233617Z
  http.request.body=
  | {"resourceArn":"arn:aws:logs:us-east-1:979054355848:log-group:/aws/states/waste-classifier-dev-etl-orchestration"}
   http.request.header.authorization="AWS4-HMAC-SHA256 Credential=ASIA************3UTS/20260515/us-east-1/logs/aws4_request, SignedHeaders=amz-sdk-invocation-id;amz-sdk-request;content-length;content-type;host;x-amz-date;x-amz-security-token;x-amz-target, Signature=*****" http.request.header.x_amz_security_token="*****" http.url=https://logs.us-east-1.amazonaws.com/ rpc.service="CloudWatch Logs" rpc.system=aws-api tf_aws.signing_region="" tf_mux_provider="*schema.GRPCProviderServer" @module=aws aws.region=us-east-1 net.peer.name=logs.us-east-1.amazonaws.com rpc.method=ListTagsForResource tf_provider_addr=registry.terraform.io/hashicorp/aws tf_rpc=ApplyResourceChange http.request.header.x_amz_target=Logs_20140328.ListTagsForResource tf_aws.sdk=aws-sdk-go-v2 tf_req_id=98d89b74-3576-fc8b-8ff3-50119b180926 http.user_agent="APN/1.0 HashiCorp/1.0 Terraform/1.14.8 (+https://www.terraform.io) terraform-provider-aws/5.100.0 (+https://registry.terraform.io/providers/hashicorp/aws) aws-sdk-go-v2/1.36.3 ua/2.1 os/linux lang/go#1.23.10 md/GOOS#linux md/GOARCH#amd64 api/cloudwatchlogs#1.50.1 m/g" tf_resource_type=aws_cloudwatch_log_group http.request.header.amz_sdk_invocation_id=fe14e269-15e7-4bd3-b414-308c71a236ae http.method=POST http.request.header.amz_sdk_request="attempt=1; max=25" http.request_content_length=114 timestamp=2026-05-15T17:36:17.102-0600
2026-05-15T17:36:17.216-0600 [DEBUG] provider.terraform-provider-aws_v5.100.0_x5: HTTP Response Received: @caller=github.com/hashicorp/aws-sdk-go-base/v2@v2.0.0-beta.65/logging/tf_logger.go:45
  http.response.body=
  | {"tags":{}}
   http.response.header.content_type=application/x-amz-json-1.1 tf_provider_addr=registry.terraform.io/hashicorp/aws aws.region=us-east-1 http.duration=113 http.status_code=200 rpc.system=aws-api tf_resource_type=aws_cloudwatch_log_group http.response.header.date="Fri, 15 May 2026 23:36:17 GMT" http.response.header.x_amzn_requestid=855bfd57-a586-4727-b9b5-8573769f5837 rpc.method=ListTagsForResource rpc.service="CloudWatch Logs" tf_req_id=98d89b74-3576-fc8b-8ff3-50119b180926 @module=aws http.response_content_length=11 tf_aws.sdk=aws-sdk-go-v2 tf_aws.signing_region="" tf_mux_provider="*schema.GRPCProviderServer" tf_rpc=ApplyResourceChange timestamp=2026-05-15T17:36:17.216-0600
2026-05-15T17:36:17.216-0600 [WARN]  Provider "provider[\"registry.terraform.io/hashicorp/aws\"]" produced an unexpected new value for aws_cloudwatch_log_group.step_functions, but we are tolerating it because it is using the legacy plugin SDK.
    The following problems may be the cause of any confusing errors from downstream operations:
      - .kms_key_id: was null, but now cty.StringVal("")
[0m[1maws_cloudwatch_log_group.step_functions: Creation complete after 46s [id=/aws/states/waste-classifier-dev-etl-orchestration][0m
2026-05-15T17:36:17.219-0600 [DEBUG] State storage *statemgr.Filesystem declined to persist a state snapshot
2026-05-15T17:36:17.222-0600 [DEBUG] provider.terraform-provider-aws_v5.100.0_x5: HTTP Request Sent: http.method=POST
  http.request.body=
  | {"definition":"{\"Comment\":\"Run Glue crawler, wait for catalog refresh, then run the Glue job\",\"StartAt\":\"StartCrawler\",\"States\":{\"CrawlerFailed\":{\"Cause\":\"Glue crawler did not succeed\",\"Error\":\"CrawlerFailed\",\"Type\":\"Fail\"},\"CrawlerFinished\":{\"Choices\":[{\"Next\":\"StartGlueJob\",\"StringEquals\":\"READY\",\"Variable\":\"$.CrawlerStatus.Crawler.State\"}],\"Default\":\"CrawlerFailed\",\"Type\":\"Choice\"},\"CrawlerRunning\":{\"Choices\":[{\"Next\":\"WaitForCrawler\",\"StringEquals\":\"RUNNING\",\"Variable\":\"$.CrawlerStatus.Crawler.State\"},{\"Next\":\"WaitForCrawler\",\"StringEquals\":\"STOPPING\",\"Variable\":\"$.CrawlerStatus.Crawler.State\"}],\"Default\":\"CrawlerFinished\",\"Type\":\"Choice\"},\"GetCrawlerStatus\":{\"Next\":\"CrawlerRunning\",\"Parameters\":{\"Name\":\"waste-classifier-dev-raw-crawler\"},\"Resource\":\"arn:aws:states:::aws-sdk:glue:getCrawler\",\"ResultPath\":\"$.CrawlerStatus\",\"Type\":\"Task\"},\"GetJobStatus\":{\"Next\":\"JobRunning\",\"Parameters\":{\"JobName\":\"waste-classifier-dev-image-resize\",\"PredecessorsIncluded\":false,\"RunId.$\":\"$.JobStart.JobRunId\"},\"Resource\":\"arn:aws:states:::aws-sdk:glue:getJobRun\",\"ResultPath\":\"$.JobStatus\",\"Type\":\"Task\"},\"JobFailed\":{\"Cause\":\"Glue job did not succeed\",\"Error\":\"JobFailed\",\"Type\":\"Fail\"},\"JobRunning\":{\"Choices\":[{\"Next\":\"WaitForJob\",\"StringEquals\":\"RUNNING\",\"Variable\":\"$.JobStatus.JobRun.JobRunState\"},{\"Next\":\"WaitForJob\",\"StringEquals\":\"STARTING\",\"Variable\":\"$.JobStatus.JobRun.JobRunState\"}],\"Default\":\"JobSucceeded\",\"Type\":\"Choice\"},\"JobSucceeded\":{\"Choices\":[{\"Next\":\"PipelineSucceeded\",\"StringEquals\":\"SUCCEEDED\",\"Variable\":\"$.JobStatus.JobRun.JobRunState\"}],\"Default\":\"JobFailed\",\"Type\":\"Choice\"},\"PipelineSucceeded\":{\"Type\":\"Succeed\"},\"StartCrawler\":{\"Next\":\"WaitForCrawler\",\"Parameters\":{\"Name\":\"waste-classifier-dev-raw-crawler\"},\"Resource\":\"arn:aws:states:::aws-sdk:glue:startCrawler\",\"ResultPath\":\"$.CrawlerStart\",\"Type\":\"Task\"},\"StartGlueJob\":{\"Next\":\"WaitForJob\",\"Parameters\":{\"JobName\":\"waste-classifier-dev-image-resize\"},\"Resource\":\"arn:aws:states:::aws-sdk:glue:startJobRun\",\"ResultPath\":\"$.JobStart\",\"Type\":\"Task\"},\"WaitForCrawler\":{\"Next\":\"GetCrawlerStatus\",\"Seconds\":30,\"Type\":\"Wait\"},\"WaitForJob\":{\"Next\":\"GetJobStatus\",\"Seconds\":60,\"Type\":\"Wait\"}}}","type":"STANDARD"}
  | [truncated...]
   http.request.header.amz_sdk_invocation_id=dee22f69-f953-45c1-9f07-4fc02d491613 http.request.header.x_amz_security_token="*****" rpc.system=aws-api aws.region=us-east-1 tf_aws.sdk=aws-sdk-go-v2 http.request.header.amz_sdk_request="attempt=1; max=25" http.request.header.x_amz_date=20260515T233617Z http.request_content_length=2484 net.peer.name=states.us-east-1.amazonaws.com tf_resource_type=aws_sfn_state_machine rpc.service=SFN tf_provider_addr=registry.terraform.io/hashicorp/aws http.request.header.x_amz_target=AWSStepFunctions.ValidateStateMachineDefinition http.user_agent="APN/1.0 HashiCorp/1.0 Terraform/1.14.8 (+https://www.terraform.io) terraform-provider-aws/5.100.0 (+https://registry.terraform.io/providers/hashicorp/aws) aws-sdk-go-v2/1.36.3 ua/2.1 os/linux lang/go#1.23.10 md/GOOS#linux md/GOARCH#amd64 api/sfn#1.35.5 m/g" tf_mux_provider="*schema.GRPCProviderServer" tf_req_id=8c057880-eab0-f1ab-3c65-249b2d4fd121 @caller=github.com/hashicorp/aws-sdk-go-base/v2@v2.0.0-beta.65/logging/tf_logger.go:45 tf_aws.signing_region="" @module=aws http.request.header.authorization="AWS4-HMAC-SHA256 Credential=ASIA************3UTS/20260515/us-east-1/states/aws4_request, SignedHeaders=amz-sdk-invocation-id;amz-sdk-request;content-length;content-type;host;x-amz-date;x-amz-security-token;x-amz-target, Signature=*****" http.request.header.content_type=application/x-amz-json-1.0 http.url=https://states.us-east-1.amazonaws.com/ rpc.method=ValidateStateMachineDefinition tf_rpc=PlanResourceChange timestamp=2026-05-15T17:36:17.222-0600
2026-05-15T17:36:17.689-0600 [DEBUG] provider.terraform-provider-aws_v5.100.0_x5: HTTP Response Received: http.response.header.date="Fri, 15 May 2026 23:36:17 GMT" http.response.header.x_amzn_requestid=05eab1ab-3790-48ee-a309-3f271b34c6b6 tf_req_id=8c057880-eab0-f1ab-3c65-249b2d4fd121 tf_rpc=PlanResourceChange @caller=github.com/hashicorp/aws-sdk-go-base/v2@v2.0.0-beta.65/logging/tf_logger.go:45 @module=aws
  http.response.body=
  | {"diagnostics":[],"result":"OK","truncated":false}
   http.response.header.content_type=application/x-amz-json-1.0 http.response_content_length=50 tf_aws.sdk=aws-sdk-go-v2 tf_mux_provider="*schema.GRPCProviderServer" http.response.header.connection=keep-alive http.status_code=200 rpc.method=ValidateStateMachineDefinition rpc.system=aws-api tf_aws.signing_region="" aws.region=us-east-1 http.duration=466 rpc.service=SFN tf_provider_addr=registry.terraform.io/hashicorp/aws tf_resource_type=aws_sfn_state_machine timestamp=2026-05-15T17:36:17.689-0600
2026-05-15T17:36:17.690-0600 [WARN]  Provider "registry.terraform.io/hashicorp/aws" produced an invalid plan for aws_sfn_state_machine.etl_orchestration, but we are tolerating it because it is using the legacy plugin SDK.
    The following problems may be the cause of any confusing errors from downstream operations:
      - .type: planned value cty.StringVal("STANDARD") for a non-computed attribute
      - .publish: planned value cty.False for a non-computed attribute
      - .tracing_configuration: attribute representing nested block must not be unknown itself; set nested attribute values to unknown instead
      - .encryption_configuration: attribute representing nested block must not be unknown itself; set nested attribute values to unknown instead
[0m[1maws_sfn_state_machine.etl_orchestration: Creating...[0m[0m
2026-05-15T17:36:17.690-0600 [INFO]  Starting apply for aws_sfn_state_machine.etl_orchestration
2026-05-15T17:36:17.691-0600 [DEBUG] aws_sfn_state_machine.etl_orchestration: applying the planned Create change
2026-05-15T17:36:17.691-0600 [DEBUG] provider.terraform-provider-aws_v5.100.0_x5: [DEBUG] setting computed for "tags_all" from ComputedKeys
2026-05-15T17:36:17.691-0600 [DEBUG] provider.terraform-provider-aws_v5.100.0_x5: [DEBUG] setting computed for "tracing_configuration" from ComputedKeys
2026-05-15T17:36:17.691-0600 [DEBUG] provider.terraform-provider-aws_v5.100.0_x5: [DEBUG] setting computed for "encryption_configuration" from ComputedKeys
2026-05-15T17:36:17.692-0600 [DEBUG] provider.terraform-provider-aws_v5.100.0_x5: [DEBUG] Waiting for state to become: [success]
2026-05-15T17:36:17.692-0600 [DEBUG] provider.terraform-provider-aws_v5.100.0_x5: HTTP Request Sent: @module=aws aws.region=us-east-1 http.request.header.x_amz_date=20260515T233617Z tf_rpc=ApplyResourceChange
  http.request.body=
  | {"definition":"{\"Comment\":\"Run Glue crawler, wait for catalog refresh, then run the Glue job\",\"StartAt\":\"StartCrawler\",\"States\":{\"CrawlerFailed\":{\"Cause\":\"Glue crawler did not succeed\",\"Error\":\"CrawlerFailed\",\"Type\":\"Fail\"},\"CrawlerFinished\":{\"Choices\":[{\"Next\":\"StartGlueJob\",\"StringEquals\":\"READY\",\"Variable\":\"$.CrawlerStatus.Crawler.State\"}],\"Default\":\"CrawlerFailed\",\"Type\":\"Choice\"},\"CrawlerRunning\":{\"Choices\":[{\"Next\":\"WaitForCrawler\",\"StringEquals\":\"RUNNING\",\"Variable\":\"$.CrawlerStatus.Crawler.State\"},{\"Next\":\"WaitForCrawler\",\"StringEquals\":\"STOPPING\",\"Variable\":\"$.CrawlerStatus.Crawler.State\"}],\"Default\":\"CrawlerFinished\",\"Type\":\"Choice\"},\"GetCrawlerStatus\":{\"Next\":\"CrawlerRunning\",\"Parameters\":{\"Name\":\"waste-classifier-dev-raw-crawler\"},\"Resource\":\"arn:aws:states:::aws-sdk:glue:getCrawler\",\"ResultPath\":\"$.CrawlerStatus\",\"Type\":\"Task\"},\"GetJobStatus\":{\"Next\":\"JobRunning\",\"Parameters\":{\"JobName\":\"waste-classifier-dev-image-resize\",\"PredecessorsIncluded\":false,\"RunId.$\":\"$.JobStart.JobRunId\"},\"Resource\":\"arn:aws:states:::aws-sdk:glue:getJobRun\",\"ResultPath\":\"$.JobStatus\",\"Type\":\"Task\"},\"JobFailed\":{\"Cause\":\"Glue job did not succeed\",\"Error\":\"JobFailed\",\"Type\":\"Fail\"},\"JobRunning\":{\"Choices\":[{\"Next\":\"WaitForJob\",\"StringEquals\":\"RUNNING\",\"Variable\":\"$.JobStatus.JobRun.JobRunState\"},{\"Next\":\"WaitForJob\",\"StringEquals\":\"STARTING\",\"Variable\":\"$.JobStatus.JobRun.JobRunState\"}],\"Default\":\"JobSucceeded\",\"Type\":\"Choice\"},\"JobSucceeded\":{\"Choices\":[{\"Next\":\"PipelineSucceeded\",\"StringEquals\":\"SUCCEEDED\",\"Variable\":\"$.JobStatus.JobRun.JobRunState\"}],\"Default\":\"JobFailed\",\"Type\":\"Choice\"},\"PipelineSucceeded\":{\"Type\":\"Succeed\"},\"StartCrawler\":{\"Next\":\"WaitForCrawler\",\"Parameters\":{\"Name\":\"waste-classifier-dev-raw-crawler\"},\"Resource\":\"arn:aws:states:::aws-sdk:glue:startCrawler\",\"ResultPath\":\"$.CrawlerStart\",\"Type\":\"Task\"},\"StartGlueJob\":{\"Next\":\"WaitForJob\",\"Parameters\":{\"JobName\":\"waste-classifier-dev-image-resize\"},\"Resource\":\"arn:aws:states:::aws-sdk:glue:startJobRun\",\"ResultPath\":\"$.JobStart\",\"Type\":\"Task\"},\"WaitForCrawler\":{\"Next\":\"GetCrawlerStatus\",\"Seconds\":30,\"Type\":\"Wait\"},\"WaitForJob\":{\"Next\":\"GetJobStatus\",\"Seconds\":60,\"Type\":\"Wait\"}}}","loggingConfiguration":{"destinations":[{"cloudWatchLogsLogGroup":{"logGroupArn":"arn:aws:logs:us-east-1:979054355848:log-group:/aws/states/waste-classifier-dev-etl-orchestration:*"}}],"includeExecutionData":true,"level":"ALL"},"name":"waste-classifier-dev-etl-orchestration","roleArn":"arn:aws:iam::979054355848:role/waste-classifier-dev-step-functions-role","type":"STANDARD"}
  | [truncated...]
   http.method=POST http.url=https://states.us-east-1.amazonaws.com/ tf_aws.signing_region="" tf_mux_provider="*schema.GRPCProviderServer" tf_resource_type=aws_sfn_state_machine @caller=github.com/hashicorp/aws-sdk-go-base/v2@v2.0.0-beta.65/logging/tf_logger.go:45 http.user_agent="APN/1.0 HashiCorp/1.0 Terraform/1.14.8 (+https://www.terraform.io) terraform-provider-aws/5.100.0 (+https://registry.terraform.io/providers/hashicorp/aws) aws-sdk-go-v2/1.36.3 ua/2.1 os/linux lang/go#1.23.10 md/GOOS#linux md/GOARCH#amd64 api/sfn#1.35.5 m/g" rpc.service=SFN http.request.header.amz_sdk_invocation_id=0ec56487-ae95-4bd2-be03-66c1ed342b74 http.request.header.amz_sdk_request="attempt=1; max=25" http.request.header.authorization="AWS4-HMAC-SHA256 Credential=ASIA************3UTS/20260515/us-east-1/states/aws4_request, SignedHeaders=amz-sdk-invocation-id;amz-sdk-request;content-length;content-type;host;x-amz-date;x-amz-security-token;x-amz-target, Signature=*****" http.request.header.x_amz_target=AWSStepFunctions.CreateStateMachine tf_provider_addr=registry.terraform.io/hashicorp/aws http.request.header.content_type=application/x-amz-json-1.0 http.request.header.x_amz_security_token="*****" net.peer.name=states.us-east-1.amazonaws.com rpc.method=CreateStateMachine tf_aws.sdk=aws-sdk-go-v2 http.request_content_length=2844 rpc.system=aws-api tf_req_id=9bcc9cf2-05e5-2253-fa34-c0dbeabcbfa7 timestamp=2026-05-15T17:36:17.692-0600
2026-05-15T17:36:17.999-0600 [DEBUG] provider.terraform-provider-aws_v5.100.0_x5: HTTP Response Received: tf_provider_addr=registry.terraform.io/hashicorp/aws tf_rpc=ApplyResourceChange aws.region=us-east-1 http.duration=306 http.response.header.content_type=application/x-amz-json-1.0 http.response.header.x_amzn_requestid=4e549e6e-c90b-400c-bb47-f25f6a96d768 http.status_code=200 rpc.service=SFN http.response.header.date="Fri, 15 May 2026 23:36:17 GMT" tf_mux_provider="*schema.GRPCProviderServer" tf_resource_type=aws_sfn_state_machine
  http.response.body=
  | {"creationDate":1.778875526312E9,"stateMachineArn":"arn:aws:states:us-east-1:979054355848:stateMachine:waste-classifier-dev-etl-orchestration"}
   http.response_content_length=143 rpc.method=CreateStateMachine tf_aws.signing_region="" tf_req_id=9bcc9cf2-05e5-2253-fa34-c0dbeabcbfa7 @caller=github.com/hashicorp/aws-sdk-go-base/v2@v2.0.0-beta.65/logging/tf_logger.go:45 @module=aws http.response.header.connection=keep-alive rpc.system=aws-api tf_aws.sdk=aws-sdk-go-v2 timestamp=2026-05-15T17:36:17.999-0600
2026-05-15T17:36:18.000-0600 [DEBUG] provider.terraform-provider-aws_v5.100.0_x5: HTTP Request Sent: tf_req_id=9bcc9cf2-05e5-2253-fa34-c0dbeabcbfa7 tf_resource_type=aws_sfn_state_machine http.request.header.amz_sdk_invocation_id=28fbaad5-d38f-473c-8866-937266d53d0b http.request.header.x_amz_security_token="*****" http.user_agent="APN/1.0 HashiCorp/1.0 Terraform/1.14.8 (+https://www.terraform.io) terraform-provider-aws/5.100.0 (+https://registry.terraform.io/providers/hashicorp/aws) aws-sdk-go-v2/1.36.3 ua/2.1 os/linux lang/go#1.23.10 md/GOOS#linux md/GOARCH#amd64 api/sfn#1.35.5 m/g" rpc.method=DescribeStateMachine
  http.request.body=
  | {"stateMachineArn":"arn:aws:states:us-east-1:979054355848:stateMachine:waste-classifier-dev-etl-orchestration"}
   http.request.header.content_type=application/x-amz-json-1.0 rpc.system=aws-api tf_aws.signing_region="" @module=aws rpc.service=SFN http.method=POST http.request.header.x_amz_date=20260515T233617Z @caller=github.com/hashicorp/aws-sdk-go-base/v2@v2.0.0-beta.65/logging/tf_logger.go:45 aws.region=us-east-1 http.request_content_length=111 tf_mux_provider="*schema.GRPCProviderServer" http.request.header.amz_sdk_request="attempt=1; max=25" http.url=https://states.us-east-1.amazonaws.com/ tf_aws.sdk=aws-sdk-go-v2 tf_provider_addr=registry.terraform.io/hashicorp/aws http.request.header.authorization="AWS4-HMAC-SHA256 Credential=ASIA************3UTS/20260515/us-east-1/states/aws4_request, SignedHeaders=amz-sdk-invocation-id;amz-sdk-request;content-length;content-type;host;x-amz-date;x-amz-security-token;x-amz-target, Signature=*****" http.request.header.x_amz_target=AWSStepFunctions.DescribeStateMachine net.peer.name=states.us-east-1.amazonaws.com tf_rpc=ApplyResourceChange timestamp=2026-05-15T17:36:18.000-0600
2026-05-15T17:36:18.109-0600 [DEBUG] provider.terraform-provider-aws_v5.100.0_x5: HTTP Response Received: http.response.header.content_type=application/x-amz-json-1.0 http.response.header.date="Fri, 15 May 2026 23:36:17 GMT" rpc.service=SFN rpc.system=aws-api tf_aws.signing_region="" http.duration=108 http.response_content_length=3282 http.status_code=200 tf_mux_provider="*schema.GRPCProviderServer" tf_provider_addr=registry.terraform.io/hashicorp/aws tf_req_id=9bcc9cf2-05e5-2253-fa34-c0dbeabcbfa7 http.response.header.connection=keep-alive rpc.method=DescribeStateMachine tf_aws.sdk=aws-sdk-go-v2 tf_resource_type=aws_sfn_state_machine aws.region=us-east-1
  http.response.body=
  | {"creationDate":1.778875526312E9,"definition":"{\"Comment\":\"Run Glue crawler, wait for catalog refresh, then run the Glue job\",\"StartAt\":\"StartCrawler\",\"States\":{\"CrawlerFailed\":{\"Cause\":\"Glue crawler did not succeed\",\"Error\":\"CrawlerFailed\",\"Type\":\"Fail\"},\"CrawlerFinished\":{\"Choices\":[{\"Next\":\"StartGlueJob\",\"StringEquals\":\"READY\",\"Variable\":\"$.CrawlerStatus.Crawler.State\"}],\"Default\":\"CrawlerFailed\",\"Type\":\"Choice\"},\"CrawlerRunning\":{\"Choices\":[{\"Next\":\"WaitForCrawler\",\"StringEquals\":\"RUNNING\",\"Variable\":\"$.CrawlerStatus.Crawler.State\"},{\"Next\":\"WaitForCrawler\",\"StringEquals\":\"STOPPING\",\"Variable\":\"$.CrawlerStatus.Crawler.State\"}],\"Default\":\"CrawlerFinished\",\"Type\":\"Choice\"},\"GetCrawlerStatus\":{\"Next\":\"CrawlerRunning\",\"Parameters\":{\"Name\":\"waste-classifier-dev-raw-crawler\"},\"Resource\":\"arn:aws:states:::aws-sdk:glue:getCrawler\",\"ResultPath\":\"$.CrawlerStatus\",\"Type\":\"Task\"},\"GetJobStatus\":{\"Next\":\"JobRunning\",\"Parameters\":{\"JobName\":\"waste-classifier-dev-image-resize\",\"PredecessorsIncluded\":false,\"RunId.$\":\"$.JobStart.JobRunId\"},\"Resource\":\"arn:aws:states:::aws-sdk:glue:getJobRun\",\"ResultPath\":\"$.JobStatus\",\"Type\":\"Task\"},\"JobFailed\":{\"Cause\":\"Glue job did not succeed\",\"Error\":\"JobFailed\",\"Type\":\"Fail\"},\"JobRunning\":{\"Choices\":[{\"Next\":\"WaitForJob\",\"StringEquals\":\"RUNNING\",\"Variable\":\"$.JobStatus.JobRun.JobRunState\"},{\"Next\":\"WaitForJob\",\"StringEquals\":\"STARTING\",\"Variable\":\"$.JobStatus.JobRun.JobRunState\"}],\"Default\":\"JobSucceeded\",\"Type\":\"Choice\"},\"JobSucceeded\":{\"Choices\":[{\"Next\":\"PipelineSucceeded\",\"StringEquals\":\"SUCCEEDED\",\"Variable\":\"$.JobStatus.JobRun.JobRunState\"}],\"Default\":\"JobFailed\",\"Type\":\"Choice\"},\"PipelineSucceeded\":{\"Type\":\"Succeed\"},\"StartCrawler\":{\"Next\":\"WaitForCrawler\",\"Parameters\":{\"Name\":\"waste-classifier-dev-raw-crawler\"},\"Resource\":\"arn:aws:states:::aws-sdk:glue:startCrawler\",\"ResultPath\":\"$.CrawlerStart\",\"Type\":\"Task\"},\"StartGlueJob\":{\"Next\":\"WaitForJob\",\"Parameters\":{\"JobName\":\"waste-classifier-dev-image-resize\"},\"Resource\":\"arn:aws:states:::aws-sdk:glue:startJobRun\",\"ResultPath\":\"$.JobStart\",\"Type\":\"Task\"},\"WaitForCrawler\":{\"Next\":\"GetCrawlerStatus\",\"Seconds\":30,\"Type\":\"Wait\"},\"WaitForJob\":{\"Next\":\"GetJobStatus\",\"Seconds\":60,\"Type\":\"Wait\"}}}","encryptionConfiguration":{"__type":"com.amazonaws.swf.base.model#EncryptionConfiguration","type":"AWS_OWNED_KEY"},"loggingConfiguration":{"__type":"com.amazonaws.swf.base.model#LoggingConfiguration","destinations":[{"cloudWatchLogsLogGroup":{"logGroupArn":"arn:aws:logs:us-east-1:979054355848:log-group:/aws/states/waste-classifier-dev-etl-orchestration:*"}}],"includeExecutionData":true,"level":"ALL"},"name":"waste-classifier-dev-etl-orchestration","roleArn":"arn:aws:iam::979054355848:role/waste-classifier-dev-step-functions-role","stateMachineArn":"arn:aws:states:us-east-1:979054355848:stateMachine:waste-classifier-dev-etl-orchestration","status":"ACTIVE","tracingConfiguration":{"__type":"com.amazonaws.swf.base.model#TracingConfiguration","enabled":false},"type":"STANDARD"}
   http.response.header.x_amzn_requestid=0fcd843d-9406-41ca-bf0d-26ed544fdcd9 tf_rpc=ApplyResourceChange @caller=github.com/hashicorp/aws-sdk-go-base/v2@v2.0.0-beta.65/logging/tf_logger.go:45 @module=aws timestamp=2026-05-15T17:36:18.109-0600
2026-05-15T17:36:18.110-0600 [DEBUG] provider.terraform-provider-aws_v5.100.0_x5: HTTP Request Sent: tf_aws.sdk=aws-sdk-go-v2 tf_aws.signing_region="" tf_mux_provider="*schema.GRPCProviderServer"
  http.request.body=
  | {"stateMachineArn":"arn:aws:states:us-east-1:979054355848:stateMachine:waste-classifier-dev-etl-orchestration"}
   http.request.header.x_amz_date=20260515T233618Z http.request.header.x_amz_target=AWSStepFunctions.ListStateMachineVersions http.request_content_length=111 http.method=POST http.request.header.authorization="AWS4-HMAC-SHA256 Credential=ASIA************3UTS/20260515/us-east-1/states/aws4_request, SignedHeaders=amz-sdk-invocation-id;amz-sdk-request;content-length;content-type;host;x-amz-date;x-amz-security-token;x-amz-target, Signature=*****" tf_provider_addr=registry.terraform.io/hashicorp/aws tf_resource_type=aws_sfn_state_machine http.request.header.content_type=application/x-amz-json-1.0 http.url=https://states.us-east-1.amazonaws.com/ http.user_agent="APN/1.0 HashiCorp/1.0 Terraform/1.14.8 (+https://www.terraform.io) terraform-provider-aws/5.100.0 (+https://registry.terraform.io/providers/hashicorp/aws) aws-sdk-go-v2/1.36.3 ua/2.1 os/linux lang/go#1.23.10 md/GOOS#linux md/GOARCH#amd64 api/sfn#1.35.5 m/g" net.peer.name=states.us-east-1.amazonaws.com @module=aws aws.region=us-east-1 http.request.header.amz_sdk_invocation_id=1f5d4255-f06b-4716-ac3a-a05536183d81 http.request.header.amz_sdk_request="attempt=1; max=25" rpc.service=SFN tf_rpc=ApplyResourceChange @caller=github.com/hashicorp/aws-sdk-go-base/v2@v2.0.0-beta.65/logging/tf_logger.go:45 http.request.header.x_amz_security_token="*****" rpc.method=ListStateMachineVersions rpc.system=aws-api tf_req_id=9bcc9cf2-05e5-2253-fa34-c0dbeabcbfa7 timestamp=2026-05-15T17:36:18.110-0600
2026-05-15T17:36:18.214-0600 [DEBUG] provider.terraform-provider-aws_v5.100.0_x5: HTTP Response Received: @module=aws http.duration=103 tf_provider_addr=registry.terraform.io/hashicorp/aws tf_req_id=9bcc9cf2-05e5-2253-fa34-c0dbeabcbfa7
  http.response.body=
  | {"stateMachineVersions":[]}
   http.response.header.connection=keep-alive http.response.header.content_type=application/x-amz-json-1.0 http.response_content_length=27 http.status_code=200 rpc.service=SFN tf_resource_type=aws_sfn_state_machine @caller=github.com/hashicorp/aws-sdk-go-base/v2@v2.0.0-beta.65/logging/tf_logger.go:45 rpc.method=ListStateMachineVersions tf_aws.signing_region="" tf_mux_provider="*schema.GRPCProviderServer" tf_rpc=ApplyResourceChange aws.region=us-east-1 http.response.header.date="Fri, 15 May 2026 23:36:18 GMT" http.response.header.x_amzn_requestid=4f25d646-82ee-4687-a05c-172b7fd0643c rpc.system=aws-api tf_aws.sdk=aws-sdk-go-v2 timestamp=2026-05-15T17:36:18.213-0600
2026-05-15T17:36:18.214-0600 [DEBUG] provider.terraform-provider-aws_v5.100.0_x5: HTTP Request Sent: http.method=POST http.request.header.x_amz_target=AWSStepFunctions.ListTagsForResource rpc.service=SFN tf_mux_provider="*schema.GRPCProviderServer" @caller=github.com/hashicorp/aws-sdk-go-base/v2@v2.0.0-beta.65/logging/tf_logger.go:45 http.request.header.amz_sdk_request="attempt=1; max=25" net.peer.name=states.us-east-1.amazonaws.com @module=aws http.request.header.x_amz_date=20260515T233618Z http.user_agent="APN/1.0 HashiCorp/1.0 Terraform/1.14.8 (+https://www.terraform.io) terraform-provider-aws/5.100.0 (+https://registry.terraform.io/providers/hashicorp/aws) aws-sdk-go-v2/1.36.3 ua/2.1 os/linux lang/go#1.23.10 md/GOOS#linux md/GOARCH#amd64 api/sfn#1.35.5 m/g" rpc.method=ListTagsForResource tf_req_id=9bcc9cf2-05e5-2253-fa34-c0dbeabcbfa7 aws.region=us-east-1 http.request.header.content_type=application/x-amz-json-1.0 http.request_content_length=107 tf_resource_type=aws_sfn_state_machine http.request.header.amz_sdk_invocation_id=cfac62bb-f860-478a-94d9-217918a3bf83 tf_provider_addr=registry.terraform.io/hashicorp/aws
  http.request.body=
  | {"resourceArn":"arn:aws:states:us-east-1:979054355848:stateMachine:waste-classifier-dev-etl-orchestration"}
   http.request.header.authorization="AWS4-HMAC-SHA256 Credential=ASIA************3UTS/20260515/us-east-1/states/aws4_request, SignedHeaders=amz-sdk-invocation-id;amz-sdk-request;content-length;content-type;host;x-amz-date;x-amz-security-token;x-amz-target, Signature=*****" rpc.system=aws-api tf_aws.sdk=aws-sdk-go-v2 tf_aws.signing_region="" http.request.header.x_amz_security_token="*****" http.url=https://states.us-east-1.amazonaws.com/ tf_rpc=ApplyResourceChange timestamp=2026-05-15T17:36:18.214-0600
2026-05-15T17:36:18.317-0600 [DEBUG] provider.terraform-provider-aws_v5.100.0_x5: HTTP Response Received: tf_resource_type=aws_sfn_state_machine http.status_code=200 tf_req_id=9bcc9cf2-05e5-2253-fa34-c0dbeabcbfa7 http.duration=102 http.response.header.content_type=application/x-amz-json-1.0 http.response.header.x_amzn_requestid=b6735ddb-aa34-4c84-a91f-ec354015a049 rpc.method=ListTagsForResource rpc.service=SFN tf_mux_provider="*schema.GRPCProviderServer" tf_rpc=ApplyResourceChange @module=aws http.response.header.date="Fri, 15 May 2026 23:36:18 GMT" http.response_content_length=11 rpc.system=aws-api tf_aws.sdk=aws-sdk-go-v2 tf_aws.signing_region="" @caller=github.com/hashicorp/aws-sdk-go-base/v2@v2.0.0-beta.65/logging/tf_logger.go:45 aws.region=us-east-1
  http.response.body=
  | {"tags":[]}
   http.response.header.connection=keep-alive tf_provider_addr=registry.terraform.io/hashicorp/aws timestamp=2026-05-15T17:36:18.316-0600
[0m[1maws_sfn_state_machine.etl_orchestration: Creation complete after 0s [id=arn:aws:states:us-east-1:979054355848:stateMachine:waste-classifier-dev-etl-orchestration][0m
2026-05-15T17:36:18.320-0600 [DEBUG] State storage *statemgr.Filesystem declined to persist a state snapshot
2026-05-15T17:36:18.321-0600 [WARN]  Provider "registry.terraform.io/hashicorp/aws" produced an invalid plan for aws_iam_role_policy.eventbridge_policy, but we are tolerating it because it is using the legacy plugin SDK.
    The following problems may be the cause of any confusing errors from downstream operations:
      - .policy: planned value cty.StringVal("{\"Version\":\"2012-10-17\",\"Statement\":[{\"Action\":[\"states:StartExecution\"],\"Effect\":\"Allow\",\"Resource\":\"arn:aws:states:us-east-1:979054355848:stateMachine:waste-classifier-dev-etl-orchestration\"}]}") does not match config value cty.StringVal("{\"Statement\":[{\"Action\":[\"states:StartExecution\"],\"Effect\":\"Allow\",\"Resource\":\"arn:aws:states:us-east-1:979054355848:stateMachine:waste-classifier-dev-etl-orchestration\"}],\"Version\":\"2012-10-17\"}")
[0m[1maws_iam_role_policy.eventbridge_policy: Creating...[0m[0m
2026-05-15T17:36:18.321-0600 [INFO]  Starting apply for aws_iam_role_policy.eventbridge_policy
2026-05-15T17:36:18.322-0600 [DEBUG] aws_iam_role_policy.eventbridge_policy: applying the planned Create change
2026-05-15T17:36:18.322-0600 [WARN]  Provider "registry.terraform.io/hashicorp/aws" produced an invalid plan for aws_cloudwatch_event_target.step_functions, but we are tolerating it because it is using the legacy plugin SDK.
    The following problems may be the cause of any confusing errors from downstream operations:
      - .event_bus_name: planned value cty.StringVal("default") for a non-computed attribute
      - .force_destroy: planned value cty.False for a non-computed attribute
[0m[1maws_cloudwatch_event_target.step_functions: Creating...[0m[0m
2026-05-15T17:36:18.322-0600 [INFO]  Starting apply for aws_cloudwatch_event_target.step_functions
2026-05-15T17:36:18.322-0600 [DEBUG] provider.terraform-provider-aws_v5.100.0_x5: HTTP Request Sent: tf_provider_addr=registry.terraform.io/hashicorp/aws http.request.header.amz_sdk_invocation_id=7c8c3655-6bc3-4cbe-a254-fb00a048d8cd tf_mux_provider="*schema.GRPCProviderServer" tf_rpc=ApplyResourceChange @module=aws
  http.request.body=
  | Action=PutRolePolicy&PolicyDocument=%7B%22Version%22%3A%222012-10-17%22%2C%22Statement%22%3A%5B%7B%22Action%22%3A%5B%22states%3AStartExecution%22%5D%2C%22Effect%22%3A%22Allow%22%2C%22Resource%22%3A%22arn%3Aaws%3Astates%3Aus-east-1%3A979054355848%3AstateMachine%3Awaste-classifier-dev-etl-orchestration%22%7D%5D%7D&PolicyName=waste-classifier-dev-eventbridge-policy&RoleName=waste-classifier-dev-eventbridge-role&Version=2010-05-08
   http.user_agent="APN/1.0 HashiCorp/1.0 Terraform/1.14.8 (+https://www.terraform.io) terraform-provider-aws/5.100.0 (+https://registry.terraform.io/providers/hashicorp/aws) aws-sdk-go-v2/1.36.3 ua/2.1 os/linux lang/go#1.23.10 md/GOOS#linux md/GOARCH#amd64 api/iam#1.42.0 m/g" rpc.service=IAM tf_aws.sdk=aws-sdk-go-v2 tf_req_id=f17d5648-5b79-521b-c85e-7985e7c5c0e1 tf_resource_type=aws_iam_role_policy http.method=POST http.request.header.authorization="AWS4-HMAC-SHA256 Credential=ASIA************3UTS/20260515/us-east-1/iam/aws4_request, SignedHeaders=amz-sdk-invocation-id;amz-sdk-request;content-length;content-type;host;x-amz-date;x-amz-security-token, Signature=*****" http.request.header.x_amz_date=20260515T233618Z http.url=https://iam.amazonaws.com/ net.peer.name=iam.amazonaws.com rpc.method=PutRolePolicy rpc.system=aws-api @caller=github.com/hashicorp/aws-sdk-go-base/v2@v2.0.0-beta.65/logging/tf_logger.go:45 aws.region=us-east-1 http.request.header.amz_sdk_request="attempt=1; max=25" http.request.header.content_type=application/x-www-form-urlencoded http.request.header.x_amz_security_token="*****" http.request_content_length=430 tf_aws.signing_region="" timestamp=2026-05-15T17:36:18.322-0600
2026-05-15T17:36:18.322-0600 [DEBUG] aws_cloudwatch_event_target.step_functions: applying the planned Create change
2026-05-15T17:36:18.324-0600 [DEBUG] provider.terraform-provider-aws_v5.100.0_x5: HTTP Request Sent: tf_mux_provider="*schema.GRPCProviderServer" @caller=github.com/hashicorp/aws-sdk-go-base/v2@v2.0.0-beta.65/logging/tf_logger.go:45 http.method=POST
  http.request.body=
  | {"EventBusName":"default","Rule":"waste-classifier-dev-s3-raw-upload","Targets":[{"Arn":"arn:aws:states:us-east-1:979054355848:stateMachine:waste-classifier-dev-etl-orchestration","Id":"StepFunctionsExecutionTarget","Input":"{\"detail\":{},\"source\":\"eventbridge\"}","RoleArn":"arn:aws:iam::979054355848:role/waste-classifier-dev-eventbridge-role"}]}
   http.request.header.x_amz_date=20260515T233618Z @module=aws rpc.system=aws-api tf_req_id=13de622b-61dc-0065-45a0-4379e7095bd6 http.url=https://events.us-east-1.amazonaws.com/ net.peer.name=events.us-east-1.amazonaws.com tf_aws.sdk=aws-sdk-go-v2 tf_provider_addr=registry.terraform.io/hashicorp/aws http.request.header.amz_sdk_request="attempt=1; max=25" http.request.header.x_amz_target=AWSEvents.PutTargets rpc.method=PutTargets tf_aws.signing_region="" aws.region=us-east-1 http.request.header.x_amz_security_token="*****" rpc.service=EventBridge http.request.header.authorization="AWS4-HMAC-SHA256 Credential=ASIA************3UTS/20260515/us-east-1/events/aws4_request, SignedHeaders=amz-sdk-invocation-id;amz-sdk-request;content-length;content-type;host;x-amz-date;x-amz-security-token;x-amz-target, Signature=*****" tf_resource_type=aws_cloudwatch_event_target http.request.header.amz_sdk_invocation_id=b04099b3-99b4-4b3e-80e8-bd77ba12fb4f tf_rpc=ApplyResourceChange http.request.header.content_type=application/x-amz-json-1.1 http.request_content_length=352 http.user_agent="APN/1.0 HashiCorp/1.0 Terraform/1.14.8 (+https://www.terraform.io) terraform-provider-aws/5.100.0 (+https://registry.terraform.io/providers/hashicorp/aws) aws-sdk-go-v2/1.36.3 ua/2.1 os/linux lang/go#1.23.10 md/GOOS#linux md/GOARCH#amd64 api/eventbridge#1.39.1 m/g" timestamp=2026-05-15T17:36:18.324-0600
2026-05-15T17:36:18.496-0600 [DEBUG] provider.terraform-provider-aws_v5.100.0_x5: HTTP Response Received: http.response.header.content_type=text/xml http.response.header.date="Fri, 15 May 2026 23:36:18 GMT" http.response.header.x_amzn_requestid=413ba173-e823-4788-98bf-183c7802e960 tf_aws.signing_region="" tf_mux_provider="*schema.GRPCProviderServer" aws.region=us-east-1 http.response_content_length=206 http.status_code=200 rpc.method=PutRolePolicy rpc.system=aws-api tf_provider_addr=registry.terraform.io/hashicorp/aws tf_resource_type=aws_iam_role_policy tf_rpc=ApplyResourceChange
  http.response.body=
  | <PutRolePolicyResponse xmlns="https://iam.amazonaws.com/doc/2010-05-08/">
  |   <ResponseMetadata>
  |     <RequestId>413ba173-e823-4788-98bf-183c7802e960</RequestId>
  |   </ResponseMetadata>
  | </PutRolePolicyResponse>
   tf_req_id=f17d5648-5b79-521b-c85e-7985e7c5c0e1 rpc.service=IAM tf_aws.sdk=aws-sdk-go-v2 @caller=github.com/hashicorp/aws-sdk-go-base/v2@v2.0.0-beta.65/logging/tf_logger.go:45 @module=aws http.duration=173 timestamp=2026-05-15T17:36:18.495-0600
2026-05-15T17:36:18.496-0600 [DEBUG] provider.terraform-provider-aws_v5.100.0_x5: [DEBUG] Waiting for state to become: [success]
2026-05-15T17:36:18.496-0600 [DEBUG] provider.terraform-provider-aws_v5.100.0_x5: HTTP Request Sent: @module=aws http.method=POST http.request.header.amz_sdk_invocation_id=5142d8c1-785b-4363-975d-65fbc9d52e46 http.request.header.x_amz_date=20260515T233618Z http.user_agent="APN/1.0 HashiCorp/1.0 Terraform/1.14.8 (+https://www.terraform.io) terraform-provider-aws/5.100.0 (+https://registry.terraform.io/providers/hashicorp/aws) aws-sdk-go-v2/1.36.3 ua/2.1 os/linux lang/go#1.23.10 md/GOOS#linux md/GOARCH#amd64 api/iam#1.42.0 m/g" tf_aws.signing_region="" tf_provider_addr=registry.terraform.io/hashicorp/aws http.request.header.amz_sdk_request="attempt=1; max=25" http.request.header.authorization="AWS4-HMAC-SHA256 Credential=ASIA************3UTS/20260515/us-east-1/iam/aws4_request, SignedHeaders=amz-sdk-invocation-id;amz-sdk-request;content-length;content-type;host;x-amz-date;x-amz-security-token, Signature=*****" http.request_content_length=137 http.url=https://iam.amazonaws.com/ rpc.method=GetRolePolicy rpc.service=IAM tf_resource_type=aws_iam_role_policy aws.region=us-east-1 http.request.header.x_amz_security_token="*****" rpc.system=aws-api tf_aws.sdk=aws-sdk-go-v2 tf_rpc=ApplyResourceChange @caller=github.com/hashicorp/aws-sdk-go-base/v2@v2.0.0-beta.65/logging/tf_logger.go:45
  http.request.body=
  | Action=GetRolePolicy&PolicyName=waste-classifier-dev-eventbridge-policy&RoleName=waste-classifier-dev-eventbridge-role&Version=2010-05-08
   http.request.header.content_type=application/x-www-form-urlencoded net.peer.name=iam.amazonaws.com tf_mux_provider="*schema.GRPCProviderServer" tf_req_id=f17d5648-5b79-521b-c85e-7985e7c5c0e1 timestamp=2026-05-15T17:36:18.496-0600
2026-05-15T17:36:18.641-0600 [DEBUG] provider.terraform-provider-aws_v5.100.0_x5: HTTP Response Received: aws.region=us-east-1
  http.response.body=
  | <GetRolePolicyResponse xmlns="https://iam.amazonaws.com/doc/2010-05-08/">
  |   <GetRolePolicyResult>
  |     <PolicyDocument>%7B%22Version%22%3A%222012-10-17%22%2C%22Statement%22%3A%5B%7B%22Action%22%3A%5B%22states%3AStartExecution%22%5D%2C%22Effect%22%3A%22Allow%22%2C%22Resource%22%3A%22arn%3Aaws%3Astates%3Aus-east-1%3A979054355848%3AstateMachine%3Awaste-classifier-dev-etl-orchestration%22%7D%5D%7D</PolicyDocument>
  |     <PolicyName>waste-classifier-dev-eventbridge-policy</PolicyName>
  |     <RoleName>waste-classifier-dev-eventbridge-role</RoleName>
  |   </GetRolePolicyResult>
  |   <ResponseMetadata>
  |     <RequestId>18af6d79-36b0-4d7e-b574-8647b8006f6a</RequestId>
  |   </ResponseMetadata>
  | </GetRolePolicyResponse>
   http.response.header.date="Fri, 15 May 2026 23:36:18 GMT" tf_mux_provider="*schema.GRPCProviderServer" tf_provider_addr=registry.terraform.io/hashicorp/aws tf_rpc=ApplyResourceChange http.response.header.x_amzn_requestid=18af6d79-36b0-4d7e-b574-8647b8006f6a http.response_content_length=702 http.status_code=200 tf_aws.sdk=aws-sdk-go-v2 http.duration=144 http.response.header.content_type=text/xml rpc.method=GetRolePolicy rpc.service=IAM rpc.system=aws-api @caller=github.com/hashicorp/aws-sdk-go-base/v2@v2.0.0-beta.65/logging/tf_logger.go:45 @module=aws tf_aws.signing_region="" tf_req_id=f17d5648-5b79-521b-c85e-7985e7c5c0e1 tf_resource_type=aws_iam_role_policy timestamp=2026-05-15T17:36:18.640-0600
2026-05-15T17:36:18.641-0600 [DEBUG] provider.terraform-provider-aws_v5.100.0_x5: HTTP Request Sent: http.request.header.authorization="AWS4-HMAC-SHA256 Credential=ASIA************3UTS/20260515/us-east-1/iam/aws4_request, SignedHeaders=amz-sdk-invocation-id;amz-sdk-request;content-length;content-type;host;x-amz-date;x-amz-security-token, Signature=*****" net.peer.name=iam.amazonaws.com http.method=POST
  http.request.body=
  | Action=GetRolePolicy&PolicyName=waste-classifier-dev-eventbridge-policy&RoleName=waste-classifier-dev-eventbridge-role&Version=2010-05-08
   http.request.header.content_type=application/x-www-form-urlencoded http.request.header.x_amz_date=20260515T233618Z http.request_content_length=137 rpc.system=aws-api @caller=github.com/hashicorp/aws-sdk-go-base/v2@v2.0.0-beta.65/logging/tf_logger.go:45 rpc.method=GetRolePolicy rpc.service=IAM tf_aws.sdk=aws-sdk-go-v2 tf_aws.signing_region="" tf_mux_provider="*schema.GRPCProviderServer" tf_req_id=f17d5648-5b79-521b-c85e-7985e7c5c0e1 aws.region=us-east-1 http.request.header.amz_sdk_invocation_id=f472f479-47f4-4328-9293-76216641a8c6 http.request.header.x_amz_security_token="*****" http.url=https://iam.amazonaws.com/ http.user_agent="APN/1.0 HashiCorp/1.0 Terraform/1.14.8 (+https://www.terraform.io) terraform-provider-aws/5.100.0 (+https://registry.terraform.io/providers/hashicorp/aws) aws-sdk-go-v2/1.36.3 ua/2.1 os/linux lang/go#1.23.10 md/GOOS#linux md/GOARCH#amd64 api/iam#1.42.0 m/g" tf_provider_addr=registry.terraform.io/hashicorp/aws tf_resource_type=aws_iam_role_policy tf_rpc=ApplyResourceChange @module=aws http.request.header.amz_sdk_request="attempt=1; max=25" timestamp=2026-05-15T17:36:18.641-0600
2026-05-15T17:36:18.763-0600 [DEBUG] provider.terraform-provider-aws_v5.100.0_x5: HTTP Response Received: @caller=github.com/hashicorp/aws-sdk-go-base/v2@v2.0.0-beta.65/logging/tf_logger.go:45 @module=aws aws.region=us-east-1 http.duration=119 http.response.header.content_type=text/xml http.response_content_length=702 rpc.method=GetRolePolicy http.response.header.date="Fri, 15 May 2026 23:36:18 GMT" http.response.header.x_amzn_requestid=0aaf187d-ad14-4986-83e9-88a9e4786ea3 http.status_code=200 rpc.service=IAM rpc.system=aws-api tf_aws.sdk=aws-sdk-go-v2 tf_aws.signing_region=""
  http.response.body=
  | <GetRolePolicyResponse xmlns="https://iam.amazonaws.com/doc/2010-05-08/">
  |   <GetRolePolicyResult>
  |     <PolicyDocument>%7B%22Version%22%3A%222012-10-17%22%2C%22Statement%22%3A%5B%7B%22Action%22%3A%5B%22states%3AStartExecution%22%5D%2C%22Effect%22%3A%22Allow%22%2C%22Resource%22%3A%22arn%3Aaws%3Astates%3Aus-east-1%3A979054355848%3AstateMachine%3Awaste-classifier-dev-etl-orchestration%22%7D%5D%7D</PolicyDocument>
  |     <PolicyName>waste-classifier-dev-eventbridge-policy</PolicyName>
  |     <RoleName>waste-classifier-dev-eventbridge-role</RoleName>
  |   </GetRolePolicyResult>
  |   <ResponseMetadata>
  |     <RequestId>0aaf187d-ad14-4986-83e9-88a9e4786ea3</RequestId>
  |   </ResponseMetadata>
  | </GetRolePolicyResponse>
   tf_mux_provider="*schema.GRPCProviderServer" tf_provider_addr=registry.terraform.io/hashicorp/aws tf_req_id=f17d5648-5b79-521b-c85e-7985e7c5c0e1 tf_resource_type=aws_iam_role_policy tf_rpc=ApplyResourceChange timestamp=2026-05-15T17:36:18.763-0600
[0m[1maws_iam_role_policy.eventbridge_policy: Creation complete after 1s [id=waste-classifier-dev-eventbridge-role:waste-classifier-dev-eventbridge-policy][0m
2026-05-15T17:36:18.766-0600 [DEBUG] State storage *statemgr.Filesystem declined to persist a state snapshot
2026-05-15T17:36:18.794-0600 [DEBUG] provider.terraform-provider-aws_v5.100.0_x5: HTTP Response Received: rpc.system=aws-api tf_aws.sdk=aws-sdk-go-v2 @caller=github.com/hashicorp/aws-sdk-go-base/v2@v2.0.0-beta.65/logging/tf_logger.go:45 tf_mux_provider="*schema.GRPCProviderServer" tf_provider_addr=registry.terraform.io/hashicorp/aws tf_rpc=ApplyResourceChange aws.region=us-east-1
  http.response.body=
  | {"FailedEntries":[],"FailedEntryCount":0}
   http.response.header.content_type=application/x-amz-json-1.1 tf_aws.signing_region="" tf_req_id=13de622b-61dc-0065-45a0-4379e7095bd6 @module=aws http.response.header.date="Fri, 15 May 2026 23:36:18 GMT" http.response.header.x_amzn_requestid=99a9d4d4-3a2e-48d4-8984-10c53753436d http.response_content_length=41 tf_resource_type=aws_cloudwatch_event_target http.duration=469 http.status_code=200 rpc.method=PutTargets rpc.service=EventBridge timestamp=2026-05-15T17:36:18.794-0600
2026-05-15T17:36:18.795-0600 [DEBUG] provider.terraform-provider-aws_v5.100.0_x5: HTTP Request Sent: @caller=github.com/hashicorp/aws-sdk-go-base/v2@v2.0.0-beta.65/logging/tf_logger.go:45 http.request.header.amz_sdk_invocation_id=8c638ad7-3baa-4e69-9cec-9de68e9d9caa http.request.header.x_amz_date=20260515T233618Z http.request.header.authorization="AWS4-HMAC-SHA256 Credential=ASIA************3UTS/20260515/us-east-1/events/aws4_request, SignedHeaders=amz-sdk-invocation-id;amz-sdk-request;content-length;content-type;host;x-amz-date;x-amz-security-token;x-amz-target, Signature=*****" net.peer.name=events.us-east-1.amazonaws.com tf_mux_provider="*schema.GRPCProviderServer" tf_rpc=ApplyResourceChange http.request_content_length=82 rpc.service=EventBridge http.request.header.amz_sdk_request="attempt=1; max=25" http.request.header.x_amz_security_token="*****" rpc.method=ListTargetsByRule rpc.system=aws-api aws.region=us-east-1 http.url=https://events.us-east-1.amazonaws.com/ http.user_agent="APN/1.0 HashiCorp/1.0 Terraform/1.14.8 (+https://www.terraform.io) terraform-provider-aws/5.100.0 (+https://registry.terraform.io/providers/hashicorp/aws) aws-sdk-go-v2/1.36.3 ua/2.1 os/linux lang/go#1.23.10 md/GOOS#linux md/GOARCH#amd64 api/eventbridge#1.39.1 m/g" tf_aws.sdk=aws-sdk-go-v2 tf_provider_addr=registry.terraform.io/hashicorp/aws http.method=POST http.request.header.content_type=application/x-amz-json-1.1 http.request.header.x_amz_target=AWSEvents.ListTargetsByRule @module=aws tf_req_id=13de622b-61dc-0065-45a0-4379e7095bd6 tf_resource_type=aws_cloudwatch_event_target
  http.request.body=
  | {"EventBusName":"default","Limit":100,"Rule":"waste-classifier-dev-s3-raw-upload"}
   tf_aws.signing_region="" timestamp=2026-05-15T17:36:18.795-0600
2026-05-15T17:36:18.913-0600 [DEBUG] provider.terraform-provider-aws_v5.100.0_x5: HTTP Response Received: aws.region=us-east-1 http.duration=118 http.status_code=200 tf_aws.signing_region="" tf_provider_addr=registry.terraform.io/hashicorp/aws tf_rpc=ApplyResourceChange tf_req_id=13de622b-61dc-0065-45a0-4379e7095bd6 @module=aws http.response.header.date="Fri, 15 May 2026 23:36:18 GMT" http.response_content_length=283 tf_mux_provider="*schema.GRPCProviderServer" tf_resource_type=aws_cloudwatch_event_target
  http.response.body=
  | {"Targets":[{"Arn":"arn:aws:states:us-east-1:979054355848:stateMachine:waste-classifier-dev-etl-orchestration","Id":"StepFunctionsExecutionTarget","Input":"{\"detail\":{},\"source\":\"eventbridge\"}","RoleArn":"arn:aws:iam::979054355848:role/waste-classifier-dev-eventbridge-role"}]}
   http.response.header.content_type=application/x-amz-json-1.1 http.response.header.x_amzn_requestid=c6568f8b-4a23-4470-b9a8-4c9ecc901e77 rpc.method=ListTargetsByRule rpc.service=EventBridge rpc.system=aws-api tf_aws.sdk=aws-sdk-go-v2 @caller=github.com/hashicorp/aws-sdk-go-base/v2@v2.0.0-beta.65/logging/tf_logger.go:45 timestamp=2026-05-15T17:36:18.913-0600
2026-05-15T17:36:18.914-0600 [WARN]  Provider "provider[\"registry.terraform.io/hashicorp/aws\"]" produced an unexpected new value for aws_cloudwatch_event_target.step_functions, but we are tolerating it because it is using the legacy plugin SDK.
    The following problems may be the cause of any confusing errors from downstream operations:
      - .input_path: was null, but now cty.StringVal("")
[0m[1maws_cloudwatch_event_target.step_functions: Creation complete after 1s [id=waste-classifier-dev-s3-raw-upload-StepFunctionsExecutionTarget][0m
2026-05-15T17:36:18.916-0600 [DEBUG] State storage *statemgr.Filesystem declined to persist a state snapshot
[0m[1maws_s3_bucket_notification.raw_bucket_notifications: Still creating... [00m50s elapsed][0m[0m
2026-05-15T17:36:22.559-0600 [DEBUG] provider.terraform-provider-aws_v5.100.0_x5: HTTP Request Sent: tf_req_id=7977b6b5-07e5-6363-610a-529ccd880c1d http.request_content_length=156 http.url=https://waste-classifier-dev-raw.s3.amazonaws.com/?notification= rpc.method=PutBucketNotificationConfiguration rpc.system=aws-api tf_mux_provider="*schema.GRPCProviderServer" http.request.header.x_amz_content_sha256=88f2e83f368ad7ee1b2859512539a8e91caea5a7fd35809bb7ae3733054bd897 http.method=PUT tf_aws.signing_region="" tf_provider_addr=registry.terraform.io/hashicorp/aws @module=aws aws.region=aws-global
  http.request.body=
  | <NotificationConfiguration xmlns="http://s3.amazonaws.com/doc/2006-03-01/"><EventBridgeConfiguration></EventBridgeConfiguration></NotificationConfiguration>
   http.request.header.amz_sdk_invocation_id=f992d00a-99f1-45fb-8dd6-c6c0cf426524 http.request.header.amz_sdk_request="attempt=1; max=25" http.request.header.content_type=application/xml tf_aws.sdk=aws-sdk-go-v2 http.request.header.x_amz_security_token="*****" @caller=github.com/hashicorp/aws-sdk-go-base/v2@v2.0.0-beta.65/logging/tf_logger.go:45 http.request.header.accept_encoding=identity http.request.header.x_amz_date=20260515T233622Z http.user_agent="APN/1.0 HashiCorp/1.0 Terraform/1.14.8 (+https://www.terraform.io) terraform-provider-aws/5.100.0 (+https://registry.terraform.io/providers/hashicorp/aws) aws-sdk-go-v2/1.36.3 ua/2.1 os/linux lang/go#1.23.10 md/GOOS#linux md/GOARCH#amd64 api/s3#1.80.1 m/g" net.peer.name=waste-classifier-dev-raw.s3.amazonaws.com http.request.header.authorization="AWS4-HMAC-SHA256 Credential=ASIA************3UTS/20260515/us-east-1/s3/aws4_request, SignedHeaders=accept-encoding;amz-sdk-invocation-id;amz-sdk-request;content-length;content-type;host;x-amz-content-sha256;x-amz-date;x-amz-security-token, Signature=*****" rpc.service=S3 tf_resource_type=aws_s3_bucket_notification tf_rpc=ApplyResourceChange timestamp=2026-05-15T17:36:22.559-0600
2026-05-15T17:36:22.888-0600 [DEBUG] provider.terraform-provider-aws_v5.100.0_x5: HTTP Response Received:
  http.response.body=
  | <?xml version="1.0" encoding="UTF-8"?>
  | <Error><Code>NoSuchBucket</Code><Message>The specified bucket does not exist</Message><BucketName>waste-classifier-dev-raw</BucketName><RequestId>W49RQ0ECW02GHB57</RequestId><HostId>DREg60dXHY2/Rz8NRtpfr5ufJoUfdHuKkljfXTCgnujH1JCSITkWQEcdhp2EBEBoZ/VeGpiCtDk=</HostId></Error>
   tf_provider_addr=registry.terraform.io/hashicorp/aws tf_resource_type=aws_s3_bucket_notification @caller=github.com/hashicorp/aws-sdk-go-base/v2@v2.0.0-beta.65/logging/tf_logger.go:45 http.response.header.content_type=application/xml http.response.header.date="Fri, 15 May 2026 23:36:22 GMT" http.response.header.x_amz_id_2=DREg60dXHY2/Rz8NRtpfr5ufJoUfdHuKkljfXTCgnujH1JCSITkWQEcdhp2EBEBoZ/VeGpiCtDk= rpc.method=PutBucketNotificationConfiguration tf_aws.sdk=aws-sdk-go-v2 http.response.header.server=AmazonS3 http.response.header.x_amz_request_id=W49RQ0ECW02GHB57 http.status_code=404 rpc.system=aws-api tf_req_id=7977b6b5-07e5-6363-610a-529ccd880c1d tf_rpc=ApplyResourceChange http.duration=328 rpc.service=S3 tf_aws.signing_region="" tf_mux_provider="*schema.GRPCProviderServer" @module=aws aws.region=aws-global timestamp=2026-05-15T17:36:22.888-0600
2026-05-15T17:36:22.889-0600 [DEBUG] provider.terraform-provider-aws_v5.100.0_x5: request failed with unretryable error https response error StatusCode: 404, RequestID: W49RQ0ECW02GHB57, HostID: DREg60dXHY2/Rz8NRtpfr5ufJoUfdHuKkljfXTCgnujH1JCSITkWQEcdhp2EBEBoZ/VeGpiCtDk=, api error NoSuchBucket: The specified bucket does not exist: aws.region=aws-global rpc.service=S3 rpc.method=PutBucketNotificationConfiguration tf_resource_type=aws_s3_bucket_notification tf_rpc=ApplyResourceChange @caller=github.com/hashicorp/aws-sdk-go-base/v2@v2.0.0-beta.65/logging/tf_logger.go:45 @module=aws tf_mux_provider="*schema.GRPCProviderServer" tf_provider_addr=registry.terraform.io/hashicorp/aws rpc.system=aws-api tf_aws.sdk=aws-sdk-go-v2 tf_req_id=7977b6b5-07e5-6363-610a-529ccd880c1d timestamp=2026-05-15T17:36:22.888-0600
[0m[1maws_s3_bucket_notification.raw_bucket_notifications: Still creating... [01m00s elapsed][0m[0m
2026-05-15T17:36:32.889-0600 [DEBUG] provider.terraform-provider-aws_v5.100.0_x5: HTTP Request Sent: tf_mux_provider="*schema.GRPCProviderServer" aws.region=aws-global http.request.header.amz_sdk_invocation_id=5444ed71-e00e-4e50-a675-20e084d72c0a http.request.header.x_amz_date=20260515T233632Z http.request_content_length=156 rpc.method=PutBucketNotificationConfiguration tf_resource_type=aws_s3_bucket_notification @caller=github.com/hashicorp/aws-sdk-go-base/v2@v2.0.0-beta.65/logging/tf_logger.go:45 http.url=https://waste-classifier-dev-raw.s3.amazonaws.com/?notification= net.peer.name=waste-classifier-dev-raw.s3.amazonaws.com rpc.system=aws-api http.request.header.authorization="AWS4-HMAC-SHA256 Credential=ASIA************3UTS/20260515/us-east-1/s3/aws4_request, SignedHeaders=accept-encoding;amz-sdk-invocation-id;amz-sdk-request;content-length;content-type;host;x-amz-content-sha256;x-amz-date;x-amz-security-token, Signature=*****" tf_provider_addr=registry.terraform.io/hashicorp/aws tf_rpc=ApplyResourceChange
  http.request.body=
  | <NotificationConfiguration xmlns="http://s3.amazonaws.com/doc/2006-03-01/"><EventBridgeConfiguration></EventBridgeConfiguration></NotificationConfiguration>
   http.request.header.accept_encoding=identity http.request.header.content_type=application/xml http.request.header.x_amz_security_token="*****" tf_aws.signing_region="" http.request.header.amz_sdk_request="attempt=1; max=25" rpc.service=S3 http.request.header.x_amz_content_sha256=88f2e83f368ad7ee1b2859512539a8e91caea5a7fd35809bb7ae3733054bd897 tf_req_id=7977b6b5-07e5-6363-610a-529ccd880c1d @module=aws http.method=PUT http.user_agent="APN/1.0 HashiCorp/1.0 Terraform/1.14.8 (+https://www.terraform.io) terraform-provider-aws/5.100.0 (+https://registry.terraform.io/providers/hashicorp/aws) aws-sdk-go-v2/1.36.3 ua/2.1 os/linux lang/go#1.23.10 md/GOOS#linux md/GOARCH#amd64 api/s3#1.80.1 m/g" tf_aws.sdk=aws-sdk-go-v2 timestamp=2026-05-15T17:36:32.889-0600
2026-05-15T17:36:33.254-0600 [DEBUG] provider.terraform-provider-aws_v5.100.0_x5: HTTP Response Received: @module=aws http.response.header.content_type=application/xml http.response.header.server=AmazonS3 rpc.method=PutBucketNotificationConfiguration tf_provider_addr=registry.terraform.io/hashicorp/aws tf_req_id=7977b6b5-07e5-6363-610a-529ccd880c1d tf_resource_type=aws_s3_bucket_notification aws.region=aws-global http.duration=364 http.response.header.x_amz_request_id=DNEBSRPJ2NQSY6SG rpc.system=aws-api tf_aws.sdk=aws-sdk-go-v2 tf_rpc=ApplyResourceChange @caller=github.com/hashicorp/aws-sdk-go-base/v2@v2.0.0-beta.65/logging/tf_logger.go:45
  http.response.body=
  | <?xml version="1.0" encoding="UTF-8"?>
  | <Error><Code>NoSuchBucket</Code><Message>The specified bucket does not exist</Message><BucketName>waste-classifier-dev-raw</BucketName><RequestId>DNEBSRPJ2NQSY6SG</RequestId><HostId>3SwCxYK4uih5/ty3QypNhGXPJkOhkS50maMbbpXxtLGApoKCfJ5CnhKaIrjaHf9RpYy+pxOjN7E=</HostId></Error>
   http.response.header.x_amz_id_2="3SwCxYK4uih5/ty3QypNhGXPJkOhkS50maMbbpXxtLGApoKCfJ5CnhKaIrjaHf9RpYy+pxOjN7E=" rpc.service=S3 tf_mux_provider="*schema.GRPCProviderServer" http.response.header.date="Fri, 15 May 2026 23:36:32 GMT" http.status_code=404 tf_aws.signing_region="" timestamp=2026-05-15T17:36:33.254-0600
2026-05-15T17:36:33.254-0600 [DEBUG] provider.terraform-provider-aws_v5.100.0_x5: request failed with unretryable error https response error StatusCode: 404, RequestID: DNEBSRPJ2NQSY6SG, HostID: 3SwCxYK4uih5/ty3QypNhGXPJkOhkS50maMbbpXxtLGApoKCfJ5CnhKaIrjaHf9RpYy+pxOjN7E=, api error NoSuchBucket: The specified bucket does not exist: @caller=github.com/hashicorp/aws-sdk-go-base/v2@v2.0.0-beta.65/logging/tf_logger.go:45 tf_provider_addr=registry.terraform.io/hashicorp/aws tf_rpc=ApplyResourceChange @module=aws rpc.method=PutBucketNotificationConfiguration rpc.system=aws-api tf_aws.sdk=aws-sdk-go-v2 rpc.service=S3 tf_mux_provider="*schema.GRPCProviderServer" tf_req_id=7977b6b5-07e5-6363-610a-529ccd880c1d tf_resource_type=aws_s3_bucket_notification aws.region=aws-global timestamp=2026-05-15T17:36:33.254-0600
[0m[1maws_s3_bucket_notification.raw_bucket_notifications: Still creating... [01m10s elapsed][0m[0m
2026-05-15T17:36:43.264-0600 [DEBUG] provider.terraform-provider-aws_v5.100.0_x5: HTTP Request Sent: rpc.method=PutBucketNotificationConfiguration aws.region=aws-global http.request.header.x_amz_date=20260515T233643Z http.request.header.amz_sdk_request="attempt=1; max=25" tf_aws.sdk=aws-sdk-go-v2 tf_req_id=7977b6b5-07e5-6363-610a-529ccd880c1d tf_rpc=ApplyResourceChange http.user_agent="APN/1.0 HashiCorp/1.0 Terraform/1.14.8 (+https://www.terraform.io) terraform-provider-aws/5.100.0 (+https://registry.terraform.io/providers/hashicorp/aws) aws-sdk-go-v2/1.36.3 ua/2.1 os/linux lang/go#1.23.10 md/GOOS#linux md/GOARCH#amd64 api/s3#1.80.1 m/g" net.peer.name=waste-classifier-dev-raw.s3.amazonaws.com http.method=PUT
  http.request.body=
  | <NotificationConfiguration xmlns="http://s3.amazonaws.com/doc/2006-03-01/"><EventBridgeConfiguration></EventBridgeConfiguration></NotificationConfiguration>
   http.request.header.accept_encoding=identity http.request.header.authorization="AWS4-HMAC-SHA256 Credential=ASIA************3UTS/20260515/us-east-1/s3/aws4_request, SignedHeaders=accept-encoding;amz-sdk-invocation-id;amz-sdk-request;content-length;content-type;host;x-amz-content-sha256;x-amz-date;x-amz-security-token, Signature=*****" tf_provider_addr=registry.terraform.io/hashicorp/aws tf_resource_type=aws_s3_bucket_notification @module=aws http.request.header.x_amz_security_token="*****" rpc.service=S3 tf_mux_provider="*schema.GRPCProviderServer" http.request.header.amz_sdk_invocation_id=e027c635-a131-4aaf-8767-e993ca854540 http.request.header.x_amz_content_sha256=88f2e83f368ad7ee1b2859512539a8e91caea5a7fd35809bb7ae3733054bd897 http.request_content_length=156 rpc.system=aws-api tf_aws.signing_region="" http.request.header.content_type=application/xml @caller=github.com/hashicorp/aws-sdk-go-base/v2@v2.0.0-beta.65/logging/tf_logger.go:45 http.url=https://waste-classifier-dev-raw.s3.amazonaws.com/?notification= timestamp=2026-05-15T17:36:43.264-0600
2026-05-15T17:36:43.584-0600 [DEBUG] provider.terraform-provider-aws_v5.100.0_x5: HTTP Response Received: rpc.service=S3 tf_req_id=7977b6b5-07e5-6363-610a-529ccd880c1d @caller=github.com/hashicorp/aws-sdk-go-base/v2@v2.0.0-beta.65/logging/tf_logger.go:45 http.duration=318 http.response.header.content_type=application/xml http.response.header.x_amz_id_2="Tbm1s/50MRBGb9iN12DqPWyf5brX2b9VXTKcv/3ggdsMDuz4tDpIsA+tze3TD1EOk5sKTWQa7Tk=" rpc.method=PutBucketNotificationConfiguration rpc.system=aws-api @module=aws aws.region=aws-global
  http.response.body=
  | <?xml version="1.0" encoding="UTF-8"?>
  | <Error><Code>NoSuchBucket</Code><Message>The specified bucket does not exist</Message><BucketName>waste-classifier-dev-raw</BucketName><RequestId>XQJSP3JF933FYD8W</RequestId><HostId>Tbm1s/50MRBGb9iN12DqPWyf5brX2b9VXTKcv/3ggdsMDuz4tDpIsA+tze3TD1EOk5sKTWQa7Tk=</HostId></Error>
   tf_aws.signing_region="" tf_mux_provider="*schema.GRPCProviderServer" tf_provider_addr=registry.terraform.io/hashicorp/aws tf_resource_type=aws_s3_bucket_notification http.response.header.date="Fri, 15 May 2026 23:36:43 GMT" http.response.header.server=AmazonS3 http.response.header.x_amz_request_id=XQJSP3JF933FYD8W http.status_code=404 tf_aws.sdk=aws-sdk-go-v2 tf_rpc=ApplyResourceChange timestamp=2026-05-15T17:36:43.584-0600
2026-05-15T17:36:43.584-0600 [DEBUG] provider.terraform-provider-aws_v5.100.0_x5: request failed with unretryable error https response error StatusCode: 404, RequestID: XQJSP3JF933FYD8W, HostID: Tbm1s/50MRBGb9iN12DqPWyf5brX2b9VXTKcv/3ggdsMDuz4tDpIsA+tze3TD1EOk5sKTWQa7Tk=, api error NoSuchBucket: The specified bucket does not exist: @caller=github.com/hashicorp/aws-sdk-go-base/v2@v2.0.0-beta.65/logging/tf_logger.go:45 aws.region=aws-global rpc.method=PutBucketNotificationConfiguration tf_aws.sdk=aws-sdk-go-v2 rpc.service=S3 tf_provider_addr=registry.terraform.io/hashicorp/aws tf_req_id=7977b6b5-07e5-6363-610a-529ccd880c1d @module=aws tf_mux_provider="*schema.GRPCProviderServer" tf_rpc=ApplyResourceChange rpc.system=aws-api tf_resource_type=aws_s3_bucket_notification timestamp=2026-05-15T17:36:43.584-0600
[0m[1maws_s3_bucket_notification.raw_bucket_notifications: Still creating... [01m20s elapsed][0m[0m
2026-05-15T17:36:53.589-0600 [DEBUG] provider.terraform-provider-aws_v5.100.0_x5: HTTP Request Sent: tf_provider_addr=registry.terraform.io/hashicorp/aws http.request.header.amz_sdk_invocation_id=7f4038aa-50f7-4c34-bfad-55f78a3683d6 http.request.header.amz_sdk_request="attempt=1; max=25" http.request.header.content_type=application/xml http.request.header.x_amz_security_token="*****" tf_mux_provider="*schema.GRPCProviderServer" aws.region=aws-global rpc.service=S3 tf_rpc=ApplyResourceChange http.request.header.x_amz_date=20260515T233653Z http.url=https://waste-classifier-dev-raw.s3.amazonaws.com/?notification= http.method=PUT
  http.request.body=
  | <NotificationConfiguration xmlns="http://s3.amazonaws.com/doc/2006-03-01/"><EventBridgeConfiguration></EventBridgeConfiguration></NotificationConfiguration>
   http.request.header.accept_encoding=identity http.user_agent="APN/1.0 HashiCorp/1.0 Terraform/1.14.8 (+https://www.terraform.io) terraform-provider-aws/5.100.0 (+https://registry.terraform.io/providers/hashicorp/aws) aws-sdk-go-v2/1.36.3 ua/2.1 os/linux lang/go#1.23.10 md/GOOS#linux md/GOARCH#amd64 api/s3#1.80.1 m/g" rpc.method=PutBucketNotificationConfiguration tf_aws.sdk=aws-sdk-go-v2 tf_req_id=7977b6b5-07e5-6363-610a-529ccd880c1d http.request_content_length=156 tf_aws.signing_region="" tf_resource_type=aws_s3_bucket_notification http.request.header.x_amz_content_sha256=88f2e83f368ad7ee1b2859512539a8e91caea5a7fd35809bb7ae3733054bd897 @caller=github.com/hashicorp/aws-sdk-go-base/v2@v2.0.0-beta.65/logging/tf_logger.go:45 @module=aws net.peer.name=waste-classifier-dev-raw.s3.amazonaws.com rpc.system=aws-api http.request.header.authorization="AWS4-HMAC-SHA256 Credential=ASIA************3UTS/20260515/us-east-1/s3/aws4_request, SignedHeaders=accept-encoding;amz-sdk-invocation-id;amz-sdk-request;content-length;content-type;host;x-amz-content-sha256;x-amz-date;x-amz-security-token, Signature=*****" timestamp=2026-05-15T17:36:53.589-0600
2026-05-15T17:36:53.985-0600 [DEBUG] provider.terraform-provider-aws_v5.100.0_x5: HTTP Response Received: @module=aws http.response.header.content_type=application/xml http.response.header.date="Fri, 15 May 2026 23:36:53 GMT"
  http.response.body=
  | <?xml version="1.0" encoding="UTF-8"?>
  | <Error><Code>NoSuchBucket</Code><Message>The specified bucket does not exist</Message><BucketName>waste-classifier-dev-raw</BucketName><RequestId>DCGD5SW28H9R7S88</RequestId><HostId>Ed2MDCUiFczaKeQx3sUR5yFgiJk+ybIcNZJ959KbGYJC7YsKY/3QYLIXq9XQSCq/g46BJ0AfHe8=</HostId></Error>
   http.response.header.server=AmazonS3 rpc.method=PutBucketNotificationConfiguration rpc.service=S3 tf_aws.signing_region="" tf_mux_provider="*schema.GRPCProviderServer" tf_provider_addr=registry.terraform.io/hashicorp/aws http.response.header.x_amz_request_id=DCGD5SW28H9R7S88 http.duration=395 rpc.system=aws-api tf_req_id=7977b6b5-07e5-6363-610a-529ccd880c1d tf_resource_type=aws_s3_bucket_notification tf_rpc=ApplyResourceChange aws.region=aws-global tf_aws.sdk=aws-sdk-go-v2 http.response.header.x_amz_id_2="Ed2MDCUiFczaKeQx3sUR5yFgiJk+ybIcNZJ959KbGYJC7YsKY/3QYLIXq9XQSCq/g46BJ0AfHe8=" http.status_code=404 @caller=github.com/hashicorp/aws-sdk-go-base/v2@v2.0.0-beta.65/logging/tf_logger.go:45 timestamp=2026-05-15T17:36:53.985-0600
2026-05-15T17:36:53.985-0600 [DEBUG] provider.terraform-provider-aws_v5.100.0_x5: request failed with unretryable error https response error StatusCode: 404, RequestID: DCGD5SW28H9R7S88, HostID: Ed2MDCUiFczaKeQx3sUR5yFgiJk+ybIcNZJ959KbGYJC7YsKY/3QYLIXq9XQSCq/g46BJ0AfHe8=, api error NoSuchBucket: The specified bucket does not exist: rpc.system=aws-api tf_aws.sdk=aws-sdk-go-v2 tf_mux_provider="*schema.GRPCProviderServer" tf_req_id=7977b6b5-07e5-6363-610a-529ccd880c1d aws.region=aws-global rpc.method=PutBucketNotificationConfiguration tf_provider_addr=registry.terraform.io/hashicorp/aws tf_rpc=ApplyResourceChange @module=aws rpc.service=S3 tf_resource_type=aws_s3_bucket_notification @caller=github.com/hashicorp/aws-sdk-go-base/v2@v2.0.0-beta.65/logging/tf_logger.go:45 timestamp=2026-05-15T17:36:53.985-0600
[0m[1maws_s3_bucket_notification.raw_bucket_notifications: Still creating... [01m30s elapsed][0m[0m
2026-05-15T17:37:03.989-0600 [DEBUG] provider.terraform-provider-aws_v5.100.0_x5: HTTP Request Sent:
  http.request.body=
  | <NotificationConfiguration xmlns="http://s3.amazonaws.com/doc/2006-03-01/"><EventBridgeConfiguration></EventBridgeConfiguration></NotificationConfiguration>
   http.request.header.content_type=application/xml http.user_agent="APN/1.0 HashiCorp/1.0 Terraform/1.14.8 (+https://www.terraform.io) terraform-provider-aws/5.100.0 (+https://registry.terraform.io/providers/hashicorp/aws) aws-sdk-go-v2/1.36.3 ua/2.1 os/linux lang/go#1.23.10 md/GOOS#linux md/GOARCH#amd64 api/s3#1.80.1 m/g" http.request.header.x_amz_date=20260515T233703Z http.request.header.accept_encoding=identity http.request.header.amz_sdk_request="attempt=1; max=25" http.request.header.authorization="AWS4-HMAC-SHA256 Credential=ASIA************3UTS/20260515/us-east-1/s3/aws4_request, SignedHeaders=accept-encoding;amz-sdk-invocation-id;amz-sdk-request;content-length;content-type;host;x-amz-content-sha256;x-amz-date;x-amz-security-token, Signature=*****" rpc.system=aws-api tf_mux_provider="*schema.GRPCProviderServer" rpc.method=PutBucketNotificationConfiguration http.request.header.x_amz_content_sha256=88f2e83f368ad7ee1b2859512539a8e91caea5a7fd35809bb7ae3733054bd897 http.request_content_length=156 tf_resource_type=aws_s3_bucket_notification tf_aws.signing_region="" tf_req_id=7977b6b5-07e5-6363-610a-529ccd880c1d aws.region=aws-global http.method=PUT http.request.header.amz_sdk_invocation_id=c89ae885-2bbc-4b1a-9f3b-ac35c94aabe8 http.request.header.x_amz_security_token="*****" net.peer.name=waste-classifier-dev-raw.s3.amazonaws.com tf_aws.sdk=aws-sdk-go-v2 @caller=github.com/hashicorp/aws-sdk-go-base/v2@v2.0.0-beta.65/logging/tf_logger.go:45 @module=aws http.url=https://waste-classifier-dev-raw.s3.amazonaws.com/?notification= tf_rpc=ApplyResourceChange rpc.service=S3 tf_provider_addr=registry.terraform.io/hashicorp/aws timestamp=2026-05-15T17:37:03.989-0600
2026-05-15T17:37:04.328-0600 [DEBUG] provider.terraform-provider-aws_v5.100.0_x5: HTTP Response Received: http.status_code=404 tf_mux_provider="*schema.GRPCProviderServer" tf_provider_addr=registry.terraform.io/hashicorp/aws tf_resource_type=aws_s3_bucket_notification tf_rpc=ApplyResourceChange @caller=github.com/hashicorp/aws-sdk-go-base/v2@v2.0.0-beta.65/logging/tf_logger.go:45 rpc.method=PutBucketNotificationConfiguration rpc.system=aws-api @module=aws http.response.header.x_amz_id_2="6HDwLZGl902nXXIyoQAHmf0aJ6xShPQpcb2/8xQ8MG9r08A1fN4x2Be28XF+39Cf7VHA3E95SuaVk3dCeX0W5G9z1FrN48wt" tf_req_id=7977b6b5-07e5-6363-610a-529ccd880c1d aws.region=aws-global http.duration=338
  http.response.body=
  | <?xml version="1.0" encoding="UTF-8"?>
  | <Error><Code>NoSuchBucket</Code><Message>The specified bucket does not exist</Message><BucketName>waste-classifier-dev-raw</BucketName><RequestId>79ACH98K21SBAC4D</RequestId><HostId>6HDwLZGl902nXXIyoQAHmf0aJ6xShPQpcb2/8xQ8MG9r08A1fN4x2Be28XF+39Cf7VHA3E95SuaVk3dCeX0W5G9z1FrN48wt</HostId></Error>
   http.response.header.content_type=application/xml http.response.header.date="Fri, 15 May 2026 23:37:03 GMT" rpc.service=S3 tf_aws.sdk=aws-sdk-go-v2 tf_aws.signing_region="" http.response.header.server=AmazonS3 http.response.header.x_amz_request_id=79ACH98K21SBAC4D timestamp=2026-05-15T17:37:04.327-0600
2026-05-15T17:37:04.328-0600 [DEBUG] provider.terraform-provider-aws_v5.100.0_x5: request failed with unretryable error https response error StatusCode: 404, RequestID: 79ACH98K21SBAC4D, HostID: 6HDwLZGl902nXXIyoQAHmf0aJ6xShPQpcb2/8xQ8MG9r08A1fN4x2Be28XF+39Cf7VHA3E95SuaVk3dCeX0W5G9z1FrN48wt, api error NoSuchBucket: The specified bucket does not exist: tf_req_id=7977b6b5-07e5-6363-610a-529ccd880c1d rpc.system=aws-api tf_aws.sdk=aws-sdk-go-v2 tf_mux_provider="*schema.GRPCProviderServer" tf_rpc=ApplyResourceChange @caller=github.com/hashicorp/aws-sdk-go-base/v2@v2.0.0-beta.65/logging/tf_logger.go:45 aws.region=aws-global rpc.service=S3 tf_provider_addr=registry.terraform.io/hashicorp/aws rpc.method=PutBucketNotificationConfiguration tf_resource_type=aws_s3_bucket_notification @module=aws timestamp=2026-05-15T17:37:04.328-0600
[0m[1maws_s3_bucket_notification.raw_bucket_notifications: Still creating... [01m40s elapsed][0m[0m
2026-05-15T17:37:14.332-0600 [DEBUG] provider.terraform-provider-aws_v5.100.0_x5: HTTP Request Sent: http.request.header.amz_sdk_invocation_id=bbc2aca7-06cc-4e8b-86e7-81178bbf0022 http.request.header.authorization="AWS4-HMAC-SHA256 Credential=ASIA************3UTS/20260515/us-east-1/s3/aws4_request, SignedHeaders=accept-encoding;amz-sdk-invocation-id;amz-sdk-request;content-length;content-type;host;x-amz-content-sha256;x-amz-date;x-amz-security-token, Signature=*****" http.request.header.amz_sdk_request="attempt=1; max=25" http.request.header.x_amz_content_sha256=88f2e83f368ad7ee1b2859512539a8e91caea5a7fd35809bb7ae3733054bd897 rpc.service=S3 tf_provider_addr=registry.terraform.io/hashicorp/aws
  http.request.body=
  | <NotificationConfiguration xmlns="http://s3.amazonaws.com/doc/2006-03-01/"><EventBridgeConfiguration></EventBridgeConfiguration></NotificationConfiguration>
   http.request.header.content_type=application/xml tf_mux_provider="*schema.GRPCProviderServer" @module=aws http.request_content_length=156 rpc.method=PutBucketNotificationConfiguration tf_aws.signing_region="" tf_rpc=ApplyResourceChange net.peer.name=waste-classifier-dev-raw.s3.amazonaws.com http.url=https://waste-classifier-dev-raw.s3.amazonaws.com/?notification= tf_aws.sdk=aws-sdk-go-v2 @caller=github.com/hashicorp/aws-sdk-go-base/v2@v2.0.0-beta.65/logging/tf_logger.go:45 http.request.header.x_amz_date=20260515T233714Z http.request.header.x_amz_security_token="*****" http.user_agent="APN/1.0 HashiCorp/1.0 Terraform/1.14.8 (+https://www.terraform.io) terraform-provider-aws/5.100.0 (+https://registry.terraform.io/providers/hashicorp/aws) aws-sdk-go-v2/1.36.3 ua/2.1 os/linux lang/go#1.23.10 md/GOOS#linux md/GOARCH#amd64 api/s3#1.80.1 m/g" rpc.system=aws-api tf_resource_type=aws_s3_bucket_notification tf_req_id=7977b6b5-07e5-6363-610a-529ccd880c1d aws.region=aws-global http.method=PUT http.request.header.accept_encoding=identity timestamp=2026-05-15T17:37:14.330-0600
2026-05-15T17:37:14.646-0600 [DEBUG] provider.terraform-provider-aws_v5.100.0_x5: HTTP Response Received: aws.region=aws-global http.duration=315 http.response.header.server=AmazonS3 http.response.header.x_amz_request_id=JFXJWQN967W80X21 tf_aws.signing_region="" tf_provider_addr=registry.terraform.io/hashicorp/aws @caller=github.com/hashicorp/aws-sdk-go-base/v2@v2.0.0-beta.65/logging/tf_logger.go:45 @module=aws http.response.header.content_type=application/xml http.status_code=404 tf_aws.sdk=aws-sdk-go-v2 tf_rpc=ApplyResourceChange http.response.header.date="Fri, 15 May 2026 23:37:14 GMT" rpc.service=S3 rpc.system=aws-api tf_mux_provider="*schema.GRPCProviderServer"
  http.response.body=
  | <?xml version="1.0" encoding="UTF-8"?>
  | <Error><Code>NoSuchBucket</Code><Message>The specified bucket does not exist</Message><BucketName>waste-classifier-dev-raw</BucketName><RequestId>JFXJWQN967W80X21</RequestId><HostId>rqHcQGHgJO7D8aoNbYNL6MCvuFBswHvl17StYlFrae5BtupPi1O3es0RztdaDaz0QQKmcZp24EsOVyhl4ohliII1WN37tfOD</HostId></Error>
   http.response.header.x_amz_id_2=rqHcQGHgJO7D8aoNbYNL6MCvuFBswHvl17StYlFrae5BtupPi1O3es0RztdaDaz0QQKmcZp24EsOVyhl4ohliII1WN37tfOD rpc.method=PutBucketNotificationConfiguration tf_req_id=7977b6b5-07e5-6363-610a-529ccd880c1d tf_resource_type=aws_s3_bucket_notification timestamp=2026-05-15T17:37:14.645-0600
2026-05-15T17:37:14.646-0600 [DEBUG] provider.terraform-provider-aws_v5.100.0_x5: request failed with unretryable error https response error StatusCode: 404, RequestID: JFXJWQN967W80X21, HostID: rqHcQGHgJO7D8aoNbYNL6MCvuFBswHvl17StYlFrae5BtupPi1O3es0RztdaDaz0QQKmcZp24EsOVyhl4ohliII1WN37tfOD, api error NoSuchBucket: The specified bucket does not exist: aws.region=aws-global rpc.system=aws-api tf_provider_addr=registry.terraform.io/hashicorp/aws tf_resource_type=aws_s3_bucket_notification tf_aws.sdk=aws-sdk-go-v2 tf_mux_provider="*schema.GRPCProviderServer" @caller=github.com/hashicorp/aws-sdk-go-base/v2@v2.0.0-beta.65/logging/tf_logger.go:45 rpc.method=PutBucketNotificationConfiguration tf_req_id=7977b6b5-07e5-6363-610a-529ccd880c1d tf_rpc=ApplyResourceChange @module=aws rpc.service=S3 timestamp=2026-05-15T17:37:14.646-0600
[0m[1maws_s3_bucket_notification.raw_bucket_notifications: Still creating... [01m50s elapsed][0m[0m
2026-05-15T17:37:24.647-0600 [DEBUG] provider.terraform-provider-aws_v5.100.0_x5: HTTP Request Sent:
  http.request.body=
  | <NotificationConfiguration xmlns="http://s3.amazonaws.com/doc/2006-03-01/"><EventBridgeConfiguration></EventBridgeConfiguration></NotificationConfiguration>
   http.user_agent="APN/1.0 HashiCorp/1.0 Terraform/1.14.8 (+https://www.terraform.io) terraform-provider-aws/5.100.0 (+https://registry.terraform.io/providers/hashicorp/aws) aws-sdk-go-v2/1.36.3 ua/2.1 os/linux lang/go#1.23.10 md/GOOS#linux md/GOARCH#amd64 api/s3#1.80.1 m/g" http.method=PUT rpc.system=aws-api tf_req_id=7977b6b5-07e5-6363-610a-529ccd880c1d tf_rpc=ApplyResourceChange @caller=github.com/hashicorp/aws-sdk-go-base/v2@v2.0.0-beta.65/logging/tf_logger.go:45 http.request.header.amz_sdk_invocation_id=401121d9-178c-40fa-8ebc-2a49b17e8ec2 http.request.header.amz_sdk_request="attempt=1; max=25" http.request.header.authorization="AWS4-HMAC-SHA256 Credential=ASIA************3UTS/20260515/us-east-1/s3/aws4_request, SignedHeaders=accept-encoding;amz-sdk-invocation-id;amz-sdk-request;content-length;content-type;host;x-amz-content-sha256;x-amz-date;x-amz-security-token, Signature=*****" http.url=https://waste-classifier-dev-raw.s3.amazonaws.com/?notification= http.request.header.content_type=application/xml http.request.header.x_amz_content_sha256=88f2e83f368ad7ee1b2859512539a8e91caea5a7fd35809bb7ae3733054bd897 http.request_content_length=156 tf_aws.sdk=aws-sdk-go-v2 tf_provider_addr=registry.terraform.io/hashicorp/aws tf_resource_type=aws_s3_bucket_notification @module=aws aws.region=aws-global http.request.header.x_amz_date=20260515T233724Z http.request.header.x_amz_security_token="*****" net.peer.name=waste-classifier-dev-raw.s3.amazonaws.com http.request.header.accept_encoding=identity tf_aws.signing_region="" tf_mux_provider="*schema.GRPCProviderServer" rpc.method=PutBucketNotificationConfiguration rpc.service=S3 timestamp=2026-05-15T17:37:24.646-0600
2026-05-15T17:37:24.973-0600 [DEBUG] provider.terraform-provider-aws_v5.100.0_x5: HTTP Response Received: aws.region=aws-global
  http.response.body=
  | <?xml version="1.0" encoding="UTF-8"?>
  | <Error><Code>NoSuchBucket</Code><Message>The specified bucket does not exist</Message><BucketName>waste-classifier-dev-raw</BucketName><RequestId>FZRN22QN4HTQSQ1N</RequestId><HostId>LtMV+Ks9hRMQa9oHS98530Qslpqrpu5yKz+3YPnHuEbxG+Ry5D4w19tFrXMiPIHFvUYh1oYacYd6rpUCmeO8Q0uHi0Uz7n8M</HostId></Error>
   http.status_code=404 rpc.method=PutBucketNotificationConfiguration rpc.service=S3 rpc.system=aws-api tf_aws.sdk=aws-sdk-go-v2 http.response.header.server=AmazonS3 http.response.header.x_amz_request_id=FZRN22QN4HTQSQ1N tf_aws.signing_region="" tf_mux_provider="*schema.GRPCProviderServer" tf_provider_addr=registry.terraform.io/hashicorp/aws tf_req_id=7977b6b5-07e5-6363-610a-529ccd880c1d @caller=github.com/hashicorp/aws-sdk-go-base/v2@v2.0.0-beta.65/logging/tf_logger.go:45 http.response.header.date="Fri, 15 May 2026 23:37:24 GMT" tf_resource_type=aws_s3_bucket_notification tf_rpc=ApplyResourceChange @module=aws http.duration=326 http.response.header.content_type=application/xml http.response.header.x_amz_id_2="LtMV+Ks9hRMQa9oHS98530Qslpqrpu5yKz+3YPnHuEbxG+Ry5D4w19tFrXMiPIHFvUYh1oYacYd6rpUCmeO8Q0uHi0Uz7n8M" timestamp=2026-05-15T17:37:24.973-0600
2026-05-15T17:37:24.973-0600 [DEBUG] provider.terraform-provider-aws_v5.100.0_x5: request failed with unretryable error https response error StatusCode: 404, RequestID: FZRN22QN4HTQSQ1N, HostID: LtMV+Ks9hRMQa9oHS98530Qslpqrpu5yKz+3YPnHuEbxG+Ry5D4w19tFrXMiPIHFvUYh1oYacYd6rpUCmeO8Q0uHi0Uz7n8M, api error NoSuchBucket: The specified bucket does not exist: tf_req_id=7977b6b5-07e5-6363-610a-529ccd880c1d tf_resource_type=aws_s3_bucket_notification aws.region=aws-global tf_aws.sdk=aws-sdk-go-v2 rpc.service=S3 tf_provider_addr=registry.terraform.io/hashicorp/aws @module=aws rpc.system=aws-api tf_mux_provider="*schema.GRPCProviderServer" tf_rpc=ApplyResourceChange @caller=github.com/hashicorp/aws-sdk-go-base/v2@v2.0.0-beta.65/logging/tf_logger.go:45 rpc.method=PutBucketNotificationConfiguration timestamp=2026-05-15T17:37:24.973-0600
2026-05-15T17:37:30.760-0600 [WARN]  provider.terraform-provider-aws_v5.100.0_x5: [WARN] WaitForState timeout after 2m0s
2026-05-15T17:37:30.761-0600 [WARN]  provider.terraform-provider-aws_v5.100.0_x5: [WARN] WaitForState starting 30s refresh grace period
2026-05-15T17:37:30.761-0600 [ERROR] provider.terraform-provider-aws_v5.100.0_x5: Response contains error diagnostic: @caller=github.com/hashicorp/terraform-plugin-go@v0.26.0/tfprotov5/internal/diag/diagnostics.go:58 @module=sdk.proto diagnostic_severity=ERROR tf_resource_type=aws_s3_bucket_notification diagnostic_detail="" diagnostic_summary="creating S3 Bucket (waste-classifier-dev-raw) Notification: operation error S3: PutBucketNotificationConfiguration, https response error StatusCode: 404, RequestID: FZRN22QN4HTQSQ1N, HostID: LtMV+Ks9hRMQa9oHS98530Qslpqrpu5yKz+3YPnHuEbxG+Ry5D4w19tFrXMiPIHFvUYh1oYacYd6rpUCmeO8Q0uHi0Uz7n8M, api error NoSuchBucket: The specified bucket does not exist" tf_proto_version=5.8 tf_provider_addr=registry.terraform.io/hashicorp/aws tf_req_id=7977b6b5-07e5-6363-610a-529ccd880c1d tf_rpc=ApplyResourceChange timestamp=2026-05-15T17:37:30.760-0600
2026-05-15T17:37:30.764-0600 [ERROR] vertex "aws_s3_bucket_notification.raw_bucket_notifications" error: creating S3 Bucket (waste-classifier-dev-raw) Notification: operation error S3: PutBucketNotificationConfiguration, https response error StatusCode: 404, RequestID: FZRN22QN4HTQSQ1N, HostID: LtMV+Ks9hRMQa9oHS98530Qslpqrpu5yKz+3YPnHuEbxG+Ry5D4w19tFrXMiPIHFvUYh1oYacYd6rpUCmeO8Q0uHi0Uz7n8M, api error NoSuchBucket: The specified bucket does not exist
[31m╷[0m[0m
[31m│[0m [0m[1m[31mError: [0m[0m[1mcreating S3 Bucket (waste-classifier-dev-raw) Notification: operation error S3: PutBucketNotificationConfiguration, https response error StatusCode: 404, RequestID: FZRN22QN4HTQSQ1N, HostID: LtMV+Ks9hRMQa9oHS98530Qslpqrpu5yKz+3YPnHuEbxG+Ry5D4w19tFrXMiPIHFvUYh1oYacYd6rpUCmeO8Q0uHi0Uz7n8M, api error NoSuchBucket: The specified bucket does not exist[0m
[31m│[0m [0m
[31m│[0m [0m[0m  with aws_s3_bucket_notification.raw_bucket_notifications,
[31m│[0m [0m  on orchestration.tf line 278, in resource "aws_s3_bucket_notification" "raw_bucket_notifications":
[31m│[0m [0m 278: resource "aws_s3_bucket_notification" "raw_bucket_notifications" [4m{[0m[0m
[31m│[0m [0m
[31m╵[0m[0m
[31m╷[0m[0m
[31m│[0m [0m[1m[31mError: [0m[0m[1mcreating Glue Catalog Database (waste-classifier_dev_catalog): operation error Glue: CreateDatabase, https response error StatusCode: 400, RequestID: b6615d70-8b72-407b-9461-741329059015, AlreadyExistsException: Database already exists.[0m
[31m│[0m [0m
[31m│[0m [0m[0m  with module.data_eng.aws_glue_catalog_database.main,
[31m│[0m [0m  on data-eng/main.tf line 88, in resource "aws_glue_catalog_database" "main":
[31m│[0m [0m  88: resource "aws_glue_catalog_database" "main" [4m{[0m[0m
[31m│[0m [0m
[31m╵[0m[0m
[31m╷[0m[0m
[31m│[0m [0m[1m[31mError: [0m[0m[1mcreating Glue Job (waste-classifier-dev-image-resize): operation error Glue: CreateJob, https response error StatusCode: 400, RequestID: 6f94f7ef-3a5e-438c-bf9d-7bb23bbd321c, IdempotentParameterMismatchException: Job already submitted with different configuration.[0m
[31m│[0m [0m
[31m│[0m [0m[0m  with module.data_eng.aws_glue_job.image_resize,
[31m│[0m [0m  on data-eng/main.tf line 158, in resource "aws_glue_job" "image_resize":
[31m│[0m [0m 158: resource "aws_glue_job" "image_resize" [4m{[0m[0m
[31m│[0m [0m
[31m╵[0m[0m
[31m╷[0m[0m
[31m│[0m [0m[1m[31mError: [0m[0m[1mcreating S3 Bucket (waste-classifier-dev-raw-v3): BucketAlreadyExists[0m
[31m│[0m [0m
[31m│[0m [0m[0m  with module.storage.aws_s3_bucket.raw,
[31m│[0m [0m  on storage/main.tf line 9, in resource "aws_s3_bucket" "raw":
[31m│[0m [0m   9: resource "aws_s3_bucket" "raw" [4m{[0m[0m
[31m│[0m [0m
[31m╵[0m[0m
[31m╷[0m[0m
[31m│[0m [0m[1m[31mError: [0m[0m[1mcreating S3 Bucket (waste-classifier-dev-processed-v3): BucketAlreadyExists[0m
[31m│[0m [0m
[31m│[0m [0m[0m  with module.storage.aws_s3_bucket.processed,
[31m│[0m [0m  on storage/main.tf line 15, in resource "aws_s3_bucket" "processed":
[31m│[0m [0m  15: resource "aws_s3_bucket" "processed" [4m{[0m[0m
[31m│[0m [0m
[31m╵[0m[0m
[31m╷[0m[0m
[31m│[0m [0m[1m[31mError: [0m[0m[1mcreating S3 Bucket (waste-classifier-dev-code-v3): BucketAlreadyExists[0m
[31m│[0m [0m
[31m│[0m [0m[0m  with module.storage.aws_s3_bucket.code,
[31m│[0m [0m  on storage/main.tf line 21, in resource "aws_s3_bucket" "code":
[31m│[0m [0m  21: resource "aws_s3_bucket" "code" [4m{[0m[0m
[31m│[0m [0m
[31m╵[0m[0m
2026-05-15T17:37:30.775-0600 [DEBUG] provider.stdio: received EOF, stopping recv loop: err="rpc error: code = Unavailable desc = error reading from server: EOF"
2026-05-15T17:37:30.793-0600 [INFO]  provider: plugin process exited: plugin=.terraform/providers/registry.terraform.io/hashicorp/aws/5.100.0/linux_amd64/terraform-provider-aws_v5.100.0_x5 id=12192
2026-05-15T17:37:30.795-0600 [DEBUG] provider: plugin exited
